canonical_url,archive_url,status,bytes,sha256,content_type,error
http://clash.y0.pl/,https://web.archive.org/web/20170426085203id_/http://clash.y0.pl:80/,downloaded,321986,dae7b867b8cdb5ad941577271b762f52b1bf6743636bc7dd7873f884507d25b3,text/html; charset=utf-8,
http://clash.y0.pl/adresy-budynkow/,https://web.archive.org/web/20191112222008id_/http://clash.y0.pl/adresy-budynkow/,downloaded,32436,a75e17b89b20c054a29c19a8f3a060897b1e92efb57d535b0f1d65c53ca6261f,text/html; charset=UTF-8,
http://clash.y0.pl/adresy-jednostek/,https://web.archive.org/web/20191112222208id_/http://clash.y0.pl/adresy-jednostek/,downloaded,325692,b7c473c8011d474fa1a7652571123a8357c5d434d6bd19e2e280d81b04a2cf2f,text/html; charset=UTF-8,
http://clash.y0.pl/adresy-zachcianek-krolowej/,https://web.archive.org/web/20191112222151id_/http://clash.y0.pl/adresy-zachcianek-krolowej/,downloaded,37878,aebaa3a070eb8d37e9ecb315bb22b85be0542fc75cffb48697110c76da99a166,text/html; charset=UTF-8,
http://clash.y0.pl/aktualnosci/,https://web.archive.org/web/20180806163744id_/http://clash.y0.pl:80/aktualnosci/,downloaded,39784,7aaed492b33526bea676f2d8fe1547cbe707f8e55be2e098e828d951f21447e0,text/html; charset=UTF-8,
http://clash.y0.pl/author/boghute_ara/,https://web.archive.org/web/20210618181238id_/http://clash.y0.pl/author/boghute_ara/,downloaded,20874,e53b7de6d978cd1fcea422fe5a4ee9b77b797cf2992dfedbad4393de9f8517e8,text/html; charset=UTF-8,
http://clash.y0.pl/budowanie/,https://web.archive.org/web/20180813064701id_/http://clash.y0.pl:80/budowanie/,downloaded,24552,4daf7d7d5790f4e95c9146503e0729e632a62b30e49f04a84f1b33cb5f6ea1f6,text/html; charset=UTF-8,
http://clash.y0.pl/chlopi-i-podatki/,https://web.archive.org/web/20180813064706id_/http://clash.y0.pl:80/chlopi-i-podatki/,downloaded,22574,abd0371938454f00e5ad6c84a5c10360b3d2d9599de0ad19d17cb688c1a2a21f,text/html; charset=UTF-8,
http://clash.y0.pl/clash-deluxe/,https://web.archive.org/web/20180808183527id_/http://clash.y0.pl:80/clash-deluxe/,downloaded,95485,b8564eeb47534d234935af79c897245f3e9e0fb1d97b789a49fb615e28ce74f2,text/html; charset=UTF-8,
http://clash.y0.pl/clash-pod-dosbox/,https://web.archive.org/web/20180806153543id_/http://clash.y0.pl:80/clash-pod-dosbox/,downloaded,26837,2bf6e1d5344f0e0ce40389930fe82258df4c1fcd8db4d78f01e6b42611a21955,text/html; charset=UTF-8,
http://clash.y0.pl/comments/feed/,https://web.archive.org/web/20180813064842id_/http://clash.y0.pl:80/comments/feed/,downloaded,1667,7378aa3ef0138cfd5df704d3c6b189e316da07e380c80db6518df6e3ca154b53,application/rss+xml; charset=UTF-8,
http://clash.y0.pl/download/,https://web.archive.org/web/20180806153217id_/http://clash.y0.pl:80/download/,downloaded,24551,30dc2e8728bd281d4c5f6c5d33703426d0ec60e0e45349f373c86158aec79b60,text/html; charset=UTF-8,
http://clash.y0.pl/dowodca/,https://web.archive.org/web/20180813064853id_/http://clash.y0.pl:80/dowodca/,downloaded,21076,3ec564807ead760671144faac29c837fe577932b2d7bb4955ef1edfddc5eb28b,text/html; charset=UTF-8,
http://clash.y0.pl/feed/,https://web.archive.org/web/20180813064716id_/http://clash.y0.pl:80/feed/,downloaded,1765,ddd9951460bb48ab24a2e4847a957b683e5ae5667657f87561882e517768a86c,application/rss+xml; charset=UTF-8,
http://clash.y0.pl/index.php/jednostki.html,https://web.archive.org/web/20170425140755id_/http://clash.y0.pl:80/index.php/jednostki.html,downloaded,3117872,271a3b445b1076b37c82645eb54ebbdf51fd8fdba11bef82a88c15ddccc40d80,text/html; charset=utf-8,
http://clash.y0.pl/index.php/mury.html,https://web.archive.org/web/20170427040331id_/http://clash.y0.pl:80/index.php/mury.html,downloaded,272480,61aad92a6d334fec0331ba6708185d45aa168e3a045511bf274f6a82819f66df,text/html; charset=utf-8,
http://clash.y0.pl/index.php/port.html,https://web.archive.org/web/20170427030025id_/http://clash.y0.pl:80/index.php/port.html,error,0,,,URLError: <urlopen error [Errno 111] Connection refused>
http://clash.y0.pl/index.php/zasadzka.html,https://web.archive.org/web/20170424231706id_/http://clash.y0.pl:80/index.php/zasadzka.html,error,0,,,URLError: <urlopen error [Errno 111] Connection refused>
http://clash.y0.pl/jednostki/,https://web.archive.org/web/20180813064721id_/http://clash.y0.pl:80/jednostki/,error,0,,,URLError: <urlopen error [Errno 111] Connection refused>
http://clash.y0.pl/kampania/,https://web.archive.org/web/20180813065258id_/http://clash.y0.pl:80/kampania/,error,0,,,URLError: <urlopen error [Errno 111] Connection refused>
http://clash.y0.pl/kody/,https://web.archive.org/web/20180813064726id_/http://clash.y0.pl:80/kody/,error,0,,,URLError: <urlopen error [Errno 111] Connection refused>
http://clash.y0.pl/kontakt/,https://web.archive.org/web/20180813064731id_/http://clash.y0.pl:80/kontakt/,error,0,,,URLError: <urlopen error [Errno 111] Connection refused>
http://clash.y0.pl/kopanie-skarbow/,https://web.archive.org/web/20180813065304id_/http://clash.y0.pl:80/kopanie-skarbow/,error,0,,,URLError: <urlopen error [Errno 111] Connection refused>
http://clash.y0.pl/krolowa/,https://web.archive.org/web/20180813065309id_/http://clash.y0.pl:80/krolowa/,error,0,,,URLError: <urlopen error [Errno 111] Connection refused>
http://clash.y0.pl/misje/,https://web.archive.org/web/20180813064736id_/http://clash.y0.pl:80/misje/,error,0,,,URLError: <urlopen error [Errno 111] Connection refused>
http://clash.y0.pl/morale/,https://web.archive.org/web/20180813064742id_/http://clash.y0.pl:80/morale/,error,0,,,URLError: <urlopen error [Errno 111] Connection refused>
http://clash.y0.pl/mury/,https://web.archive.org/web/20180813064746id_/http://clash.y0.pl:80/mury/,error,0,,,URLError: <urlopen error [Errno 111] Connection refused>
http://clash.y0.pl/poczatek-rozgrywki/,https://web.archive.org/web/20180813064751id_/http://clash.y0.pl:80/poczatek-rozgrywki/,error,0,,,URLError: <urlopen error [Errno 111] Connection refused>
http://clash.y0.pl/port/,https://web.archive.org/web/20180813065314id_/http://clash.y0.pl:80/port/,error,0,,,URLError: <urlopen error [Errno 111] Connection refused>
http://clash.y0.pl/poziomy-technologiczne/,https://web.archive.org/web/20180813065319id_/http://clash.y0.pl:80/poziomy-technologiczne/,error,0,,,URLError: <urlopen error [Errno 111] Connection refused>
http://clash.y0.pl/pulapka/,https://web.archive.org/web/20180813064756id_/http://clash.y0.pl:80/pulapka/,error,0,,,URLError: <urlopen error [Errno 111] Connection refused>
http://clash.y0.pl/robots.txt,https://web.archive.org/web/20170721132440id_/http://clash.y0.pl/robots.txt,downloaded,100,859dd670c676f9b50a2502fa69fc15b5dacfae79026f97b3805f4a096b67c2fd,text/plain,
http://clash.y0.pl/rozgrywka/,https://web.archive.org/web/20191112222225id_/http://clash.y0.pl/rozgrywka/,error,0,,,URLError: <urlopen error [Errno 111] Connection refused>
http://clash.y0.pl/status/,https://web.archive.org/web/20180813064801id_/http://clash.y0.pl:80/status/,error,0,,,URLError: <urlopen error [Errno 111] Connection refused>
http://clash.y0.pl/swiatynie-i-miejsca-kultu/,https://web.archive.org/web/20180813065324id_/http://clash.y0.pl:80/swiatynie-i-miejsca-kultu/,error,0,,,URLError: <urlopen error [Errno 111] Connection refused>
http://clash.y0.pl/tereny/,https://web.archive.org/web/20180813065329id_/http://clash.y0.pl:80/tereny/,error,0,,,URLError: <urlopen error [Errno 111] Connection refused>
http://clash.y0.pl/walka/,https://web.archive.org/web/20180813065334id_/http://clash.y0.pl:80/walka/,error,0,,,URLError: <urlopen error [Errno 111] Connection refused>
http://clash.y0.pl/wp-content/themes/creattica/css/lightSlider.min.css?ver=1.1.0,https://web.archive.org/web/20250831160547id_/http://clash.y0.pl/wp-content/themes/creattica/css/lightSlider.min.css?ver=1.1.0,error,0,,,URLError: <urlopen error [Errno 111] Connection refused>
http://clash.y0.pl/wp-content/themes/creattica/hybrid/css/gallery.min.css?ver=4.0.0,https://web.archive.org/web/20250831160659id_/http://clash.y0.pl/wp-content/themes/creattica/hybrid/css/gallery.min.css?ver=4.0.0,error,0,,,URLError: <urlopen error [Errno 111] Connection refused>
http://clash.y0.pl/wp-content/themes/creattica/hybrid/extend/css/font-awesome.min.css?ver=5.15.4,https://web.archive.org/web/20250831160703id_/http://clash.y0.pl/wp-content/themes/creattica/hybrid/extend/css/font-awesome.min.css?ver=5.15.4,error,0,,,URLError: <urlopen error [Errno 111] Connection refused>
http://clash.y0.pl/wp-content/themes/creattica/hybrid/extend/css/webfonts/fa-brands-400.woff2,https://web.archive.org/web/20250831160622id_/http://clash.y0.pl/wp-content/themes/creattica/hybrid/extend/css/webfonts/fa-brands-400.woff2,error,0,,,URLError: <urlopen error [Errno 111] Connection refused>
http://clash.y0.pl/wp-content/themes/creattica/hybrid/extend/css/webfonts/fa-regular-400.woff2,https://web.archive.org/web/20250831160547id_/http://clash.y0.pl/wp-content/themes/creattica/hybrid/extend/css/webfonts/fa-regular-400.woff2,error,0,,,URLError: <urlopen error [Errno 111] Connection refused>
http://clash.y0.pl/wp-content/themes/creattica/hybrid/extend/css/webfonts/fa-solid-900.woff2,https://web.archive.org/web/20250831160547id_/http://clash.y0.pl/wp-content/themes/creattica/hybrid/extend/css/webfonts/fa-solid-900.woff2,error,0,,,URLError: <urlopen error [Errno 111] Connection refused>
http://clash.y0.pl/wp-content/themes/creattica/hybrid/extend/images/patterns/4.png,https://web.archive.org/web/20250831170502id_/http://clash.y0.pl/wp-content/themes/creattica/hybrid/extend/images/patterns/4.png,error,0,,,URLError: <urlopen error [Errno 111] Connection refused>
http://clash.y0.pl/wp-content/themes/creattica/include/blocks/wpblocks.css?ver=1.10.0,https://web.archive.org/web/20250831160703id_/http://clash.y0.pl/wp-content/themes/creattica/include/blocks/wpblocks.css?ver=1.10.0,error,0,,,URLError: <urlopen error [Errno 111] Connection refused>
http://clash.y0.pl/wp-content/themes/creattica/include/blocks/wpblocks.css?ver=1.11.0,https://web.archive.org/web/20250831160546id_/http://clash.y0.pl/wp-content/themes/creattica/include/blocks/wpblocks.css?ver=1.11.0,error,0,,,URLError: <urlopen error [Errno 111] Connection refused>
http://clash.y0.pl/wp-content/themes/creattica/include/blocks/wpblocks.css?ver=1.9.25,https://web.archive.org/web/20250831161138id_/http://clash.y0.pl/wp-content/themes/creattica/include/blocks/wpblocks.css?ver=1.9.25,error,0,,,URLError: <urlopen error [Errno 111] Connection refused>
http://clash.y0.pl/wp-content/themes/creattica/js/hoot.theme.min.js?ver=1.10.0,https://web.archive.org/web/20250831170456id_/http://clash.y0.pl/wp-content/themes/creattica/js/hoot.theme.min.js?ver=1.10.0,error,0,,,URLError: <urlopen error [Errno 111] Connection refused>
http://clash.y0.pl/wp-content/themes/creattica/js/hoot.theme.min.js?ver=1.11.0,https://web.archive.org/web/20250831160614id_/http://clash.y0.pl/wp-content/themes/creattica/js/hoot.theme.min.js?ver=1.11.0,error,0,,,URLError: <urlopen error [Errno 111] Connection refused>
http://clash.y0.pl/wp-content/themes/creattica/js/hoot.theme.min.js?ver=1.9.25,https://web.archive.org/web/20250831161201id_/http://clash.y0.pl/wp-content/themes/creattica/js/hoot.theme.min.js?ver=1.9.25,error,0,,,URLError: <urlopen error [Errno 111] Connection refused>
http://clash.y0.pl/wp-content/themes/creattica/js/jquery.fitvids.min.js?ver=1.1,https://web.archive.org/web/20250831160600id_/http://clash.y0.pl/wp-content/themes/creattica/js/jquery.fitvids.min.js?ver=1.1,error,0,,,URLError: <urlopen error [Errno 111] Connection refused>
http://clash.y0.pl/wp-content/themes/creattica/js/jquery.lightSlider.min.js?ver=1.1.1,https://web.archive.org/web/20250831170505id_/http://clash.y0.pl/wp-content/themes/creattica/js/jquery.lightSlider.min.js?ver=1.1.1,error,0,,,URLError: <urlopen error [Errno 111] Connection refused>
http://clash.y0.pl/wp-content/themes/creattica/js/jquery.parallax.min.js?ver=1.4.2,https://web.archive.org/web/20250831160607id_/http://clash.y0.pl/wp-content/themes/creattica/js/jquery.parallax.min.js?ver=1.4.2,error,0,,,URLError: <urlopen error [Errno 111] Connection refused>
http://clash.y0.pl/wp-content/themes/creattica/js/jquery.superfish.min.js?ver=1.7.5,https://web.archive.org/web/20250831161200id_/http://clash.y0.pl/wp-content/themes/creattica/js/jquery.superfish.min.js?ver=1.7.5,error,0,,,URLError: <urlopen error [Errno 111] Connection refused>
http://clash.y0.pl/wp-content/themes/creattica/js/modernizr.custom.min.js?ver=2.8.3,https://web.archive.org/web/20250831160704id_/http://clash.y0.pl/wp-content/themes/creattica/js/modernizr.custom.min.js?ver=2.8.3,error,0,,,URLError: <urlopen error [Errno 111] Connection refused>
http://clash.y0.pl/wp-content/themes/creattica/style.min.css?ver=1.10.0,https://web.archive.org/web/20250831160702id_/http://clash.y0.pl/wp-content/themes/creattica/style.min.css?ver=1.10.0,error,0,,,URLError: <urlopen error [Errno 111] Connection refused>
http://clash.y0.pl/wp-content/themes/creattica/style.min.css?ver=1.9.25,https://web.archive.org/web/20250831161135id_/http://clash.y0.pl/wp-content/themes/creattica/style.min.css?ver=1.9.25,error,0,,,URLError: <urlopen error [Errno 111] Connection refused>
http://clash.y0.pl/wp-content/uploads/2017/12/Clash.jpg,https://web.archive.org/web/20250831170504id_/http://clash.y0.pl/wp-content/uploads/2017/12/Clash.jpg,error,0,,,URLError: <urlopen error [Errno 111] Connection refused>
http://clash.y0.pl/wp-content/uploads/2017/12/Fly-Mounth.jpg,https://web.archive.org/web/20250831160806id_/http://clash.y0.pl/wp-content/uploads/2017/12/Fly-Mounth.jpg,error,0,,,URLError: <urlopen error [Errno 111] Connection refused>
http://clash.y0.pl/wp-content/uploads/2017/12/Never-Land.jpg,https://web.archive.org/web/20250831160820id_/http://clash.y0.pl/wp-content/uploads/2017/12/Never-Land.jpg,error,0,,,URLError: <urlopen error [Errno 111] Connection refused>
http://clash.y0.pl/wp-content/uploads/2017/12/Tronton.jpg,https://web.archive.org/web/20250831160826id_/http://clash.y0.pl/wp-content/uploads/2017/12/Tronton.jpg,error,0,,,URLError: <urlopen error [Errno 111] Connection refused>
http://clash.y0.pl/wp-content/uploads/2017/12/Wotarland.jpg,https://web.archive.org/web/20250831160807id_/http://clash.y0.pl/wp-content/uploads/2017/12/Wotarland.jpg,error,0,,,URLError: <urlopen error [Errno 111] Connection refused>
http://clash.y0.pl/wp-content/uploads/2017/12/armata.png,https://web.archive.org/web/20250831163343id_/http://clash.y0.pl/wp-content/uploads/2017/12/armata.png,error,0,,,URLError: <urlopen error [Errno 111] Connection refused>
http://clash.y0.pl/wp-content/uploads/2017/12/cezka_jazda.png,https://web.archive.org/web/20250831163024id_/http://clash.y0.pl/wp-content/uploads/2017/12/cezka_jazda.png,error,0,,,URLError: <urlopen error [Errno 111] Connection refused>
http://clash.y0.pl/wp-content/uploads/2017/12/ciezka_piechota.png,https://web.archive.org/web/20250831162132id_/http://clash.y0.pl/wp-content/uploads/2017/12/ciezka_piechota.png,error,0,,,URLError: <urlopen error [Errno 111] Connection refused>
http://clash.y0.pl/wp-content/uploads/2017/12/clash-1.jpg,https://web.archive.org/web/20250831160703id_/http://clash.y0.pl/wp-content/uploads/2017/12/clash-1.jpg,error,0,,,URLError: <urlopen error [Errno 111] Connection refused>
http://clash.y0.pl/wp-content/uploads/2017/12/cyklop.png,https://web.archive.org/web/20250831163132id_/http://clash.y0.pl/wp-content/uploads/2017/12/cyklop.png,error,0,,,URLError: <urlopen error [Errno 111] Connection refused>
http://clash.y0.pl/wp-content/uploads/2017/12/czerw.png,https://web.archive.org/web/20250831162809id_/http://clash.y0.pl/wp-content/uploads/2017/12/czerw.png,error,0,,,URLError: <urlopen error [Errno 111] Connection refused>
http://clash.y0.pl/wp-content/uploads/2017/12/dragon.png,https://web.archive.org/web/20250831163044id_/http://clash.y0.pl/wp-content/uploads/2017/12/dragon.png,error,0,,,URLError: <urlopen error [Errno 111] Connection refused>
http://clash.y0.pl/wp-content/uploads/2017/12/drogi_i_mosty.png,https://web.archive.org/web/20250831165013id_/http://clash.y0.pl/wp-content/uploads/2017/12/drogi_i_mosty.png,error,0,,,URLError: <urlopen error [Errno 111] Connection refused>
http://clash.y0.pl/wp-content/uploads/2017/12/duch.png,https://web.archive.org/web/20250831163443id_/http://clash.y0.pl/wp-content/uploads/2017/12/duch.png,error,0,,,URLError: <urlopen error [Errno 111] Connection refused>
http://clash.y0.pl/wp-content/uploads/2017/12/goral.png,https://web.archive.org/web/20250831162216id_/http://clash.y0.pl/wp-content/uploads/2017/12/goral.png,error,0,,,URLError: <urlopen error [Errno 111] Connection refused>
http://clash.y0.pl/wp-content/uploads/2017/12/halabardnik.png,https://web.archive.org/web/20250831162103id_/http://clash.y0.pl/wp-content/uploads/2017/12/halabardnik.png,error,0,,,URLError: <urlopen error [Errno 111] Connection refused>
http://clash.y0.pl/wp-content/uploads/2017/12/katapulta.png,https://web.archive.org/web/20250831163256id_/http://clash.y0.pl/wp-content/uploads/2017/12/katapulta.png,error,0,,,URLError: <urlopen error [Errno 111] Connection refused>
http://clash.y0.pl/wp-content/uploads/2017/12/kusznik.png,https://web.archive.org/web/20250831162540id_/http://clash.y0.pl/wp-content/uploads/2017/12/kusznik.png,error,0,,,URLError: <urlopen error [Errno 111] Connection refused>
http://clash.y0.pl/wp-content/uploads/2017/12/lekka_jazda.png,https://web.archive.org/web/20250831162250id_/http://clash.y0.pl/wp-content/uploads/2017/12/lekka_jazda.png,error,0,,,URLError: <urlopen error [Errno 111] Connection refused>
http://clash.y0.pl/wp-content/uploads/2017/12/lekka_piechota.png,https://web.archive.org/web/20250831162018id_/http://clash.y0.pl/wp-content/uploads/2017/12/lekka_piechota.png,error,0,,,URLError: <urlopen error [Errno 111] Connection refused>
http://clash.y0.pl/wp-content/uploads/2017/12/lesnik.png,https://web.archive.org/web/20250831162510id_/http://clash.y0.pl/wp-content/uploads/2017/12/lesnik.png,error,0,,,URLError: <urlopen error [Errno 111] Connection refused>
http://clash.y0.pl/wp-content/uploads/2017/12/lucznik.png,https://web.archive.org/web/20250831162432id_/http://clash.y0.pl/wp-content/uploads/2017/12/lucznik.png,error,0,,,URLError: <urlopen error [Errno 111] Connection refused>
http://clash.y0.pl/wp-content/uploads/2017/12/mag.png,https://web.archive.org/web/20250831163655id_/http://clash.y0.pl/wp-content/uploads/2017/12/mag.png,error,0,,,URLError: <urlopen error [Errno 111] Connection refused>
http://clash.y0.pl/wp-content/uploads/2017/12/most.png,https://web.archive.org/web/20250831165016id_/http://clash.y0.pl/wp-content/uploads/2017/12/most.png,error,0,,,URLError: <urlopen error [Errno 111] Connection refused>
http://clash.y0.pl/wp-content/uploads/2017/12/muszkieter.png,https://web.archive.org/web/20250831163230id_/http://clash.y0.pl/wp-content/uploads/2017/12/muszkieter.png,error,0,,,URLError: <urlopen error [Errno 111] Connection refused>
http://clash.y0.pl/wp-content/uploads/2017/12/orzel.png,https://web.archive.org/web/20250831162702id_/http://clash.y0.pl/wp-content/uploads/2017/12/orzel.png,error,0,,,URLError: <urlopen error [Errno 111] Connection refused>
http://clash.y0.pl/wp-content/uploads/2017/12/pegaz.png,https://web.archive.org/web/20250831163536id_/http://clash.y0.pl/wp-content/uploads/2017/12/pegaz.png,error,0,,,URLError: <urlopen error [Errno 111] Connection refused>
http://clash.y0.pl/wp-content/uploads/2017/12/pulapka.png,https://web.archive.org/web/20250831161207id_/http://clash.y0.pl/wp-content/uploads/2017/12/pulapka.png,error,0,,,URLError: <urlopen error [Errno 111] Connection refused>
http://clash.y0.pl/wp-content/uploads/2017/12/rycerstwo.png,https://web.archive.org/web/20250831162411id_/http://clash.y0.pl/wp-content/uploads/2017/12/rycerstwo.png,error,0,,,URLError: <urlopen error [Errno 111] Connection refused>
http://clash.y0.pl/wp-content/uploads/2017/12/skorpion.png,https://web.archive.org/web/20250831162746id_/http://clash.y0.pl/wp-content/uploads/2017/12/skorpion.png,error,0,,,URLError: <urlopen error [Errno 111] Connection refused>
http://clash.y0.pl/wp-content/uploads/2017/12/skrzydlak.png,https://web.archive.org/web/20250831163616id_/http://clash.y0.pl/wp-content/uploads/2017/12/skrzydlak.png,error,0,,,URLError: <urlopen error [Errno 111] Connection refused>
http://clash.y0.pl/wp-content/uploads/2017/12/slon.png,https://web.archive.org/web/20250831162926id_/http://clash.y0.pl/wp-content/uploads/2017/12/slon.png,error,0,,,URLError: <urlopen error [Errno 111] Connection refused>
http://clash.y0.pl/wp-content/uploads/2017/12/smok.png,https://web.archive.org/web/20250831163630id_/http://clash.y0.pl/wp-content/uploads/2017/12/smok.png,error,0,,,URLError: <urlopen error [Errno 111] Connection refused>
http://clash.y0.pl/wp-content/uploads/2017/12/szkielet.png,https://web.archive.org/web/20250831163606id_/http://clash.y0.pl/wp-content/uploads/2017/12/szkielet.png,error,0,,,URLError: <urlopen error [Errno 111] Connection refused>
http://clash.y0.pl/wp-content/uploads/2017/12/taran.png,https://web.archive.org/web/20250831162636id_/http://clash.y0.pl/wp-content/uploads/2017/12/taran.png,error,0,,,URLError: <urlopen error [Errno 111] Connection refused>
http://clash.y0.pl/wp-content/uploads/2017/12/troll.png,https://web.archive.org/web/20250831162843id_/http://clash.y0.pl/wp-content/uploads/2017/12/troll.png,error,0,,,URLError: <urlopen error [Errno 111] Connection refused>
http://clash.y0.pl/wp-content/uploads/2017/12/wazka.png,https://web.archive.org/web/20250831162339id_/http://clash.y0.pl/wp-content/uploads/2017/12/wazka.png,error,0,,,URLError: <urlopen error [Errno 111] Connection refused>
http://clash.y0.pl/wp-includes/css/dist/block-library/style.min.css?ver=6.3.2,https://web.archive.org/web/20250831161135id_/http://clash.y0.pl/wp-includes/css/dist/block-library/style.min.css?ver=6.3.2,error,0,,,URLError: <urlopen error [Errno 111] Connection refused>
http://clash.y0.pl/wp-includes/css/dist/block-library/style.min.css?ver=6.6.1,https://web.archive.org/web/20250831170947id_/http://clash.y0.pl/wp-includes/css/dist/block-library/style.min.css?ver=6.6.1,error,0,,,URLError: <urlopen error [Errno 111] Connection refused>
http://clash.y0.pl/wp-includes/css/dist/block-library/style.min.css?ver=6.6.2,https://web.archive.org/web/20250831160702id_/http://clash.y0.pl/wp-includes/css/dist/block-library/style.min.css?ver=6.6.2,error,0,,,URLError: <urlopen error [Errno 111] Connection refused>
http://clash.y0.pl/wp-includes/css/dist/block-library/style.min.css?ver=6.7.1,https://web.archive.org/web/20250831170457id_/http://clash.y0.pl/wp-includes/css/dist/block-library/style.min.css?ver=6.7.1,error,0,,,URLError: <urlopen error [Errno 111] Connection refused>
http://clash.y0.pl/wp-includes/js/hoverIntent.min.js?ver=1.10.2,https://web.archive.org/web/20250831161200id_/http://clash.y0.pl/wp-includes/js/hoverIntent.min.js?ver=1.10.2,error,0,,,URLError: <urlopen error [Errno 111] Connection refused>
http://clash.y0.pl/wp-includes/js/jquery/jquery-migrate.min.js?ver=3.4.1,https://web.archive.org/web/20250831160702id_/http://clash.y0.pl/wp-includes/js/jquery/jquery-migrate.min.js?ver=3.4.1,error,0,,,URLError: <urlopen error [Errno 111] Connection refused>
http://clash.y0.pl/wp-includes/js/jquery/jquery.min.js?ver=3.7.0,https://web.archive.org/web/20250831161134id_/http://clash.y0.pl/wp-includes/js/jquery/jquery.min.js?ver=3.7.0,error,0,,,URLError: <urlopen error [Errno 111] Connection refused>
http://clash.y0.pl/wp-includes/js/jquery/jquery.min.js?ver=3.7.1,https://web.archive.org/web/20250831170456id_/http://clash.y0.pl/wp-includes/js/jquery/jquery.min.js?ver=3.7.1,error,0,,,URLError: <urlopen error [Errno 111] Connection refused>
http://clash.y0.pl/wp-includes/wlwmanifest.xml,https://web.archive.org/web/20180813065339id_/http://clash.y0.pl:80/wp-includes/wlwmanifest.xml,error,0,,,URLError: <urlopen error [Errno 111] Connection refused>
http://clash.y0.pl/wp-json/,https://web.archive.org/web/20180813065345id_/http://clash.y0.pl:80/wp-json/,error,0,,,URLError: <urlopen error [Errno 111] Connection refused>
http://clash.y0.pl/wprowadzenie/,https://web.archive.org/web/20191112221901id_/http://clash.y0.pl/wprowadzenie/,error,0,,,URLError: <urlopen error [Errno 111] Connection refused>
http://clash.y0.pl/xmlrpc.php?rsd=,https://web.archive.org/web/20180813065350id_/http://clash.y0.pl:80/xmlrpc.php?rsd,error,0,,,URLError: <urlopen error [Errno 111] Connection refused>
http://clash.y0.pl/zamki-i-twierdze/,https://web.archive.org/web/20180813064812id_/http://clash.y0.pl:80/zamki-i-twierdze/,error,0,,,URLError: <urlopen error [Errno 111] Connection refused>
http://clash.y0.pl/zasadzka/,https://web.archive.org/web/20180813065355id_/http://clash.y0.pl:80/zasadzka/,error,0,,,URLError: <urlopen error [Errno 111] Connection refused>
http://clash.y0.pl/zmeczenie/,https://web.archive.org/web/20180813065400id_/http://clash.y0.pl:80/zmeczenie/,error,0,,,URLError: <urlopen error [Errno 111] Connection refused>
http://forum.clash.y0.pl/,https://web.archive.org/web/20180806153112id_/http://forum.clash.y0.pl:80/,error,0,,,URLError: <urlopen error [Errno 111] Connection refused>
http://forum.clash.y0.pl/app.php/cron/cron.task.core.prune_notifications,https://web.archive.org/web/20250831175515id_/http://forum.clash.y0.pl/app.php/cron/cron.task.core.prune_notifications?sid=753faf72713ca4b05e98765e5d2c9166,error,0,,,URLError: <urlopen error [Errno 111] Connection refused>
http://forum.clash.y0.pl/app.php/cron/cron.task.core.tidy_search,https://web.archive.org/web/20260607142546id_/http://forum.clash.y0.pl/app.php/cron/cron.task.core.tidy_search?sid=5e7713f60d302b937db1be25cdc860f0&sid=5f6e9934afb82895046b65e07d8aa773,error,0,,,URLError: <urlopen error [Errno 111] Connection refused>
http://forum.clash.y0.pl/app.php/cron/cron.task.core.tidy_warnings,https://web.archive.org/web/20250831173209id_/http://forum.clash.y0.pl/app.php/cron/cron.task.core.tidy_warnings?sid=4cdf6efbc1f754b0f18dc15cd9704d56,error,0,,,URLError: <urlopen error [Errno 111] Connection refused>
http://forum.clash.y0.pl/app.php/help/faq,https://web.archive.org/web/20191212002403id_/http://forum.clash.y0.pl/app.php/help/faq,error,0,,,URLError: <urlopen error [Errno 111] Connection refused>
http://forum.clash.y0.pl/app.php/user/delete_cookies,https://web.archive.org/web/20241007193117id_/http://forum.clash.y0.pl/app.php/user/delete_cookies?sid=7b4a2e621b004cf1ba9b87f7b06d9593,error,0,,,URLError: <urlopen error [Errno 111] Connection refused>
http://forum.clash.y0.pl/app.php/user/forgot_password,https://web.archive.org/web/20200814014338id_/http://forum.clash.y0.pl/app.php/user/forgot_password,error,0,,,URLError: <urlopen error [Errno 111] Connection refused>
http://forum.clash.y0.pl/assets/css/font-awesome.min.css?assets_version=111,https://web.archive.org/web/20250831181908id_/http://forum.clash.y0.pl/assets/css/font-awesome.min.css?assets_version=111,error,0,,,URLError: <urlopen error [Errno 111] Connection refused>
http://forum.clash.y0.pl/assets/css/font-awesome.min.css?assets_version=18,https://web.archive.org/web/20260614233345id_/http://forum.clash.y0.pl/assets/css/font-awesome.min.css?assets_version=18,error,0,,,URLError: <urlopen error [Errno 111] Connection refused>
http://forum.clash.y0.pl/assets/css/font-awesome.min.css?assets_version=40,https://web.archive.org/web/20260607142454id_/http://forum.clash.y0.pl/assets/css/font-awesome.min.css?assets_version=40,error,0,,,URLError: <urlopen error [Errno 111] Connection refused>
http://forum.clash.y0.pl/assets/css/font-awesome.min.css?assets_version=85,https://web.archive.org/web/20250831173209id_/http://forum.clash.y0.pl/assets/css/font-awesome.min.css?assets_version=85,error,0,,,URLError: <urlopen error [Errno 111] Connection refused>
http://forum.clash.y0.pl/assets/css/font-awesome.min.css?assets_version=88,https://web.archive.org/web/20250831175617id_/http://forum.clash.y0.pl/assets/css/font-awesome.min.css?assets_version=88,error,0,,,URLError: <urlopen error [Errno 111] Connection refused>
http://forum.clash.y0.pl/assets/fonts/fontawesome-webfont.woff2?v=4.7.0,https://web.archive.org/web/20250831181005id_/http://forum.clash.y0.pl/assets/fonts/fontawesome-webfont.woff2?v=4.7.0,error,0,,,URLError: <urlopen error [Errno 111] Connection refused>
http://forum.clash.y0.pl/assets/fonts/fontawesome-webfont.woff?v=4.7.0,https://web.archive.org/web/20250831181010id_/http://forum.clash.y0.pl/assets/fonts/fontawesome-webfont.woff?v=4.7.0,error,0,,,URLError: <urlopen error [Errno 111] Connection refused>
http://forum.clash.y0.pl/assets/javascript/core.js?assets_version=111,https://web.archive.org/web/20250831181908id_/http://forum.clash.y0.pl/assets/javascript/core.js?assets_version=111,error,0,,,URLError: <urlopen error [Errno 111] Connection refused>
http://forum.clash.y0.pl/assets/javascript/core.js?assets_version=85,https://web.archive.org/web/20250831173212id_/http://forum.clash.y0.pl/assets/javascript/core.js?assets_version=85,error,0,,,URLError: <urlopen error [Errno 111] Connection refused>
http://forum.clash.y0.pl/assets/javascript/core.js?assets_version=88,https://web.archive.org/web/20250831180529id_/http://forum.clash.y0.pl/assets/javascript/core.js?assets_version=88,error,0,,,URLError: <urlopen error [Errno 111] Connection refused>
http://forum.clash.y0.pl/assets/javascript/jquery-3.7.1.min.js?assets_version=111,https://web.archive.org/web/20250831181908id_/http://forum.clash.y0.pl/assets/javascript/jquery-3.7.1.min.js?assets_version=111,error,0,,,URLError: <urlopen error [Errno 111] Connection refused>
http://forum.clash.y0.pl/assets/javascript/jquery-3.7.1.min.js?assets_version=88,https://web.archive.org/web/20250831180527id_/http://forum.clash.y0.pl/assets/javascript/jquery-3.7.1.min.js?assets_version=88,error,0,,,URLError: <urlopen error [Errno 111] Connection refused>
http://forum.clash.y0.pl/download/file.php?avatar=2_1513884121.jpg,https://web.archive.org/web/20250831175618id_/http://forum.clash.y0.pl/download/file.php?avatar=2_1513884121.jpg,downloaded,2208,a3c4ba4c9229e343c68a9cebe8da85c0fe87aa1dad7fb088adfd48977d548c35,image/jpeg,
http://forum.clash.y0.pl/images/icons/misc/fire.gif,https://web.archive.org/web/20250831175808id_/http://forum.clash.y0.pl/images/icons/misc/fire.gif,error,0,,,URLError: <urlopen error [Errno 111] Connection refused>
http://forum.clash.y0.pl/images/smilies/icon_e_biggrin.gif,https://web.archive.org/web/20250831180453id_/http://forum.clash.y0.pl/images/smilies/icon_e_biggrin.gif,error,0,,,URLError: <urlopen error [Errno 111] Connection refused>
http://forum.clash.y0.pl/images/smilies/icon_e_geek.gif,https://web.archive.org/web/20250831180453id_/http://forum.clash.y0.pl/images/smilies/icon_e_geek.gif,error,0,,,URLError: <urlopen error [Errno 111] Connection refused>
http://forum.clash.y0.pl/images/smilies/icon_e_sad.gif,https://web.archive.org/web/20250831180506id_/http://forum.clash.y0.pl/images/smilies/icon_e_sad.gif,error,0,,,URLError: <urlopen error [Errno 111] Connection refused>
http://forum.clash.y0.pl/images/smilies/icon_e_surprised.gif,https://web.archive.org/web/20250831180453id_/http://forum.clash.y0.pl/images/smilies/icon_e_surprised.gif,error,0,,,URLError: <urlopen error [Errno 111] Connection refused>
http://forum.clash.y0.pl/images/smilies/icon_e_wink.gif,https://web.archive.org/web/20250831180453id_/http://forum.clash.y0.pl/images/smilies/icon_e_wink.gif,error,0,,,URLError: <urlopen error [Errno 111] Connection refused>
http://forum.clash.y0.pl/images/smilies/icon_mrgreen.gif,https://web.archive.org/web/20250831180506id_/http://forum.clash.y0.pl/images/smilies/icon_mrgreen.gif,error,0,,,URLError: <urlopen error [Errno 111] Connection refused>
http://forum.clash.y0.pl/images/smilies/icon_twisted.gif,https://web.archive.org/web/20250831180453id_/http://forum.clash.y0.pl/images/smilies/icon_twisted.gif,error,0,,,URLError: <urlopen error [Errno 111] Connection refused>
http://forum.clash.y0.pl/index.php,https://web.archive.org/web/20180806125303id_/http://forum.clash.y0.pl:80/index.php,error,0,,,URLError: <urlopen error [Errno 111] Connection refused>
http://forum.clash.y0.pl/memberlist.php?mode=contactadmin,https://web.archive.org/web/20191212004937id_/http://forum.clash.y0.pl/memberlist.php?mode=contactadmin,error,0,,,URLError: <urlopen error [Errno 111] Connection refused>
http://forum.clash.y0.pl/memberlist.php?mode=team,https://web.archive.org/web/20191212002630id_/http://forum.clash.y0.pl/memberlist.php?mode=team,error,0,,,URLError: <urlopen error [Errno 111] Connection refused>
http://forum.clash.y0.pl/memberlist.php?mode=viewprofile&u=101,https://web.archive.org/web/20191212004832id_/http://forum.clash.y0.pl/memberlist.php?mode=viewprofile&u=101,error,0,,,URLError: <urlopen error [Errno 111] Connection refused>
http://forum.clash.y0.pl/memberlist.php?mode=viewprofile&u=1023,https://web.archive.org/web/20200814014225id_/http://forum.clash.y0.pl/memberlist.php?mode=viewprofile&u=1023,error,0,,,URLError: <urlopen error [Errno 111] Connection refused>
http://forum.clash.y0.pl/memberlist.php?mode=viewprofile&u=128,https://web.archive.org/web/20240614045819id_/http://forum.clash.y0.pl/memberlist.php?mode=viewprofile&u=128&sid=d02d4cf7b1ff50dd75555b1edc556ce9,error,0,,,URLError: <urlopen error [Errno 111] Connection refused>
http://forum.clash.y0.pl/memberlist.php?mode=viewprofile&u=152,https://web.archive.org/web/20191212011951id_/http://forum.clash.y0.pl/memberlist.php?mode=viewprofile&u=152,error,0,,,URLError: <urlopen error [Errno 111] Connection refused>
http://forum.clash.y0.pl/memberlist.php?mode=viewprofile&u=167,https://web.archive.org/web/20210423043040id_/http://forum.clash.y0.pl/memberlist.php?mode=viewprofile&u=167&sid=f75d7838fe56b8f0f94bf6ecff70b1ff,error,0,,,URLError: <urlopen error [Errno 111] Connection refused>
http://forum.clash.y0.pl/memberlist.php?mode=viewprofile&u=181,https://web.archive.org/web/20240303094433id_/http://forum.clash.y0.pl/memberlist.php?mode=viewprofile&u=181&sid=6c65241fb6541e4eaee3a8c44883cd84,error,0,,,URLError: <urlopen error [Errno 111] Connection refused>
http://forum.clash.y0.pl/memberlist.php?mode=viewprofile&u=2,https://web.archive.org/web/20191212015354id_/http://forum.clash.y0.pl/memberlist.php?mode=viewprofile&u=2,error,0,,,URLError: <urlopen error [Errno 111] Connection refused>
http://forum.clash.y0.pl/memberlist.php?mode=viewprofile&u=2148,https://web.archive.org/web/20240422122156id_/http://forum.clash.y0.pl/memberlist.php?mode=viewprofile&u=2148&sid=76cbc0bf46a9b004d2dbbc61b46a0ffc,error,0,,,URLError: <urlopen error [Errno 111] Connection refused>
http://forum.clash.y0.pl/memberlist.php?mode=viewprofile&u=2176,https://web.archive.org/web/20231129053010id_/http://forum.clash.y0.pl/memberlist.php?mode=viewprofile&u=2176&sid=d2ccbf92460dea3ffb362e89f6712a85,error,0,,,URLError: <urlopen error [Errno 111] Connection refused>
http://forum.clash.y0.pl/memberlist.php?mode=viewprofile&u=2578,https://web.archive.org/web/20231129050431id_/http://forum.clash.y0.pl/memberlist.php?mode=viewprofile&u=2578&sid=d2ccbf92460dea3ffb362e89f6712a85,error,0,,,URLError: <urlopen error [Errno 111] Connection refused>
http://forum.clash.y0.pl/memberlist.php?mode=viewprofile&u=2603,https://web.archive.org/web/20260413015051id_/http://forum.clash.y0.pl/memberlist.php?mode=viewprofile&u=2603&sid=14099c2d9f16c351fce935ed15b3c544,error,0,,,URLError: <urlopen error [Errno 111] Connection refused>
http://forum.clash.y0.pl/memberlist.php?mode=viewprofile&u=2604,https://web.archive.org/web/20260413014452id_/http://forum.clash.y0.pl/memberlist.php?mode=viewprofile&u=2604&sid=14099c2d9f16c351fce935ed15b3c544,error,0,,,URLError: <urlopen error [Errno 111] Connection refused>
http://forum.clash.y0.pl/memberlist.php?mode=viewprofile&u=2605,https://web.archive.org/web/20260513154955id_/http://forum.clash.y0.pl/memberlist.php?mode=viewprofile&u=2605&sid=2474e96f867e675273f97480898885e8,error,0,,,URLError: <urlopen error [Errno 111] Connection refused>
http://forum.clash.y0.pl/memberlist.php?mode=viewprofile&u=48,https://web.archive.org/web/20191212010942id_/http://forum.clash.y0.pl/memberlist.php?mode=viewprofile&u=48,error,0,,,URLError: <urlopen error [Errno 111] Connection refused>
http://forum.clash.y0.pl/memberlist.php?mode=viewprofile&u=50,https://web.archive.org/web/20191212013740id_/http://forum.clash.y0.pl/memberlist.php?mode=viewprofile&u=50,error,0,,,URLError: <urlopen error [Errno 111] Connection refused>
http://forum.clash.y0.pl/memberlist.php?mode=viewprofile&u=52,https://web.archive.org/web/20191212002645id_/http://forum.clash.y0.pl/memberlist.php?mode=viewprofile&u=52,error,0,,,URLError: <urlopen error [Errno 111] Connection refused>
http://forum.clash.y0.pl/memberlist.php?mode=viewprofile&u=53,https://web.archive.org/web/20191212002012id_/http://forum.clash.y0.pl/memberlist.php?mode=viewprofile&u=53,error,0,,,URLError: <urlopen error [Errno 111] Connection refused>
http://forum.clash.y0.pl/memberlist.php?mode=viewprofile&u=55,https://web.archive.org/web/20210423050303id_/http://forum.clash.y0.pl/memberlist.php?mode=viewprofile&u=55&sid=f75d7838fe56b8f0f94bf6ecff70b1ff,error,0,,,URLError: <urlopen error [Errno 111] Connection refused>
http://forum.clash.y0.pl/memberlist.php?mode=viewprofile&u=58,https://web.archive.org/web/20191212011256id_/http://forum.clash.y0.pl/memberlist.php?mode=viewprofile&u=58,error,0,,,URLError: <urlopen error [Errno 111] Connection refused>
http://forum.clash.y0.pl/memberlist.php?mode=viewprofile&u=59,https://web.archive.org/web/20191212003514id_/http://forum.clash.y0.pl/memberlist.php?mode=viewprofile&u=59,error,0,,,URLError: <urlopen error [Errno 111] Connection refused>
http://forum.clash.y0.pl/memberlist.php?mode=viewprofile&u=62,https://web.archive.org/web/20241014111353id_/http://forum.clash.y0.pl/memberlist.php?mode=viewprofile&u=62,error,0,,,URLError: <urlopen error [Errno 111] Connection refused>
http://forum.clash.y0.pl/memberlist.php?mode=viewprofile&u=629,https://web.archive.org/web/20240614094829id_/http://forum.clash.y0.pl/memberlist.php?mode=viewprofile&u=629&sid=d02d4cf7b1ff50dd75555b1edc556ce9,error,0,,,URLError: <urlopen error [Errno 111] Connection refused>
http://forum.clash.y0.pl/memberlist.php?mode=viewprofile&u=66,https://web.archive.org/web/20210514154827id_/http://forum.clash.y0.pl/memberlist.php?mode=viewprofile&u=66&sid=bfb4a9bdd1ee4f5b8c7524bfdd5b8438,error,0,,,URLError: <urlopen error [Errno 111] Connection refused>
http://forum.clash.y0.pl/memberlist.php?mode=viewprofile&u=67,https://web.archive.org/web/20191212015429id_/http://forum.clash.y0.pl/memberlist.php?mode=viewprofile&u=67,error,0,,,URLError: <urlopen error [Errno 111] Connection refused>
http://forum.clash.y0.pl/memberlist.php?mode=viewprofile&u=73,https://web.archive.org/web/20191212002123id_/http://forum.clash.y0.pl/memberlist.php?mode=viewprofile&u=73,error,0,,,URLError: <urlopen error [Errno 111] Connection refused>
http://forum.clash.y0.pl/memberlist.php?mode=viewprofile&u=75,https://web.archive.org/web/20191212005339id_/http://forum.clash.y0.pl/memberlist.php?mode=viewprofile&u=75,error,0,,,URLError: <urlopen error [Errno 111] Connection refused>
http://forum.clash.y0.pl/memberlist.php?mode=viewprofile&u=76,https://web.archive.org/web/20240621084142id_/http://forum.clash.y0.pl/memberlist.php?mode=viewprofile&u=76&sid=72217aa2ac3dc063d0b91e5b4f50c5cc,error,0,,,URLError: <urlopen error [Errno 111] Connection refused>
http://forum.clash.y0.pl/memberlist.php?mode=viewprofile&u=77,https://web.archive.org/web/20241014124337id_/http://forum.clash.y0.pl/memberlist.php?mode=viewprofile&u=77,error,0,,,URLError: <urlopen error [Errno 111] Connection refused>
http://forum.clash.y0.pl/memberlist.php?mode=viewprofile&u=78,https://web.archive.org/web/20191212011950id_/http://forum.clash.y0.pl/memberlist.php?mode=viewprofile&u=78,error,0,,,URLError: <urlopen error [Errno 111] Connection refused>
http://forum.clash.y0.pl/memberlist.php?mode=viewprofile&u=79,https://web.archive.org/web/20200930094522id_/http://forum.clash.y0.pl/memberlist.php?mode=viewprofile&u=79,error,0,,,URLError: <urlopen error [Errno 111] Connection refused>
http://forum.clash.y0.pl/memberlist.php?mode=viewprofile&u=81,https://web.archive.org/web/20191212010903id_/http://forum.clash.y0.pl/memberlist.php?mode=viewprofile&u=81,error,0,,,URLError: <urlopen error [Errno 111] Connection refused>
http://forum.clash.y0.pl/memberlist.php?mode=viewprofile&u=84,https://web.archive.org/web/20191212013508id_/http://forum.clash.y0.pl/memberlist.php?mode=viewprofile&u=84,error,0,,,URLError: <urlopen error [Errno 111] Connection refused>
http://forum.clash.y0.pl/memberlist.php?mode=viewprofile&u=85,https://web.archive.org/web/20191212005649id_/http://forum.clash.y0.pl/memberlist.php?mode=viewprofile&u=85,error,0,,,URLError: <urlopen error [Errno 111] Connection refused>
http://forum.clash.y0.pl/memberlist.php?mode=viewprofile&u=86,https://web.archive.org/web/20191212002619id_/http://forum.clash.y0.pl/memberlist.php?mode=viewprofile&u=86,error,0,,,URLError: <urlopen error [Errno 111] Connection refused>
http://forum.clash.y0.pl/memberlist.php?mode=viewprofile&u=91,https://web.archive.org/web/20191212011218id_/http://forum.clash.y0.pl/memberlist.php?mode=viewprofile&u=91,error,0,,,URLError: <urlopen error [Errno 111] Connection refused>
http://forum.clash.y0.pl/memberlist.php?mode=viewprofile&u=92,https://web.archive.org/web/20191212003441id_/http://forum.clash.y0.pl/memberlist.php?mode=viewprofile&u=92,error,0,,,URLError: <urlopen error [Errno 111] Connection refused>
http://forum.clash.y0.pl/memberlist.php?mode=viewprofile&u=93,https://web.archive.org/web/20191212002244id_/http://forum.clash.y0.pl/memberlist.php?mode=viewprofile&u=93,error,0,,,URLError: <urlopen error [Errno 111] Connection refused>
http://forum.clash.y0.pl/memberlist.php?mode=viewprofile&u=94,https://web.archive.org/web/20191212013832id_/http://forum.clash.y0.pl/memberlist.php?mode=viewprofile&u=94,error,0,,,URLError: <urlopen error [Errno 111] Connection refused>
http://forum.clash.y0.pl/memberlist.php?mode=viewprofile&u=97,https://web.archive.org/web/20191212002028id_/http://forum.clash.y0.pl/memberlist.php?mode=viewprofile&u=97,error,0,,,URLError: <urlopen error [Errno 111] Connection refused>
http://forum.clash.y0.pl/memberlist.php?mode=viewprofile&u=98,https://web.archive.org/web/20191212012617id_/http://forum.clash.y0.pl/memberlist.php?mode=viewprofile&u=98,error,0,,,URLError: <urlopen error [Errno 111] Connection refused>
http://forum.clash.y0.pl/memberlist.php?mode=viewprofile&u=99,https://web.archive.org/web/20191212004752id_/http://forum.clash.y0.pl/memberlist.php?mode=viewprofile&u=99,error,0,,,URLError: <urlopen error [Errno 111] Connection refused>
http://forum.clash.y0.pl/posting.php?f=2&mode=post,https://web.archive.org/web/20191212004322id_/http://forum.clash.y0.pl/posting.php?mode=post&f=2,error,0,,,URLError: <urlopen error [Errno 111] Connection refused>
http://forum.clash.y0.pl/posting.php?f=2&mode=quote&p=1478,https://web.archive.org/web/20200930085307id_/http://forum.clash.y0.pl/posting.php?mode=quote&f=2&p=1478,error,0,,,URLError: <urlopen error [Errno 111] Connection refused>
http://forum.clash.y0.pl/posting.php?f=2&mode=quote&p=1479,https://web.archive.org/web/20200930100958id_/http://forum.clash.y0.pl/posting.php?mode=quote&f=2&p=1479,error,0,,,URLError: <urlopen error [Errno 111] Connection refused>
http://forum.clash.y0.pl/posting.php?f=2&mode=quote&p=1480,https://web.archive.org/web/20200930103632id_/http://forum.clash.y0.pl/posting.php?mode=quote&f=2&p=1480,error,0,,,URLError: <urlopen error [Errno 111] Connection refused>
http://forum.clash.y0.pl/posting.php?f=2&mode=quote&p=1481,https://web.archive.org/web/20200930094206id_/http://forum.clash.y0.pl/posting.php?mode=quote&f=2&p=1481,error,0,,,URLError: <urlopen error [Errno 111] Connection refused>
http://forum.clash.y0.pl/posting.php?f=2&mode=quote&p=1482,https://web.archive.org/web/20200930105416id_/http://forum.clash.y0.pl/posting.php?mode=quote&f=2&p=1482,error,0,,,URLError: <urlopen error [Errno 111] Connection refused>
http://forum.clash.y0.pl/posting.php?f=2&mode=quote&p=1483,https://web.archive.org/web/20200930095212id_/http://forum.clash.y0.pl/posting.php?mode=quote&f=2&p=1483,error,0,,,URLError: <urlopen error [Errno 111] Connection refused>
http://forum.clash.y0.pl/posting.php?f=2&mode=quote&p=1503,https://web.archive.org/web/20210924233418id_/http://forum.clash.y0.pl/posting.php?mode=quote&f=2&p=1503&sid=dc53ab951c1474591cd4ab1978167fbc,error,0,,,URLError: <urlopen error [Errno 111] Connection refused>
http://forum.clash.y0.pl/posting.php?f=2&mode=quote&p=1505,https://web.archive.org/web/20210924234653id_/http://forum.clash.y0.pl/posting.php?mode=quote&f=2&p=1505&sid=dc53ab951c1474591cd4ab1978167fbc,error,0,,,URLError: <urlopen error [Errno 111] Connection refused>
http://forum.clash.y0.pl/posting.php?f=2&mode=quote&p=1510,https://web.archive.org/web/20210925003953id_/http://forum.clash.y0.pl/posting.php?mode=quote&f=2&p=1510&sid=dc53ab951c1474591cd4ab1978167fbc,error,0,,,URLError: <urlopen error [Errno 111] Connection refused>
http://forum.clash.y0.pl/posting.php?f=2&mode=quote&p=193,https://web.archive.org/web/20191212002507id_/http://forum.clash.y0.pl/posting.php?mode=quote&f=2&p=193,error,0,,,URLError: <urlopen error [Errno 111] Connection refused>
http://forum.clash.y0.pl/posting.php?f=2&mode=quote&p=197,https://web.archive.org/web/20191212013455id_/http://forum.clash.y0.pl/posting.php?mode=quote&f=2&p=197,error,0,,,URLError: <urlopen error [Errno 111] Connection refused>
http://forum.clash.y0.pl/posting.php?f=2&mode=quote&p=227,https://web.archive.org/web/20191212015255id_/http://forum.clash.y0.pl/posting.php?mode=quote&f=2&p=227,error,0,,,URLError: <urlopen error [Errno 111] Connection refused>
http://forum.clash.y0.pl/posting.php?f=2&mode=quote&p=229,https://web.archive.org/web/20191212002517id_/http://forum.clash.y0.pl/posting.php?mode=quote&f=2&p=229,error,0,,,URLError: <urlopen error [Errno 111] Connection refused>
http://forum.clash.y0.pl/posting.php?f=2&mode=quote&p=298,https://web.archive.org/web/20191212002315id_/http://forum.clash.y0.pl/posting.php?mode=quote&f=2&p=298,error,0,,,URLError: <urlopen error [Errno 111] Connection refused>
http://forum.clash.y0.pl/posting.php?f=2&mode=quote&p=299,https://web.archive.org/web/20191212002614id_/http://forum.clash.y0.pl/posting.php?mode=quote&f=2&p=299,error,0,,,URLError: <urlopen error [Errno 111] Connection refused>
http://forum.clash.y0.pl/posting.php?f=2&mode=quote&p=339,https://web.archive.org/web/20191212003719id_/http://forum.clash.y0.pl/posting.php?mode=quote&f=2&p=339,error,0,,,URLError: <urlopen error [Errno 111] Connection refused>
http://forum.clash.y0.pl/posting.php?f=2&mode=quote&p=341,https://web.archive.org/web/20191212002512id_/http://forum.clash.y0.pl/posting.php?mode=quote&f=2&p=341,error,0,,,URLError: <urlopen error [Errno 111] Connection refused>
http://forum.clash.y0.pl/posting.php?f=2&mode=quote&p=343,https://web.archive.org/web/20191212005426id_/http://forum.clash.y0.pl/posting.php?mode=quote&f=2&p=343,error,0,,,URLError: <urlopen error [Errno 111] Connection refused>
http://forum.clash.y0.pl/posting.php?f=2&mode=quote&p=347,https://web.archive.org/web/20191212002254id_/http://forum.clash.y0.pl/posting.php?mode=quote&f=2&p=347,error,0,,,URLError: <urlopen error [Errno 111] Connection refused>
http://forum.clash.y0.pl/posting.php?f=2&mode=quote&p=451,https://web.archive.org/web/20201030071720id_/http://forum.clash.y0.pl/posting.php?mode=quote&f=2&p=451,error,0,,,URLError: <urlopen error [Errno 111] Connection refused>
http://forum.clash.y0.pl/posting.php?f=2&mode=quote&p=453,https://web.archive.org/web/20201030075209id_/http://forum.clash.y0.pl/posting.php?mode=quote&f=2&p=453,error,0,,,URLError: <urlopen error [Errno 111] Connection refused>
http://forum.clash.y0.pl/posting.php?f=2&mode=quote&p=456,https://web.archive.org/web/20191212002336id_/http://forum.clash.y0.pl/posting.php?mode=quote&f=2&p=456,error,0,,,URLError: <urlopen error [Errno 111] Connection refused>
http://forum.clash.y0.pl/posting.php?f=2&mode=quote&p=457,https://web.archive.org/web/20191212002635id_/http://forum.clash.y0.pl/posting.php?mode=quote&f=2&p=457,error,0,,,URLError: <urlopen error [Errno 111] Connection refused>
http://forum.clash.y0.pl/posting.php?f=2&mode=quote&p=472,https://web.archive.org/web/20191212005819id_/http://forum.clash.y0.pl/posting.php?mode=quote&f=2&p=472,error,0,,,URLError: <urlopen error [Errno 111] Connection refused>
http://forum.clash.y0.pl/posting.php?f=2&mode=quote&p=473,https://web.archive.org/web/20191212011916id_/http://forum.clash.y0.pl/posting.php?mode=quote&f=2&p=473,error,0,,,URLError: <urlopen error [Errno 111] Connection refused>
http://forum.clash.y0.pl/posting.php?f=2&mode=quote&p=474,https://web.archive.org/web/20191212013951id_/http://forum.clash.y0.pl/posting.php?mode=quote&f=2&p=474,error,0,,,URLError: <urlopen error [Errno 111] Connection refused>
http://forum.clash.y0.pl/posting.php?f=2&mode=quote&p=479,https://web.archive.org/web/20191212010224id_/http://forum.clash.y0.pl/posting.php?mode=quote&f=2&p=479,error,0,,,URLError: <urlopen error [Errno 111] Connection refused>
http://forum.clash.y0.pl/posting.php?f=2&mode=quote&p=480,https://web.archive.org/web/20191212002604id_/http://forum.clash.y0.pl/posting.php?mode=quote&f=2&p=480,error,0,,,URLError: <urlopen error [Errno 111] Connection refused>
http://forum.clash.y0.pl/posting.php?f=2&mode=quote&p=485,https://web.archive.org/web/20191212001935id_/http://forum.clash.y0.pl/posting.php?mode=quote&f=2&p=485,error,0,,,URLError: <urlopen error [Errno 111] Connection refused>
http://forum.clash.y0.pl/posting.php?f=2&mode=quote&p=486,https://web.archive.org/web/20191212002357id_/http://forum.clash.y0.pl/posting.php?mode=quote&f=2&p=486,error,0,,,URLError: <urlopen error [Errno 111] Connection refused>
http://forum.clash.y0.pl/posting.php?f=2&mode=quote&p=493,https://web.archive.org/web/20191212012049id_/http://forum.clash.y0.pl/posting.php?mode=quote&f=2&p=493,error,0,,,URLError: <urlopen error [Errno 111] Connection refused>
http://forum.clash.y0.pl/posting.php?f=2&mode=quote&p=498,https://web.archive.org/web/20191212004308id_/http://forum.clash.y0.pl/posting.php?mode=quote&f=2&p=498,error,0,,,URLError: <urlopen error [Errno 111] Connection refused>
http://forum.clash.y0.pl/posting.php?f=2&mode=quote&p=510,https://web.archive.org/web/20191212003614id_/http://forum.clash.y0.pl/posting.php?mode=quote&f=2&p=510,error,0,,,URLError: <urlopen error [Errno 111] Connection refused>
http://forum.clash.y0.pl/posting.php?f=2&mode=quote&p=511,https://web.archive.org/web/20201030073408id_/http://forum.clash.y0.pl/posting.php?mode=quote&f=2&p=511,error,0,,,URLError: <urlopen error [Errno 111] Connection refused>
http://forum.clash.y0.pl/posting.php?f=2&mode=quote&p=514,https://web.archive.org/web/20201030082724id_/http://forum.clash.y0.pl/posting.php?mode=quote&f=2&p=514,error,0,,,URLError: <urlopen error [Errno 111] Connection refused>
http://forum.clash.y0.pl/posting.php?f=2&mode=quote&p=516,https://web.archive.org/web/20201030070441id_/http://forum.clash.y0.pl/posting.php?mode=quote&f=2&p=516,error,0,,,URLError: <urlopen error [Errno 111] Connection refused>
http://forum.clash.y0.pl/posting.php?f=2&mode=quote&p=518,https://web.archive.org/web/20191212010024id_/http://forum.clash.y0.pl/posting.php?mode=quote&f=2&p=518,error,0,,,URLError: <urlopen error [Errno 111] Connection refused>
http://forum.clash.y0.pl/posting.php?f=2&mode=quote&p=523,https://web.archive.org/web/20201030080924id_/http://forum.clash.y0.pl/posting.php?mode=quote&f=2&p=523,error,0,,,URLError: <urlopen error [Errno 111] Connection refused>
http://forum.clash.y0.pl/posting.php?f=2&mode=quote&p=524,https://web.archive.org/web/20201030063604id_/http://forum.clash.y0.pl/posting.php?mode=quote&f=2&p=524,error,0,,,URLError: <urlopen error [Errno 111] Connection refused>
http://forum.clash.y0.pl/posting.php?f=2&mode=quote&p=526,https://web.archive.org/web/20201030070711id_/http://forum.clash.y0.pl/posting.php?mode=quote&f=2&p=526,error,0,,,URLError: <urlopen error [Errno 111] Connection refused>
http://forum.clash.y0.pl/posting.php?f=2&mode=quote&p=528,https://web.archive.org/web/20201030073757id_/http://forum.clash.y0.pl/posting.php?mode=quote&f=2&p=528,error,0,,,URLError: <urlopen error [Errno 111] Connection refused>
http://forum.clash.y0.pl/posting.php?f=2&mode=quote&p=529,https://web.archive.org/web/20201030075529id_/http://forum.clash.y0.pl/posting.php?mode=quote&f=2&p=529,error,0,,,URLError: <urlopen error [Errno 111] Connection refused>
http://forum.clash.y0.pl/posting.php?f=2&mode=quote&p=530,https://web.archive.org/web/20201030071809id_/http://forum.clash.y0.pl/posting.php?mode=quote&f=2&p=530,error,0,,,URLError: <urlopen error [Errno 111] Connection refused>
http://forum.clash.y0.pl/posting.php?f=2&mode=quote&p=531,https://web.archive.org/web/20201030073543id_/http://forum.clash.y0.pl/posting.php?mode=quote&f=2&p=531,error,0,,,URLError: <urlopen error [Errno 111] Connection refused>
http://forum.clash.y0.pl/posting.php?f=2&mode=quote&p=544,https://web.archive.org/web/20191212001923id_/http://forum.clash.y0.pl/posting.php?mode=quote&f=2&p=544,error,0,,,URLError: <urlopen error [Errno 111] Connection refused>
http://forum.clash.y0.pl/posting.php?f=2&mode=quote&p=545,https://web.archive.org/web/20191212002347id_/http://forum.clash.y0.pl/posting.php?mode=quote&f=2&p=545,error,0,,,URLError: <urlopen error [Errno 111] Connection refused>
http://forum.clash.y0.pl/posting.php?f=2&mode=quote&p=546,https://web.archive.org/web/20191212002650id_/http://forum.clash.y0.pl/posting.php?mode=quote&f=2&p=546,error,0,,,URLError: <urlopen error [Errno 111] Connection refused>
http://forum.clash.y0.pl/posting.php?f=2&mode=quote&p=547,https://web.archive.org/web/20191212004213id_/http://forum.clash.y0.pl/posting.php?mode=quote&f=2&p=547,error,0,,,URLError: <urlopen error [Errno 111] Connection refused>
http://forum.clash.y0.pl/posting.php?f=2&mode=quote&p=614,https://web.archive.org/web/20200930085928id_/http://forum.clash.y0.pl/posting.php?mode=quote&f=2&p=614,error,0,,,URLError: <urlopen error [Errno 111] Connection refused>
http://forum.clash.y0.pl/posting.php?f=2&mode=quote&p=634,https://web.archive.org/web/20201030065719id_/http://forum.clash.y0.pl/posting.php?mode=quote&f=2&p=634,error,0,,,URLError: <urlopen error [Errno 111] Connection refused>
http://forum.clash.y0.pl/posting.php?f=2&mode=quote&p=637,https://web.archive.org/web/20191212010349id_/http://forum.clash.y0.pl/posting.php?mode=quote&f=2&p=637,error,0,,,URLError: <urlopen error [Errno 111] Connection refused>
http://forum.clash.y0.pl/posting.php?f=2&mode=quote&p=691,https://web.archive.org/web/20201030075742id_/http://forum.clash.y0.pl/posting.php?mode=quote&f=2&p=691,error,0,,,URLError: <urlopen error [Errno 111] Connection refused>
http://forum.clash.y0.pl/posting.php?f=2&mode=quote&p=692,https://web.archive.org/web/20201030081508id_/http://forum.clash.y0.pl/posting.php?mode=quote&f=2&p=692,error,0,,,URLError: <urlopen error [Errno 111] Connection refused>
http://forum.clash.y0.pl/posting.php?f=2&mode=quote&p=693,https://web.archive.org/web/20201030064541id_/http://forum.clash.y0.pl/posting.php?mode=quote&f=2&p=693,error,0,,,URLError: <urlopen error [Errno 111] Connection refused>
http://forum.clash.y0.pl/posting.php?f=2&mode=quote&p=697,https://web.archive.org/web/20201030074420id_/http://forum.clash.y0.pl/posting.php?mode=quote&f=2&p=697,error,0,,,URLError: <urlopen error [Errno 111] Connection refused>
http://forum.clash.y0.pl/posting.php?f=2&mode=quote&p=698,https://web.archive.org/web/20201030080107id_/http://forum.clash.y0.pl/posting.php?mode=quote&f=2&p=698,error,0,,,URLError: <urlopen error [Errno 111] Connection refused>
http://forum.clash.y0.pl/posting.php?f=2&mode=quote&p=699,https://web.archive.org/web/20201030081809id_/http://forum.clash.y0.pl/posting.php?mode=quote&f=2&p=699,error,0,,,URLError: <urlopen error [Errno 111] Connection refused>
http://forum.clash.y0.pl/posting.php?f=2&mode=quote&p=700,https://web.archive.org/web/20201030075446id_/http://forum.clash.y0.pl/posting.php?mode=quote&f=2&p=700,error,0,,,URLError: <urlopen error [Errno 111] Connection refused>
http://forum.clash.y0.pl/posting.php?f=2&mode=quote&p=701,https://web.archive.org/web/20200930103320id_/http://forum.clash.y0.pl/posting.php?mode=quote&f=2&p=701,error,0,,,URLError: <urlopen error [Errno 111] Connection refused>
http://forum.clash.y0.pl/posting.php?f=2&mode=quote&p=702,https://web.archive.org/web/20200930081444id_/http://forum.clash.y0.pl/posting.php?mode=quote&f=2&p=702,error,0,,,URLError: <urlopen error [Errno 111] Connection refused>
http://forum.clash.y0.pl/posting.php?f=2&mode=quote&p=703,https://web.archive.org/web/20200930090336id_/http://forum.clash.y0.pl/posting.php?mode=quote&f=2&p=703,error,0,,,URLError: <urlopen error [Errno 111] Connection refused>
http://forum.clash.y0.pl/posting.php?f=2&mode=quote&p=704,https://web.archive.org/web/20200930092414id_/http://forum.clash.y0.pl/posting.php?mode=quote&f=2&p=704,error,0,,,URLError: <urlopen error [Errno 111] Connection refused>
http://forum.clash.y0.pl/posting.php?f=2&mode=quote&p=709,https://web.archive.org/web/20200930082702id_/http://forum.clash.y0.pl/posting.php?mode=quote&f=2&p=709,error,0,,,URLError: <urlopen error [Errno 111] Connection refused>
http://forum.clash.y0.pl/posting.php?f=2&mode=reply&t=22,https://web.archive.org/web/20191212003309id_/http://forum.clash.y0.pl/posting.php?mode=reply&f=2&t=22,error,0,,,URLError: <urlopen error [Errno 111] Connection refused>
http://forum.clash.y0.pl/posting.php?f=2&mode=reply&t=27,https://web.archive.org/web/20191212003615id_/http://forum.clash.y0.pl/posting.php?mode=reply&f=2&t=27,error,0,,,URLError: <urlopen error [Errno 111] Connection refused>
http://forum.clash.y0.pl/posting.php?f=2&mode=reply&t=29,https://web.archive.org/web/20191212003732id_/http://forum.clash.y0.pl/posting.php?mode=reply&f=2&t=29,error,0,,,URLError: <urlopen error [Errno 111] Connection refused>
http://forum.clash.y0.pl/posting.php?f=2&mode=reply&t=8,https://web.archive.org/web/20191212015530id_/http://forum.clash.y0.pl/posting.php?mode=reply&f=2&t=8,error,0,,,URLError: <urlopen error [Errno 111] Connection refused>
http://forum.clash.y0.pl/posting.php?f=2&mode=reply&t=9,https://web.archive.org/web/20200930085052id_/http://forum.clash.y0.pl/posting.php?mode=reply&f=2&t=9,error,0,,,URLError: <urlopen error [Errno 111] Connection refused>
http://forum.clash.y0.pl/posting.php?f=3&mode=post,https://web.archive.org/web/20191212003546id_/http://forum.clash.y0.pl/posting.php?mode=post&f=3,error,0,,,URLError: <urlopen error [Errno 111] Connection refused>
http://forum.clash.y0.pl/posting.php?f=3&mode=quote&p=124,https://web.archive.org/web/20210514165458id_/http://forum.clash.y0.pl/posting.php?mode=quote&f=3&p=124&sid=bfb4a9bdd1ee4f5b8c7524bfdd5b8438,error,0,,,URLError: <urlopen error [Errno 111] Connection refused>
http://forum.clash.y0.pl/posting.php?f=3&mode=quote&p=125,https://web.archive.org/web/20210514170727id_/http://forum.clash.y0.pl/posting.php?mode=quote&f=3&p=125&sid=bfb4a9bdd1ee4f5b8c7524bfdd5b8438,error,0,,,URLError: <urlopen error [Errno 111] Connection refused>
http://forum.clash.y0.pl/posting.php?f=3&mode=quote&p=126,https://web.archive.org/web/20210514172237id_/http://forum.clash.y0.pl/posting.php?mode=quote&f=3&p=126&sid=bfb4a9bdd1ee4f5b8c7524bfdd5b8438,error,0,,,URLError: <urlopen error [Errno 111] Connection refused>
http://forum.clash.y0.pl/posting.php?f=3&mode=quote&p=127,https://web.archive.org/web/20210514173931id_/http://forum.clash.y0.pl/posting.php?mode=quote&f=3&p=127&sid=bfb4a9bdd1ee4f5b8c7524bfdd5b8438,error,0,,,URLError: <urlopen error [Errno 111] Connection refused>
http://forum.clash.y0.pl/posting.php?f=3&mode=quote&p=131,https://web.archive.org/web/20210514155035id_/http://forum.clash.y0.pl/posting.php?mode=quote&f=3&p=131&sid=bfb4a9bdd1ee4f5b8c7524bfdd5b8438,error,0,,,URLError: <urlopen error [Errno 111] Connection refused>
http://forum.clash.y0.pl/posting.php?f=3&mode=quote&p=132,https://web.archive.org/web/20210514161944id_/http://forum.clash.y0.pl/posting.php?mode=quote&f=3&p=132&sid=bfb4a9bdd1ee4f5b8c7524bfdd5b8438,error,0,,,URLError: <urlopen error [Errno 111] Connection refused>
http://forum.clash.y0.pl/posting.php?f=3&mode=quote&p=133,https://web.archive.org/web/20210514164011id_/http://forum.clash.y0.pl/posting.php?mode=quote&f=3&p=133&sid=bfb4a9bdd1ee4f5b8c7524bfdd5b8438,error,0,,,URLError: <urlopen error [Errno 111] Connection refused>
http://forum.clash.y0.pl/posting.php?f=3&mode=quote&p=134,https://web.archive.org/web/20210514165535id_/http://forum.clash.y0.pl/posting.php?mode=quote&f=3&p=134&sid=bfb4a9bdd1ee4f5b8c7524bfdd5b8438,error,0,,,URLError: <urlopen error [Errno 111] Connection refused>
http://forum.clash.y0.pl/posting.php?f=3&mode=quote&p=135,https://web.archive.org/web/20210514170809id_/http://forum.clash.y0.pl/posting.php?mode=quote&f=3&p=135&sid=bfb4a9bdd1ee4f5b8c7524bfdd5b8438,error,0,,,URLError: <urlopen error [Errno 111] Connection refused>
http://forum.clash.y0.pl/posting.php?f=3&mode=quote&p=136,https://web.archive.org/web/20210514172349id_/http://forum.clash.y0.pl/posting.php?mode=quote&f=3&p=136&sid=bfb4a9bdd1ee4f5b8c7524bfdd5b8438,error,0,,,URLError: <urlopen error [Errno 111] Connection refused>
http://forum.clash.y0.pl/posting.php?f=3&mode=quote&p=1367,https://web.archive.org/web/20210514154623id_/http://forum.clash.y0.pl/posting.php?mode=quote&f=3&p=1367&sid=8988bfff0df5526858a134d3099d5c02,error,0,,,URLError: <urlopen error [Errno 111] Connection refused>
http://forum.clash.y0.pl/posting.php?f=3&mode=quote&p=1368,https://web.archive.org/web/20210514170342id_/http://forum.clash.y0.pl/posting.php?mode=quote&f=3&p=1368&sid=8988bfff0df5526858a134d3099d5c02,error,0,,,URLError: <urlopen error [Errno 111] Connection refused>
http://forum.clash.y0.pl/posting.php?f=3&mode=quote&p=1373,https://web.archive.org/web/20210514153408id_/http://forum.clash.y0.pl/posting.php?mode=quote&f=3&p=1373&sid=8988bfff0df5526858a134d3099d5c02,error,0,,,URLError: <urlopen error [Errno 111] Connection refused>
http://forum.clash.y0.pl/posting.php?f=3&mode=quote&p=1374,https://web.archive.org/web/20210514165759id_/http://forum.clash.y0.pl/posting.php?mode=quote&f=3&p=1374&sid=8988bfff0df5526858a134d3099d5c02,error,0,,,URLError: <urlopen error [Errno 111] Connection refused>
http://forum.clash.y0.pl/posting.php?f=3&mode=quote&p=1375,https://web.archive.org/web/20210514155649id_/http://forum.clash.y0.pl/posting.php?mode=quote&f=3&p=1375&sid=8988bfff0df5526858a134d3099d5c02,error,0,,,URLError: <urlopen error [Errno 111] Connection refused>
http://forum.clash.y0.pl/posting.php?f=3&mode=quote&p=1379,https://web.archive.org/web/20210514163219id_/http://forum.clash.y0.pl/posting.php?mode=quote&f=3&p=1379&sid=8988bfff0df5526858a134d3099d5c02,error,0,,,URLError: <urlopen error [Errno 111] Connection refused>
http://forum.clash.y0.pl/posting.php?f=3&mode=quote&p=1381,https://web.archive.org/web/20210514154401id_/http://forum.clash.y0.pl/posting.php?mode=quote&f=3&p=1381&sid=8988bfff0df5526858a134d3099d5c02,error,0,,,URLError: <urlopen error [Errno 111] Connection refused>
http://forum.clash.y0.pl/posting.php?f=3&mode=quote&p=1445,https://web.archive.org/web/20200930092651id_/http://forum.clash.y0.pl/posting.php?mode=quote&f=3&p=1445,error,0,,,URLError: <urlopen error [Errno 111] Connection refused>
http://forum.clash.y0.pl/posting.php?f=3&mode=quote&p=1446,https://web.archive.org/web/20200930103242id_/http://forum.clash.y0.pl/posting.php?mode=quote&f=3&p=1446,error,0,,,URLError: <urlopen error [Errno 111] Connection refused>
http://forum.clash.y0.pl/posting.php?f=3&mode=quote&p=1447,https://web.archive.org/web/20200930093958id_/http://forum.clash.y0.pl/posting.php?mode=quote&f=3&p=1447,error,0,,,URLError: <urlopen error [Errno 111] Connection refused>
http://forum.clash.y0.pl/posting.php?f=3&mode=quote&p=1448,https://web.archive.org/web/20200930105044id_/http://forum.clash.y0.pl/posting.php?mode=quote&f=3&p=1448,error,0,,,URLError: <urlopen error [Errno 111] Connection refused>
http://forum.clash.y0.pl/posting.php?f=3&mode=quote&p=1451,https://web.archive.org/web/20200930091346id_/http://forum.clash.y0.pl/posting.php?mode=quote&f=3&p=1451,error,0,,,URLError: <urlopen error [Errno 111] Connection refused>
http://forum.clash.y0.pl/posting.php?f=3&mode=quote&p=1459,https://web.archive.org/web/20200930100742id_/http://forum.clash.y0.pl/posting.php?mode=quote&f=3&p=1459,error,0,,,URLError: <urlopen error [Errno 111] Connection refused>
http://forum.clash.y0.pl/posting.php?f=3&mode=quote&p=1460,https://web.archive.org/web/20200930103040id_/http://forum.clash.y0.pl/posting.php?mode=quote&f=3&p=1460,error,0,,,URLError: <urlopen error [Errno 111] Connection refused>
http://forum.clash.y0.pl/posting.php?f=3&mode=quote&p=1461,https://web.archive.org/web/20200930093737id_/http://forum.clash.y0.pl/posting.php?mode=quote&f=3&p=1461,error,0,,,URLError: <urlopen error [Errno 111] Connection refused>
http://forum.clash.y0.pl/posting.php?f=3&mode=quote&p=1464,https://web.archive.org/web/20200930082952id_/http://forum.clash.y0.pl/posting.php?mode=quote&f=3&p=1464,error,0,,,URLError: <urlopen error [Errno 111] Connection refused>
http://forum.clash.y0.pl/posting.php?f=3&mode=quote&p=1465,https://web.archive.org/web/20200930100304id_/http://forum.clash.y0.pl/posting.php?mode=quote&f=3&p=1465,error,0,,,URLError: <urlopen error [Errno 111] Connection refused>
http://forum.clash.y0.pl/posting.php?f=3&mode=quote&p=397,https://web.archive.org/web/20210514161000id_/http://forum.clash.y0.pl/posting.php?mode=quote&f=3&p=397&sid=b7533a12ca45c4a09adfd8e311b43733,error,0,,,URLError: <urlopen error [Errno 111] Connection refused>
http://forum.clash.y0.pl/posting.php?f=3&mode=quote&p=398,https://web.archive.org/web/20210514163304id_/http://forum.clash.y0.pl/posting.php?mode=quote&f=3&p=398&sid=b7533a12ca45c4a09adfd8e311b43733,error,0,,,URLError: <urlopen error [Errno 111] Connection refused>
http://forum.clash.y0.pl/posting.php?f=3&mode=quote&p=399,https://web.archive.org/web/20210514165036id_/http://forum.clash.y0.pl/posting.php?mode=quote&f=3&p=399&sid=b7533a12ca45c4a09adfd8e311b43733,error,0,,,URLError: <urlopen error [Errno 111] Connection refused>
http://forum.clash.y0.pl/posting.php?f=3&mode=quote&p=400,https://web.archive.org/web/20210514162437id_/http://forum.clash.y0.pl/posting.php?mode=quote&f=3&p=400&sid=b7533a12ca45c4a09adfd8e311b43733,error,0,,,URLError: <urlopen error [Errno 111] Connection refused>
http://forum.clash.y0.pl/posting.php?f=3&mode=quote&p=401,https://web.archive.org/web/20210514164250id_/http://forum.clash.y0.pl/posting.php?mode=quote&f=3&p=401&sid=b7533a12ca45c4a09adfd8e311b43733,error,0,,,URLError: <urlopen error [Errno 111] Connection refused>
http://forum.clash.y0.pl/posting.php?f=3&mode=quote&p=402,https://web.archive.org/web/20210514165646id_/http://forum.clash.y0.pl/posting.php?mode=quote&f=3&p=402&sid=b7533a12ca45c4a09adfd8e311b43733,error,0,,,URLError: <urlopen error [Errno 111] Connection refused>
http://forum.clash.y0.pl/posting.php?f=3&mode=quote&p=403,https://web.archive.org/web/20210514171258id_/http://forum.clash.y0.pl/posting.php?mode=quote&f=3&p=403&sid=b7533a12ca45c4a09adfd8e311b43733,error,0,,,URLError: <urlopen error [Errno 111] Connection refused>
http://forum.clash.y0.pl/posting.php?f=3&mode=quote&p=407,https://web.archive.org/web/20210514162741id_/http://forum.clash.y0.pl/posting.php?mode=quote&f=3&p=407&sid=b7533a12ca45c4a09adfd8e311b43733,error,0,,,URLError: <urlopen error [Errno 111] Connection refused>
http://forum.clash.y0.pl/posting.php?f=3&mode=quote&p=410,https://web.archive.org/web/20210514162537id_/http://forum.clash.y0.pl/posting.php?mode=quote&f=3&p=410&sid=b7533a12ca45c4a09adfd8e311b43733,error,0,,,URLError: <urlopen error [Errno 111] Connection refused>
http://forum.clash.y0.pl/posting.php?f=3&mode=quote&p=411,https://web.archive.org/web/20210514164413id_/http://forum.clash.y0.pl/posting.php?mode=quote&f=3&p=411&sid=b7533a12ca45c4a09adfd8e311b43733,error,0,,,URLError: <urlopen error [Errno 111] Connection refused>
http://forum.clash.y0.pl/posting.php?f=3&mode=quote&p=497,https://web.archive.org/web/20191212005919id_/http://forum.clash.y0.pl/posting.php?mode=quote&f=3&p=497,error,0,,,URLError: <urlopen error [Errno 111] Connection refused>
http://forum.clash.y0.pl/posting.php?f=3&mode=quote&p=499,https://web.archive.org/web/20191212014051id_/http://forum.clash.y0.pl/posting.php?mode=quote&f=3&p=499,error,0,,,URLError: <urlopen error [Errno 111] Connection refused>
http://forum.clash.y0.pl/posting.php?f=3&mode=quote&p=500,https://web.archive.org/web/20191212011215id_/http://forum.clash.y0.pl/posting.php?mode=quote&f=3&p=500,error,0,,,URLError: <urlopen error [Errno 111] Connection refused>
http://forum.clash.y0.pl/posting.php?f=3&mode=quote&p=501,https://web.archive.org/web/20191212013259id_/http://forum.clash.y0.pl/posting.php?mode=quote&f=3&p=501,error,0,,,URLError: <urlopen error [Errno 111] Connection refused>
http://forum.clash.y0.pl/posting.php?f=3&mode=quote&p=503,https://web.archive.org/web/20191212002201id_/http://forum.clash.y0.pl/posting.php?mode=quote&f=3&p=503,error,0,,,URLError: <urlopen error [Errno 111] Connection refused>
http://forum.clash.y0.pl/posting.php?f=3&mode=quote&p=504,https://web.archive.org/web/20191212002522id_/http://forum.clash.y0.pl/posting.php?mode=quote&f=3&p=504,error,0,,,URLError: <urlopen error [Errno 111] Connection refused>
http://forum.clash.y0.pl/posting.php?f=3&mode=quote&p=505,https://web.archive.org/web/20191212003521id_/http://forum.clash.y0.pl/posting.php?mode=quote&f=3&p=505,error,0,,,URLError: <urlopen error [Errno 111] Connection refused>
http://forum.clash.y0.pl/posting.php?f=3&mode=quote&p=507,https://web.archive.org/web/20191212011608id_/http://forum.clash.y0.pl/posting.php?mode=quote&f=3&p=507,error,0,,,URLError: <urlopen error [Errno 111] Connection refused>
http://forum.clash.y0.pl/posting.php?f=3&mode=quote&p=508,https://web.archive.org/web/20191212013659id_/http://forum.clash.y0.pl/posting.php?mode=quote&f=3&p=508,error,0,,,URLError: <urlopen error [Errno 111] Connection refused>
http://forum.clash.y0.pl/posting.php?f=3&mode=quote&p=509,https://web.archive.org/web/20191212015725id_/http://forum.clash.y0.pl/posting.php?mode=quote&f=3&p=509,error,0,,,URLError: <urlopen error [Errno 111] Connection refused>
http://forum.clash.y0.pl/posting.php?f=3&mode=quote&p=683,https://web.archive.org/web/20210514172538id_/http://forum.clash.y0.pl/posting.php?mode=quote&f=3&p=683&sid=8988bfff0df5526858a134d3099d5c02,error,0,,,URLError: <urlopen error [Errno 111] Connection refused>
http://forum.clash.y0.pl/posting.php?f=3&mode=reply&t=19,https://web.archive.org/web/20191212005146id_/http://forum.clash.y0.pl/posting.php?mode=reply&f=3&t=19,error,0,,,URLError: <urlopen error [Errno 111] Connection refused>
http://forum.clash.y0.pl/posting.php?f=3&mode=reply&t=23,https://web.archive.org/web/20210514164649id_/http://forum.clash.y0.pl/posting.php?mode=reply&f=3&t=23&sid=8988bfff0df5526858a134d3099d5c02,error,0,,,URLError: <urlopen error [Errno 111] Connection refused>
http://forum.clash.y0.pl/posting.php?f=3&mode=reply&t=7,https://web.archive.org/web/20210514162935id_/http://forum.clash.y0.pl/posting.php?mode=reply&f=3&t=7&sid=bfb4a9bdd1ee4f5b8c7524bfdd5b8438,error,0,,,URLError: <urlopen error [Errno 111] Connection refused>
http://forum.clash.y0.pl/posting.php?f=3&mode=reply&t=753,https://web.archive.org/web/20200930093154id_/http://forum.clash.y0.pl/posting.php?mode=reply&f=3&t=753,error,0,,,URLError: <urlopen error [Errno 111] Connection refused>
http://forum.clash.y0.pl/posting.php?f=4&mode=post,https://web.archive.org/web/20240521040311id_/http://forum.clash.y0.pl/posting.php?mode=post&f=4&sid=423522a90398b7265571b40153988e69,error,0,,,URLError: <urlopen error [Errno 111] Connection refused>
http://forum.clash.y0.pl/posting.php?mode=quote&p=1377,https://web.archive.org/web/20240620085128id_/http://forum.clash.y0.pl/posting.php?mode=quote&p=1377&sid=d02d4cf7b1ff50dd75555b1edc556ce9,error,0,,,URLError: <urlopen error [Errno 111] Connection refused>
http://forum.clash.y0.pl/posting.php?mode=quote&p=1380,https://web.archive.org/web/20240624070405id_/http://forum.clash.y0.pl/posting.php?mode=quote&p=1380&sid=c20b76a3e3e2da6fb08623b37092bcad,error,0,,,URLError: <urlopen error [Errno 111] Connection refused>
http://forum.clash.y0.pl/posting.php?mode=quote&p=1382,https://web.archive.org/web/20240620085744id_/http://forum.clash.y0.pl/posting.php?mode=quote&p=1382&sid=d02d4cf7b1ff50dd75555b1edc556ce9,error,0,,,URLError: <urlopen error [Errno 111] Connection refused>
http://forum.clash.y0.pl/posting.php?mode=quote&p=1383,https://web.archive.org/web/20240614055827id_/http://forum.clash.y0.pl/posting.php?mode=quote&p=1383&sid=d02d4cf7b1ff50dd75555b1edc556ce9,error,0,,,URLError: <urlopen error [Errno 111] Connection refused>
http://forum.clash.y0.pl/posting.php?mode=quote&p=1387,https://web.archive.org/web/20240620101450id_/http://forum.clash.y0.pl/posting.php?mode=quote&p=1387&sid=d02d4cf7b1ff50dd75555b1edc556ce9,error,0,,,URLError: <urlopen error [Errno 111] Connection refused>
http://forum.clash.y0.pl/posting.php?mode=quote&p=1390,https://web.archive.org/web/20240614063529id_/http://forum.clash.y0.pl/posting.php?mode=quote&p=1390&sid=d02d4cf7b1ff50dd75555b1edc556ce9,error,0,,,URLError: <urlopen error [Errno 111] Connection refused>
http://forum.clash.y0.pl/posting.php?mode=quote&p=1391,https://web.archive.org/web/20240620100718id_/http://forum.clash.y0.pl/posting.php?mode=quote&p=1391&sid=d02d4cf7b1ff50dd75555b1edc556ce9,error,0,,,URLError: <urlopen error [Errno 111] Connection refused>
http://forum.clash.y0.pl/posting.php?mode=quote&p=1399,https://web.archive.org/web/20240621082837id_/http://forum.clash.y0.pl/posting.php?mode=quote&p=1399&sid=d02d4cf7b1ff50dd75555b1edc556ce9,error,0,,,URLError: <urlopen error [Errno 111] Connection refused>
http://forum.clash.y0.pl/posting.php?mode=quote&p=1400,https://web.archive.org/web/20240614101542id_/http://forum.clash.y0.pl/posting.php?mode=quote&p=1400&sid=d02d4cf7b1ff50dd75555b1edc556ce9,error,0,,,URLError: <urlopen error [Errno 111] Connection refused>
http://forum.clash.y0.pl/posting.php?mode=quote&p=1402,https://web.archive.org/web/20240614051536id_/http://forum.clash.y0.pl/posting.php?mode=quote&p=1402&sid=d02d4cf7b1ff50dd75555b1edc556ce9,error,0,,,URLError: <urlopen error [Errno 111] Connection refused>
http://forum.clash.y0.pl/posting.php?mode=quote&p=1424,https://web.archive.org/web/20240624054144id_/http://forum.clash.y0.pl/posting.php?mode=quote&p=1424&sid=b8166bff977d78e99fd278daa33c1862,error,0,,,URLError: <urlopen error [Errno 111] Connection refused>
http://forum.clash.y0.pl/posting.php?mode=quote&p=1425,https://web.archive.org/web/20240624055946id_/http://forum.clash.y0.pl/posting.php?mode=quote&p=1425&sid=b8166bff977d78e99fd278daa33c1862,error,0,,,URLError: <urlopen error [Errno 111] Connection refused>
http://forum.clash.y0.pl/posting.php?mode=quote&p=1426,https://web.archive.org/web/20240624061749id_/http://forum.clash.y0.pl/posting.php?mode=quote&p=1426&sid=b8166bff977d78e99fd278daa33c1862,error,0,,,URLError: <urlopen error [Errno 111] Connection refused>
http://forum.clash.y0.pl/posting.php?mode=quote&p=1427,https://web.archive.org/web/20240614084339id_/http://forum.clash.y0.pl/posting.php?mode=quote&p=1427&sid=b8166bff977d78e99fd278daa33c1862,error,0,,,URLError: <urlopen error [Errno 111] Connection refused>
http://forum.clash.y0.pl/posting.php?mode=quote&p=1428,https://web.archive.org/web/20240624064131id_/http://forum.clash.y0.pl/posting.php?mode=quote&p=1428&sid=b8166bff977d78e99fd278daa33c1862,error,0,,,URLError: <urlopen error [Errno 111] Connection refused>
http://forum.clash.y0.pl/posting.php?mode=quote&p=1429,https://web.archive.org/web/20240624065344id_/http://forum.clash.y0.pl/posting.php?mode=quote&p=1429&sid=b8166bff977d78e99fd278daa33c1862,error,0,,,URLError: <urlopen error [Errno 111] Connection refused>
http://forum.clash.y0.pl/posting.php?mode=quote&p=1430,https://web.archive.org/web/20240624060817id_/http://forum.clash.y0.pl/posting.php?mode=quote&p=1430&sid=b8166bff977d78e99fd278daa33c1862,error,0,,,URLError: <urlopen error [Errno 111] Connection refused>
http://forum.clash.y0.pl/posting.php?mode=quote&p=1431,https://web.archive.org/web/20240624063413id_/http://forum.clash.y0.pl/posting.php?mode=quote&p=1431&sid=126c9991e96ea479a6b2185133120d61,error,0,,,URLError: <urlopen error [Errno 111] Connection refused>
http://forum.clash.y0.pl/posting.php?mode=quote&p=1433,https://web.archive.org/web/20240624064439id_/http://forum.clash.y0.pl/posting.php?mode=quote&p=1433&sid=b8166bff977d78e99fd278daa33c1862,error,0,,,URLError: <urlopen error [Errno 111] Connection refused>
http://forum.clash.y0.pl/posting.php?mode=quote&p=1434,https://web.archive.org/web/20240624070852id_/http://forum.clash.y0.pl/posting.php?mode=quote&p=1434&sid=b8166bff977d78e99fd278daa33c1862,error,0,,,URLError: <urlopen error [Errno 111] Connection refused>
http://forum.clash.y0.pl/posting.php?mode=quote&p=1449,https://web.archive.org/web/20240521041450id_/http://forum.clash.y0.pl/posting.php?mode=quote&p=1449&sid=761a5e1b050f16e72b599d40fac2af02,error,0,,,URLError: <urlopen error [Errno 111] Connection refused>
http://forum.clash.y0.pl/posting.php?mode=quote&p=1453,https://web.archive.org/web/20240521040933id_/http://forum.clash.y0.pl/posting.php?mode=quote&p=1453&sid=761a5e1b050f16e72b599d40fac2af02,error,0,,,URLError: <urlopen error [Errno 111] Connection refused>
http://forum.clash.y0.pl/posting.php?mode=quote&p=1454,https://web.archive.org/web/20240521041739id_/http://forum.clash.y0.pl/posting.php?mode=quote&p=1454&sid=761a5e1b050f16e72b599d40fac2af02,error,0,,,URLError: <urlopen error [Errno 111] Connection refused>
http://forum.clash.y0.pl/posting.php?mode=quote&p=150,https://web.archive.org/web/20240614064801id_/http://forum.clash.y0.pl/posting.php?mode=quote&p=150&sid=72217aa2ac3dc063d0b91e5b4f50c5cc,error,0,,,URLError: <urlopen error [Errno 111] Connection refused>
http://forum.clash.y0.pl/posting.php?mode=quote&p=151,https://web.archive.org/web/20240614054238id_/http://forum.clash.y0.pl/posting.php?mode=quote&p=151&sid=72217aa2ac3dc063d0b91e5b4f50c5cc,error,0,,,URLError: <urlopen error [Errno 111] Connection refused>
http://forum.clash.y0.pl/posting.php?mode=quote&p=152,https://web.archive.org/web/20240620101921id_/http://forum.clash.y0.pl/posting.php?mode=quote&p=152&sid=72217aa2ac3dc063d0b91e5b4f50c5cc,error,0,,,URLError: <urlopen error [Errno 111] Connection refused>
http://forum.clash.y0.pl/posting.php?mode=quote&p=1529,https://web.archive.org/web/20240908160615id_/http://forum.clash.y0.pl/posting.php?mode=quote&p=1529&sid=90f6df52c6c825a9118994b7f2ae46a7,error,0,,,URLError: <urlopen error [Errno 111] Connection refused>
http://forum.clash.y0.pl/posting.php?mode=quote&p=1530,https://web.archive.org/web/20240908171247id_/http://forum.clash.y0.pl/posting.php?mode=quote&p=1530&sid=5e4f71c44dfc52e45713ed95d2fadf58,error,0,,,URLError: <urlopen error [Errno 111] Connection refused>
http://forum.clash.y0.pl/posting.php?mode=quote&p=1532,https://web.archive.org/web/20240908151222id_/http://forum.clash.y0.pl/posting.php?mode=quote&p=1532&sid=d3f4d1684b52a51534d529d3d8a923c2,error,0,,,URLError: <urlopen error [Errno 111] Connection refused>
http://forum.clash.y0.pl/posting.php?mode=quote&p=1535,https://web.archive.org/web/20240908155326id_/http://forum.clash.y0.pl/posting.php?mode=quote&p=1535&sid=d3f4d1684b52a51534d529d3d8a923c2,error,0,,,URLError: <urlopen error [Errno 111] Connection refused>
http://forum.clash.y0.pl/posting.php?mode=quote&p=1538,https://web.archive.org/web/20240908155701id_/http://forum.clash.y0.pl/posting.php?mode=quote&p=1538&sid=85f13b86c50af75cb93e0fcafcee35da,error,0,,,URLError: <urlopen error [Errno 111] Connection refused>
http://forum.clash.y0.pl/posting.php?mode=quote&p=1550,https://web.archive.org/web/20240618145045id_/http://forum.clash.y0.pl/posting.php?mode=quote&p=1550&sid=dc0eea1b54ed1b71e8abc3a9cbdaa552,error,0,,,URLError: <urlopen error [Errno 111] Connection refused>
http://forum.clash.y0.pl/posting.php?mode=quote&p=1551,https://web.archive.org/web/20240618152228id_/http://forum.clash.y0.pl/posting.php?mode=quote&p=1551&sid=afea8e0f1c381e3aebf4d5bdb3c25994,error,0,,,URLError: <urlopen error [Errno 111] Connection refused>
http://forum.clash.y0.pl/posting.php?mode=quote&p=1552,https://web.archive.org/web/20240618151815id_/http://forum.clash.y0.pl/posting.php?mode=quote&p=1552&sid=dc0eea1b54ed1b71e8abc3a9cbdaa552,error,0,,,URLError: <urlopen error [Errno 111] Connection refused>
http://forum.clash.y0.pl/posting.php?mode=quote&p=1553,https://web.archive.org/web/20240618155711id_/http://forum.clash.y0.pl/posting.php?mode=quote&p=1553&sid=afea8e0f1c381e3aebf4d5bdb3c25994,error,0,,,URLError: <urlopen error [Errno 111] Connection refused>
http://forum.clash.y0.pl/posting.php?mode=quote&p=1554,https://web.archive.org/web/20240618155005id_/http://forum.clash.y0.pl/posting.php?mode=quote&p=1554&sid=dc0eea1b54ed1b71e8abc3a9cbdaa552,error,0,,,URLError: <urlopen error [Errno 111] Connection refused>
http://forum.clash.y0.pl/posting.php?mode=quote&p=1555,https://web.archive.org/web/20240618160307id_/http://forum.clash.y0.pl/posting.php?mode=quote&p=1555&sid=dc0eea1b54ed1b71e8abc3a9cbdaa552,error,0,,,URLError: <urlopen error [Errno 111] Connection refused>
http://forum.clash.y0.pl/posting.php?mode=quote&p=1556,https://web.archive.org/web/20240618161448id_/http://forum.clash.y0.pl/posting.php?mode=quote&p=1556&sid=dc0eea1b54ed1b71e8abc3a9cbdaa552,error,0,,,URLError: <urlopen error [Errno 111] Connection refused>
http://forum.clash.y0.pl/posting.php?mode=quote&p=1557,https://web.archive.org/web/20240618162836id_/http://forum.clash.y0.pl/posting.php?mode=quote&p=1557&sid=dc0eea1b54ed1b71e8abc3a9cbdaa552,error,0,,,URLError: <urlopen error [Errno 111] Connection refused>
http://forum.clash.y0.pl/posting.php?mode=quote&p=1558,https://web.archive.org/web/20240618142015id_/http://forum.clash.y0.pl/posting.php?mode=quote&p=1558&sid=dc0eea1b54ed1b71e8abc3a9cbdaa552,error,0,,,URLError: <urlopen error [Errno 111] Connection refused>
http://forum.clash.y0.pl/posting.php?mode=quote&p=1559,https://web.archive.org/web/20240618144021id_/http://forum.clash.y0.pl/posting.php?mode=quote&p=1559&sid=dc0eea1b54ed1b71e8abc3a9cbdaa552,error,0,,,URLError: <urlopen error [Errno 111] Connection refused>
http://forum.clash.y0.pl/posting.php?mode=quote&p=1560,https://web.archive.org/web/20240521042727id_/http://forum.clash.y0.pl/posting.php?mode=quote&p=1560&sid=500e00cb5d19104148e07f5f33cc23f8,error,0,,,URLError: <urlopen error [Errno 111] Connection refused>
http://forum.clash.y0.pl/posting.php?mode=quote&p=157,https://web.archive.org/web/20240621083359id_/http://forum.clash.y0.pl/posting.php?mode=quote&p=157&sid=72217aa2ac3dc063d0b91e5b4f50c5cc,error,0,,,URLError: <urlopen error [Errno 111] Connection refused>
http://forum.clash.y0.pl/posting.php?mode=quote&p=1583,https://web.archive.org/web/20240527200140id_/http://forum.clash.y0.pl/posting.php?mode=quote&p=1583&sid=799407f88ae273e9b7bab554894ee2c1,error,0,,,URLError: <urlopen error [Errno 111] Connection refused>
http://forum.clash.y0.pl/posting.php?mode=quote&p=1584,https://web.archive.org/web/20240527181029id_/http://forum.clash.y0.pl/posting.php?mode=quote&p=1584&sid=799407f88ae273e9b7bab554894ee2c1,error,0,,,URLError: <urlopen error [Errno 111] Connection refused>
http://forum.clash.y0.pl/posting.php?mode=quote&p=1585,https://web.archive.org/web/20240527182801id_/http://forum.clash.y0.pl/posting.php?mode=quote&p=1585&sid=799407f88ae273e9b7bab554894ee2c1,error,0,,,URLError: <urlopen error [Errno 111] Connection refused>
http://forum.clash.y0.pl/posting.php?mode=quote&p=1586,https://web.archive.org/web/20240527183811id_/http://forum.clash.y0.pl/posting.php?mode=quote&p=1586&sid=799407f88ae273e9b7bab554894ee2c1,error,0,,,URLError: <urlopen error [Errno 111] Connection refused>
http://forum.clash.y0.pl/posting.php?mode=quote&p=1587,https://web.archive.org/web/20240527185130id_/http://forum.clash.y0.pl/posting.php?mode=quote&p=1587&sid=799407f88ae273e9b7bab554894ee2c1,error,0,,,URLError: <urlopen error [Errno 111] Connection refused>
http://forum.clash.y0.pl/posting.php?mode=quote&p=1591,https://web.archive.org/web/20240527184517id_/http://forum.clash.y0.pl/posting.php?mode=quote&p=1591&sid=799407f88ae273e9b7bab554894ee2c1,error,0,,,URLError: <urlopen error [Errno 111] Connection refused>
http://forum.clash.y0.pl/posting.php?mode=quote&p=1604,https://web.archive.org/web/20240527184329id_/http://forum.clash.y0.pl/posting.php?mode=quote&p=1604&sid=e023a287118c5eda9d4366727597a8af,error,0,,,URLError: <urlopen error [Errno 111] Connection refused>
http://forum.clash.y0.pl/posting.php?mode=quote&p=1605,https://web.archive.org/web/20240527185621id_/http://forum.clash.y0.pl/posting.php?mode=quote&p=1605&sid=e023a287118c5eda9d4366727597a8af,error,0,,,URLError: <urlopen error [Errno 111] Connection refused>
http://forum.clash.y0.pl/posting.php?mode=quote&p=1606,https://web.archive.org/web/20240527190523id_/http://forum.clash.y0.pl/posting.php?mode=quote&p=1606&sid=e023a287118c5eda9d4366727597a8af,error,0,,,URLError: <urlopen error [Errno 111] Connection refused>
http://forum.clash.y0.pl/posting.php?mode=quote&p=1607,https://web.archive.org/web/20240527191528id_/http://forum.clash.y0.pl/posting.php?mode=quote&p=1607&sid=e023a287118c5eda9d4366727597a8af,error,0,,,URLError: <urlopen error [Errno 111] Connection refused>
http://forum.clash.y0.pl/posting.php?mode=quote&p=1608,https://web.archive.org/web/20240519180854id_/http://forum.clash.y0.pl/posting.php?mode=quote&p=1608&sid=e023a287118c5eda9d4366727597a8af,error,0,,,URLError: <urlopen error [Errno 111] Connection refused>
http://forum.clash.y0.pl/posting.php?mode=quote&p=1609,https://web.archive.org/web/20240527194256id_/http://forum.clash.y0.pl/posting.php?mode=quote&p=1609&sid=e023a287118c5eda9d4366727597a8af,error,0,,,URLError: <urlopen error [Errno 111] Connection refused>
http://forum.clash.y0.pl/posting.php?mode=quote&p=1611,https://web.archive.org/web/20240527190848id_/http://forum.clash.y0.pl/posting.php?mode=quote&p=1611&sid=e023a287118c5eda9d4366727597a8af,error,0,,,URLError: <urlopen error [Errno 111] Connection refused>
http://forum.clash.y0.pl/posting.php?mode=quote&p=1630,https://web.archive.org/web/20240519174709id_/http://forum.clash.y0.pl/posting.php?mode=quote&p=1630&sid=e023a287118c5eda9d4366727597a8af,error,0,,,URLError: <urlopen error [Errno 111] Connection refused>
http://forum.clash.y0.pl/posting.php?mode=quote&p=1631,https://web.archive.org/web/20240519180111id_/http://forum.clash.y0.pl/posting.php?mode=quote&p=1631&sid=e023a287118c5eda9d4366727597a8af,error,0,,,URLError: <urlopen error [Errno 111] Connection refused>
http://forum.clash.y0.pl/posting.php?mode=quote&p=1632,https://web.archive.org/web/20240519181411id_/http://forum.clash.y0.pl/posting.php?mode=quote&p=1632&sid=e023a287118c5eda9d4366727597a8af,error,0,,,URLError: <urlopen error [Errno 111] Connection refused>
http://forum.clash.y0.pl/posting.php?mode=quote&p=1633,https://web.archive.org/web/20240622215039id_/http://forum.clash.y0.pl/posting.php?mode=quote&p=1633&sid=a2d00e3d56cad43a44dc4e161f61b132,error,0,,,URLError: <urlopen error [Errno 111] Connection refused>
http://forum.clash.y0.pl/posting.php?mode=quote&p=1635,https://web.archive.org/web/20240622222308id_/http://forum.clash.y0.pl/posting.php?mode=quote&p=1635&sid=a2d00e3d56cad43a44dc4e161f61b132,error,0,,,URLError: <urlopen error [Errno 111] Connection refused>
http://forum.clash.y0.pl/posting.php?mode=quote&p=1636,https://web.archive.org/web/20240622223838id_/http://forum.clash.y0.pl/posting.php?mode=quote&p=1636&sid=a2d00e3d56cad43a44dc4e161f61b132,error,0,,,URLError: <urlopen error [Errno 111] Connection refused>
http://forum.clash.y0.pl/posting.php?mode=quote&p=1637,https://web.archive.org/web/20240622225701id_/http://forum.clash.y0.pl/posting.php?mode=quote&p=1637&sid=a2d00e3d56cad43a44dc4e161f61b132,error,0,,,URLError: <urlopen error [Errno 111] Connection refused>
http://forum.clash.y0.pl/posting.php?mode=quote&p=1638,https://web.archive.org/web/20240622231315id_/http://forum.clash.y0.pl/posting.php?mode=quote&p=1638&sid=a2d00e3d56cad43a44dc4e161f61b132,error,0,,,URLError: <urlopen error [Errno 111] Connection refused>
http://forum.clash.y0.pl/posting.php?mode=quote&p=1639,https://web.archive.org/web/20240622232528id_/http://forum.clash.y0.pl/posting.php?mode=quote&p=1639&sid=a2d00e3d56cad43a44dc4e161f61b132,error,0,,,URLError: <urlopen error [Errno 111] Connection refused>
http://forum.clash.y0.pl/posting.php?mode=quote&p=1646,https://web.archive.org/web/20240527183411id_/http://forum.clash.y0.pl/posting.php?mode=quote&p=1646&sid=799407f88ae273e9b7bab554894ee2c1,error,0,,,URLError: <urlopen error [Errno 111] Connection refused>
http://forum.clash.y0.pl/posting.php?mode=quote&p=1647,https://web.archive.org/web/20240527184810id_/http://forum.clash.y0.pl/posting.php?mode=quote&p=1647&sid=799407f88ae273e9b7bab554894ee2c1,error,0,,,URLError: <urlopen error [Errno 111] Connection refused>
http://forum.clash.y0.pl/posting.php?mode=quote&p=1649,https://web.archive.org/web/20240527190943id_/http://forum.clash.y0.pl/posting.php?mode=quote&p=1649&sid=799407f88ae273e9b7bab554894ee2c1,error,0,,,URLError: <urlopen error [Errno 111] Connection refused>
http://forum.clash.y0.pl/posting.php?mode=quote&p=1653,https://web.archive.org/web/20240521044359id_/http://forum.clash.y0.pl/posting.php?mode=quote&p=1653&sid=e69d19879901a14aa77f5c456987c177,error,0,,,URLError: <urlopen error [Errno 111] Connection refused>
http://forum.clash.y0.pl/posting.php?mode=quote&p=1654,https://web.archive.org/web/20240521045301id_/http://forum.clash.y0.pl/posting.php?mode=quote&p=1654&sid=e69d19879901a14aa77f5c456987c177,error,0,,,URLError: <urlopen error [Errno 111] Connection refused>
http://forum.clash.y0.pl/posting.php?mode=quote&p=1657,https://web.archive.org/web/20240521033555id_/http://forum.clash.y0.pl/posting.php?mode=quote&p=1657&sid=e69d19879901a14aa77f5c456987c177,error,0,,,URLError: <urlopen error [Errno 111] Connection refused>
http://forum.clash.y0.pl/posting.php?mode=quote&p=1658,https://web.archive.org/web/20240521035107id_/http://forum.clash.y0.pl/posting.php?mode=quote&p=1658&sid=e69d19879901a14aa77f5c456987c177,error,0,,,URLError: <urlopen error [Errno 111] Connection refused>
http://forum.clash.y0.pl/posting.php?mode=quote&p=1659,https://web.archive.org/web/20240521040043id_/http://forum.clash.y0.pl/posting.php?mode=quote&p=1659&sid=e69d19879901a14aa77f5c456987c177,error,0,,,URLError: <urlopen error [Errno 111] Connection refused>
http://forum.clash.y0.pl/posting.php?mode=quote&p=1660,https://web.archive.org/web/20240521031353id_/http://forum.clash.y0.pl/posting.php?mode=quote&p=1660&sid=e69d19879901a14aa77f5c456987c177,error,0,,,URLError: <urlopen error [Errno 111] Connection refused>
http://forum.clash.y0.pl/posting.php?mode=quote&p=1662,https://web.archive.org/web/20240521034153id_/http://forum.clash.y0.pl/posting.php?mode=quote&p=1662&sid=e69d19879901a14aa77f5c456987c177,error,0,,,URLError: <urlopen error [Errno 111] Connection refused>
http://forum.clash.y0.pl/posting.php?mode=quote&p=1675,https://web.archive.org/web/20240615132208id_/http://forum.clash.y0.pl/posting.php?mode=quote&p=1675&sid=923ca53abb27b311d54a20382799732b,error,0,,,URLError: <urlopen error [Errno 111] Connection refused>
http://forum.clash.y0.pl/posting.php?mode=quote&p=1678,https://web.archive.org/web/20240615133433id_/http://forum.clash.y0.pl/posting.php?mode=quote&p=1678&sid=2194288e81900e63b91b50be22b80a84,error,0,,,URLError: <urlopen error [Errno 111] Connection refused>
http://forum.clash.y0.pl/posting.php?mode=quote&p=168,https://web.archive.org/web/20240621075226id_/http://forum.clash.y0.pl/posting.php?mode=quote&p=168&sid=72217aa2ac3dc063d0b91e5b4f50c5cc,error,0,,,URLError: <urlopen error [Errno 111] Connection refused>
http://forum.clash.y0.pl/posting.php?mode=quote&p=1693,https://web.archive.org/web/20240615130408id_/http://forum.clash.y0.pl/posting.php?mode=quote&p=1693&sid=923ca53abb27b311d54a20382799732b,error,0,,,URLError: <urlopen error [Errno 111] Connection refused>
http://forum.clash.y0.pl/posting.php?mode=quote&p=1694,https://web.archive.org/web/20240908160752id_/http://forum.clash.y0.pl/posting.php?mode=quote&p=1694&sid=85f13b86c50af75cb93e0fcafcee35da,error,0,,,URLError: <urlopen error [Errno 111] Connection refused>
http://forum.clash.y0.pl/posting.php?mode=quote&p=188,https://web.archive.org/web/20240620095758id_/http://forum.clash.y0.pl/posting.php?mode=quote&p=188&sid=72217aa2ac3dc063d0b91e5b4f50c5cc,error,0,,,URLError: <urlopen error [Errno 111] Connection refused>
http://forum.clash.y0.pl/posting.php?mode=quote&p=189,https://web.archive.org/web/20240620084847id_/http://forum.clash.y0.pl/posting.php?mode=quote&p=189&sid=72217aa2ac3dc063d0b91e5b4f50c5cc,error,0,,,URLError: <urlopen error [Errno 111] Connection refused>
http://forum.clash.y0.pl/posting.php?mode=quote&p=190,https://web.archive.org/web/20240621081341id_/http://forum.clash.y0.pl/posting.php?mode=quote&p=190&sid=72217aa2ac3dc063d0b91e5b4f50c5cc,error,0,,,URLError: <urlopen error [Errno 111] Connection refused>
http://forum.clash.y0.pl/posting.php?mode=quote&p=192,https://web.archive.org/web/20240614062406id_/http://forum.clash.y0.pl/posting.php?mode=quote&p=192&sid=72217aa2ac3dc063d0b91e5b4f50c5cc,error,0,,,URLError: <urlopen error [Errno 111] Connection refused>
http://forum.clash.y0.pl/posting.php?mode=quote&p=200,https://web.archive.org/web/20240621071156id_/http://forum.clash.y0.pl/posting.php?mode=quote&p=200&sid=72217aa2ac3dc063d0b91e5b4f50c5cc,error,0,,,URLError: <urlopen error [Errno 111] Connection refused>
http://forum.clash.y0.pl/posting.php?mode=quote&p=203,https://web.archive.org/web/20240527184626id_/http://forum.clash.y0.pl/posting.php?mode=quote&p=203&sid=e9a4f5d6993bd842fad3ec5db249deee,error,0,,,URLError: <urlopen error [Errno 111] Connection refused>
http://forum.clash.y0.pl/posting.php?mode=quote&p=205,https://web.archive.org/web/20240527185914id_/http://forum.clash.y0.pl/posting.php?mode=quote&p=205&sid=e9a4f5d6993bd842fad3ec5db249deee,error,0,,,URLError: <urlopen error [Errno 111] Connection refused>
http://forum.clash.y0.pl/posting.php?mode=quote&p=328,https://web.archive.org/web/20240527193240id_/http://forum.clash.y0.pl/posting.php?mode=quote&p=328&sid=e9a4f5d6993bd842fad3ec5db249deee,error,0,,,URLError: <urlopen error [Errno 111] Connection refused>
http://forum.clash.y0.pl/posting.php?mode=quote&p=331,https://web.archive.org/web/20240527180617id_/http://forum.clash.y0.pl/posting.php?mode=quote&p=331&sid=e9a4f5d6993bd842fad3ec5db249deee,error,0,,,URLError: <urlopen error [Errno 111] Connection refused>
http://forum.clash.y0.pl/posting.php?mode=quote&p=355,https://web.archive.org/web/20240527191444id_/http://forum.clash.y0.pl/posting.php?mode=quote&p=355&sid=e9a4f5d6993bd842fad3ec5db249deee,error,0,,,URLError: <urlopen error [Errno 111] Connection refused>
http://forum.clash.y0.pl/posting.php?mode=quote&p=356,https://web.archive.org/web/20240527182439id_/http://forum.clash.y0.pl/posting.php?mode=quote&p=356&sid=e9a4f5d6993bd842fad3ec5db249deee,error,0,,,URLError: <urlopen error [Errno 111] Connection refused>
http://forum.clash.y0.pl/posting.php?mode=quote&p=368,https://web.archive.org/web/20240614051923id_/http://forum.clash.y0.pl/posting.php?mode=quote&p=368&sid=4c8ca3d75f376556719aa936bf07d9e5,error,0,,,URLError: <urlopen error [Errno 111] Connection refused>
http://forum.clash.y0.pl/posting.php?mode=quote&p=370,https://web.archive.org/web/20240614095504id_/http://forum.clash.y0.pl/posting.php?mode=quote&p=370&sid=69de98cabd3cca6bc50382c3b8eb4bbd,error,0,,,URLError: <urlopen error [Errno 111] Connection refused>
http://forum.clash.y0.pl/posting.php?mode=quote&p=371,https://web.archive.org/web/20240614053703id_/http://forum.clash.y0.pl/posting.php?mode=quote&p=371&sid=69de98cabd3cca6bc50382c3b8eb4bbd,error,0,,,URLError: <urlopen error [Errno 111] Connection refused>
http://forum.clash.y0.pl/posting.php?mode=quote&p=372,https://web.archive.org/web/20240614100917id_/http://forum.clash.y0.pl/posting.php?mode=quote&p=372&sid=69de98cabd3cca6bc50382c3b8eb4bbd,error,0,,,URLError: <urlopen error [Errno 111] Connection refused>
http://forum.clash.y0.pl/posting.php?mode=quote&p=373,https://web.archive.org/web/20240614055346id_/http://forum.clash.y0.pl/posting.php?mode=quote&p=373&sid=69de98cabd3cca6bc50382c3b8eb4bbd,error,0,,,URLError: <urlopen error [Errno 111] Connection refused>
http://forum.clash.y0.pl/posting.php?mode=quote&p=374,https://web.archive.org/web/20240614045337id_/http://forum.clash.y0.pl/posting.php?mode=quote&p=374&sid=69de98cabd3cca6bc50382c3b8eb4bbd,error,0,,,URLError: <urlopen error [Errno 111] Connection refused>
http://forum.clash.y0.pl/posting.php?mode=quote&p=376,https://web.archive.org/web/20240527190624id_/http://forum.clash.y0.pl/posting.php?mode=quote&p=376&sid=e9a4f5d6993bd842fad3ec5db249deee,error,0,,,URLError: <urlopen error [Errno 111] Connection refused>
http://forum.clash.y0.pl/posting.php?mode=quote&p=378,https://web.archive.org/web/20240614083407id_/http://forum.clash.y0.pl/posting.php?mode=quote&p=378&sid=69de98cabd3cca6bc50382c3b8eb4bbd,error,0,,,URLError: <urlopen error [Errno 111] Connection refused>
http://forum.clash.y0.pl/posting.php?mode=quote&p=386,https://web.archive.org/web/20240614052845id_/http://forum.clash.y0.pl/posting.php?mode=quote&p=386&sid=69de98cabd3cca6bc50382c3b8eb4bbd,error,0,,,URLError: <urlopen error [Errno 111] Connection refused>
http://forum.clash.y0.pl/posting.php?mode=quote&p=387,https://web.archive.org/web/20240614045227id_/http://forum.clash.y0.pl/posting.php?mode=quote&p=387&sid=4c8ca3d75f376556719aa936bf07d9e5,error,0,,,URLError: <urlopen error [Errno 111] Connection refused>
http://forum.clash.y0.pl/posting.php?mode=quote&p=389,https://web.archive.org/web/20240614101523id_/http://forum.clash.y0.pl/posting.php?mode=quote&p=389&sid=69de98cabd3cca6bc50382c3b8eb4bbd,error,0,,,URLError: <urlopen error [Errno 111] Connection refused>
http://forum.clash.y0.pl/posting.php?mode=quote&p=397,https://web.archive.org/web/20240527182312id_/http://forum.clash.y0.pl/posting.php?mode=quote&p=397&sid=caf9c22cd24168fe8f4a5808c07dd88f,error,0,,,URLError: <urlopen error [Errno 111] Connection refused>
http://forum.clash.y0.pl/posting.php?mode=quote&p=398,https://web.archive.org/web/20240527193007id_/http://forum.clash.y0.pl/posting.php?mode=quote&p=398&sid=caf9c22cd24168fe8f4a5808c07dd88f,error,0,,,URLError: <urlopen error [Errno 111] Connection refused>
http://forum.clash.y0.pl/posting.php?mode=quote&p=399,https://web.archive.org/web/20240527183450id_/http://forum.clash.y0.pl/posting.php?mode=quote&p=399&sid=caf9c22cd24168fe8f4a5808c07dd88f,error,0,,,URLError: <urlopen error [Errno 111] Connection refused>
http://forum.clash.y0.pl/posting.php?mode=quote&p=400,https://web.archive.org/web/20240527195915id_/http://forum.clash.y0.pl/posting.php?mode=quote&p=400&sid=caf9c22cd24168fe8f4a5808c07dd88f,error,0,,,URLError: <urlopen error [Errno 111] Connection refused>
http://forum.clash.y0.pl/posting.php?mode=quote&p=401,https://web.archive.org/web/20240527190238id_/http://forum.clash.y0.pl/posting.php?mode=quote&p=401&sid=caf9c22cd24168fe8f4a5808c07dd88f,error,0,,,URLError: <urlopen error [Errno 111] Connection refused>
http://forum.clash.y0.pl/posting.php?mode=quote&p=402,https://web.archive.org/web/20240527180801id_/http://forum.clash.y0.pl/posting.php?mode=quote&p=402&sid=caf9c22cd24168fe8f4a5808c07dd88f,error,0,,,URLError: <urlopen error [Errno 111] Connection refused>
http://forum.clash.y0.pl/posting.php?mode=quote&p=403,https://web.archive.org/web/20240527191357id_/http://forum.clash.y0.pl/posting.php?mode=quote&p=403&sid=caf9c22cd24168fe8f4a5808c07dd88f,error,0,,,URLError: <urlopen error [Errno 111] Connection refused>
http://forum.clash.y0.pl/posting.php?mode=quote&p=407,https://web.archive.org/web/20240527194121id_/http://forum.clash.y0.pl/posting.php?mode=quote&p=407&sid=caf9c22cd24168fe8f4a5808c07dd88f,error,0,,,URLError: <urlopen error [Errno 111] Connection refused>
http://forum.clash.y0.pl/posting.php?mode=quote&p=410,https://web.archive.org/web/20240527181646id_/http://forum.clash.y0.pl/posting.php?mode=quote&p=410&sid=caf9c22cd24168fe8f4a5808c07dd88f,error,0,,,URLError: <urlopen error [Errno 111] Connection refused>
http://forum.clash.y0.pl/posting.php?mode=quote&p=411,https://web.archive.org/web/20240527192353id_/http://forum.clash.y0.pl/posting.php?mode=quote&p=411&sid=caf9c22cd24168fe8f4a5808c07dd88f,error,0,,,URLError: <urlopen error [Errno 111] Connection refused>
http://forum.clash.y0.pl/posting.php?mode=quote&p=465,https://web.archive.org/web/20240521030606id_/http://forum.clash.y0.pl/posting.php?mode=quote&p=465&sid=761a5e1b050f16e72b599d40fac2af02,error,0,,,URLError: <urlopen error [Errno 111] Connection refused>
http://forum.clash.y0.pl/posting.php?mode=quote&p=466,https://web.archive.org/web/20240527191104id_/http://forum.clash.y0.pl/posting.php?mode=quote&p=466&sid=761a5e1b050f16e72b599d40fac2af02,error,0,,,URLError: <urlopen error [Errno 111] Connection refused>
http://forum.clash.y0.pl/posting.php?mode=quote&p=467,https://web.archive.org/web/20240521032508id_/http://forum.clash.y0.pl/posting.php?mode=quote&p=467&sid=761a5e1b050f16e72b599d40fac2af02,error,0,,,URLError: <urlopen error [Errno 111] Connection refused>
http://forum.clash.y0.pl/posting.php?mode=quote&p=492,https://web.archive.org/web/20240521045411id_/http://forum.clash.y0.pl/posting.php?mode=quote&p=492&sid=761a5e1b050f16e72b599d40fac2af02,error,0,,,URLError: <urlopen error [Errno 111] Connection refused>
http://forum.clash.y0.pl/posting.php?mode=quote&p=494,https://web.archive.org/web/20240527180237id_/http://forum.clash.y0.pl/posting.php?mode=quote&p=494&sid=e9a4f5d6993bd842fad3ec5db249deee,error,0,,,URLError: <urlopen error [Errno 111] Connection refused>
http://forum.clash.y0.pl/posting.php?mode=quote&p=495,https://web.archive.org/web/20240527191311id_/http://forum.clash.y0.pl/posting.php?mode=quote&p=495&sid=e9a4f5d6993bd842fad3ec5db249deee,error,0,,,URLError: <urlopen error [Errno 111] Connection refused>
http://forum.clash.y0.pl/posting.php?mode=quote&p=496,https://web.archive.org/web/20240527181857id_/http://forum.clash.y0.pl/posting.php?mode=quote&p=496&sid=e9a4f5d6993bd842fad3ec5db249deee,error,0,,,URLError: <urlopen error [Errno 111] Connection refused>
http://forum.clash.y0.pl/posting.php?mode=quote&p=643,https://web.archive.org/web/20240624064158id_/http://forum.clash.y0.pl/posting.php?mode=quote&p=643&sid=c20b76a3e3e2da6fb08623b37092bcad,error,0,,,URLError: <urlopen error [Errno 111] Connection refused>
http://forum.clash.y0.pl/posting.php?mode=quote&p=644,https://web.archive.org/web/20240624075926id_/http://forum.clash.y0.pl/posting.php?mode=quote&p=644&sid=c20b76a3e3e2da6fb08623b37092bcad,error,0,,,URLError: <urlopen error [Errno 111] Connection refused>
http://forum.clash.y0.pl/posting.php?mode=quote&p=645,https://web.archive.org/web/20240624065448id_/http://forum.clash.y0.pl/posting.php?mode=quote&p=645&sid=c20b76a3e3e2da6fb08623b37092bcad,error,0,,,URLError: <urlopen error [Errno 111] Connection refused>
http://forum.clash.y0.pl/posting.php?mode=quote&p=676,https://web.archive.org/web/20240521034541id_/http://forum.clash.y0.pl/posting.php?mode=quote&p=676&sid=761a5e1b050f16e72b599d40fac2af02,error,0,,,URLError: <urlopen error [Errno 111] Connection refused>
http://forum.clash.y0.pl/posting.php?mode=quote&p=685,https://web.archive.org/web/20240303081416id_/http://forum.clash.y0.pl/posting.php?mode=quote&p=685&sid=6c65241fb6541e4eaee3a8c44883cd84,error,0,,,URLError: <urlopen error [Errno 111] Connection refused>
http://forum.clash.y0.pl/posting.php?mode=quote&p=686,https://web.archive.org/web/20240303094541id_/http://forum.clash.y0.pl/posting.php?mode=quote&p=686&sid=6c65241fb6541e4eaee3a8c44883cd84,error,0,,,URLError: <urlopen error [Errno 111] Connection refused>
http://forum.clash.y0.pl/posting.php?mode=quote&p=687,https://web.archive.org/web/20240303082827id_/http://forum.clash.y0.pl/posting.php?mode=quote&p=687&sid=6c65241fb6541e4eaee3a8c44883cd84,error,0,,,URLError: <urlopen error [Errno 111] Connection refused>
http://forum.clash.y0.pl/posting.php?mode=quote&p=694,https://web.archive.org/web/20240303095514id_/http://forum.clash.y0.pl/posting.php?mode=quote&p=694&sid=6c65241fb6541e4eaee3a8c44883cd84,error,0,,,URLError: <urlopen error [Errno 111] Connection refused>
http://forum.clash.y0.pl/posting.php?mode=quote&p=696,https://web.archive.org/web/20240303100926id_/http://forum.clash.y0.pl/posting.php?mode=quote&p=696&sid=6c65241fb6541e4eaee3a8c44883cd84,error,0,,,URLError: <urlopen error [Errno 111] Connection refused>
http://forum.clash.y0.pl/posting.php?mode=quote&p=705,https://web.archive.org/web/20240624055330id_/http://forum.clash.y0.pl/posting.php?mode=quote&p=705&sid=c20b76a3e3e2da6fb08623b37092bcad,error,0,,,URLError: <urlopen error [Errno 111] Connection refused>
http://forum.clash.y0.pl/posting.php?mode=quote&p=706,https://web.archive.org/web/20240624071826id_/http://forum.clash.y0.pl/posting.php?mode=quote&p=706&sid=c20b76a3e3e2da6fb08623b37092bcad,error,0,,,URLError: <urlopen error [Errno 111] Connection refused>
http://forum.clash.y0.pl/posting.php?mode=quote&p=710,https://web.archive.org/web/20240624064930id_/http://forum.clash.y0.pl/posting.php?mode=quote&p=710&sid=c20b76a3e3e2da6fb08623b37092bcad,error,0,,,URLError: <urlopen error [Errno 111] Connection refused>
http://forum.clash.y0.pl/posting.php?mode=quote&p=711,https://web.archive.org/web/20240624054805id_/http://forum.clash.y0.pl/posting.php?mode=quote&p=711&sid=c20b76a3e3e2da6fb08623b37092bcad,error,0,,,URLError: <urlopen error [Errno 111] Connection refused>
http://forum.clash.y0.pl/posting.php?mode=quote&p=713,https://web.archive.org/web/20240624060544id_/http://forum.clash.y0.pl/posting.php?mode=quote&p=713&sid=c20b76a3e3e2da6fb08623b37092bcad,error,0,,,URLError: <urlopen error [Errno 111] Connection refused>
http://forum.clash.y0.pl/posting.php?mode=quote&p=714,https://web.archive.org/web/20240624072606id_/http://forum.clash.y0.pl/posting.php?mode=quote&p=714&sid=c20b76a3e3e2da6fb08623b37092bcad,error,0,,,URLError: <urlopen error [Errno 111] Connection refused>
http://forum.clash.y0.pl/posting.php?mode=reply&t=10,https://web.archive.org/web/20240908155549id_/http://forum.clash.y0.pl/posting.php?mode=reply&t=10&sid=90f6df52c6c825a9118994b7f2ae46a7,error,0,,,URLError: <urlopen error [Errno 111] Connection refused>
http://forum.clash.y0.pl/posting.php?mode=reply&t=111,https://web.archive.org/web/20240527185043id_/http://forum.clash.y0.pl/posting.php?mode=reply&t=111&sid=799407f88ae273e9b7bab554894ee2c1,error,0,,,URLError: <urlopen error [Errno 111] Connection refused>
http://forum.clash.y0.pl/posting.php?mode=reply&t=117,https://web.archive.org/web/20240303085100id_/http://forum.clash.y0.pl/posting.php?mode=reply&t=117&sid=6c65241fb6541e4eaee3a8c44883cd84,error,0,,,URLError: <urlopen error [Errno 111] Connection refused>
http://forum.clash.y0.pl/posting.php?mode=reply&t=19,https://web.archive.org/web/20240527184144id_/http://forum.clash.y0.pl/posting.php?mode=reply&t=19&sid=e9a4f5d6993bd842fad3ec5db249deee,error,0,,,URLError: <urlopen error [Errno 111] Connection refused>
http://forum.clash.y0.pl/posting.php?mode=reply&t=23,https://web.archive.org/web/20240527183923id_/http://forum.clash.y0.pl/posting.php?mode=reply&t=23&sid=caf9c22cd24168fe8f4a5808c07dd88f,error,0,,,URLError: <urlopen error [Errno 111] Connection refused>
http://forum.clash.y0.pl/posting.php?mode=reply&t=36,https://web.archive.org/web/20240521045106id_/http://forum.clash.y0.pl/posting.php?mode=reply&t=36&sid=761a5e1b050f16e72b599d40fac2af02,error,0,,,URLError: <urlopen error [Errno 111] Connection refused>
http://forum.clash.y0.pl/posting.php?mode=reply&t=748,https://web.archive.org/web/20240615141909id_/http://forum.clash.y0.pl/posting.php?mode=reply&t=748&sid=2194288e81900e63b91b50be22b80a84,error,0,,,URLError: <urlopen error [Errno 111] Connection refused>
http://forum.clash.y0.pl/posting.php?mode=reply&t=749,https://web.archive.org/web/20240614101220id_/http://forum.clash.y0.pl/posting.php?mode=reply&t=749&sid=d02d4cf7b1ff50dd75555b1edc556ce9,error,0,,,URLError: <urlopen error [Errno 111] Connection refused>
http://forum.clash.y0.pl/posting.php?mode=reply&t=753,https://web.archive.org/web/20240519165428id_/http://forum.clash.y0.pl/posting.php?mode=reply&t=753&sid=e023a287118c5eda9d4366727597a8af,error,0,,,URLError: <urlopen error [Errno 111] Connection refused>
http://forum.clash.y0.pl/posting.php?mode=reply&t=762,https://web.archive.org/web/20240521040542id_/http://forum.clash.y0.pl/posting.php?mode=reply&t=762&sid=500e00cb5d19104148e07f5f33cc23f8,error,0,,,URLError: <urlopen error [Errno 111] Connection refused>
http://forum.clash.y0.pl/posting.php?mode=reply&t=764,https://web.archive.org/web/20240521040724id_/http://forum.clash.y0.pl/posting.php?mode=reply&t=764&sid=e69d19879901a14aa77f5c456987c177,error,0,,,URLError: <urlopen error [Errno 111] Connection refused>
http://forum.clash.y0.pl/search.php,https://web.archive.org/web/20191212011147id_/http://forum.clash.y0.pl/search.php,error,0,,,URLError: <urlopen error [Errno 111] Connection refused>
http://forum.clash.y0.pl/search.php?author_id=101&sr=posts,https://web.archive.org/web/20201030081530id_/http://forum.clash.y0.pl/search.php?author_id=101&sr=posts,error,0,,,URLError: <urlopen error [Errno 111] Connection refused>
http://forum.clash.y0.pl/search.php?author_id=128&sr=posts,https://web.archive.org/web/20240620095720id_/http://forum.clash.y0.pl/search.php?author_id=128&sr=posts&sid=d02d4cf7b1ff50dd75555b1edc556ce9,error,0,,,URLError: <urlopen error [Errno 111] Connection refused>
http://forum.clash.y0.pl/search.php?author_id=167&sr=posts,https://web.archive.org/web/20210924232039id_/http://forum.clash.y0.pl/search.php?author_id=167&sr=posts&sid=dc53ab951c1474591cd4ab1978167fbc,error,0,,,URLError: <urlopen error [Errno 111] Connection refused>
http://forum.clash.y0.pl/search.php?author_id=181&sr=posts,https://web.archive.org/web/20240303091837id_/http://forum.clash.y0.pl/search.php?author_id=181&sr=posts&sid=6c65241fb6541e4eaee3a8c44883cd84,error,0,,,URLError: <urlopen error [Errno 111] Connection refused>
http://forum.clash.y0.pl/search.php?author_id=2&sd=d&sk=t&sr=posts&st=0&start=10,https://web.archive.org/web/20240612145808id_/http://forum.clash.y0.pl/search.php?st=0&sk=t&sd=d&sr=posts&sid=fd009a5c3c323343290ddebeae00332d&author_id=2&start=10,error,0,,,URLError: <urlopen error [Errno 111] Connection refused>
http://forum.clash.y0.pl/search.php?author_id=2&sd=d&sk=t&sr=posts&st=0&start=20,https://web.archive.org/web/20240619014605id_/http://forum.clash.y0.pl/search.php?st=0&sk=t&sd=d&sr=posts&sid=fd009a5c3c323343290ddebeae00332d&author_id=2&start=20,error,0,,,URLError: <urlopen error [Errno 111] Connection refused>
http://forum.clash.y0.pl/search.php?author_id=2&sd=d&sk=t&sr=posts&st=0&start=280,https://web.archive.org/web/20240619005221id_/http://forum.clash.y0.pl/search.php?st=0&sk=t&sd=d&sr=posts&sid=fd009a5c3c323343290ddebeae00332d&author_id=2&start=280,error,0,,,URLError: <urlopen error [Errno 111] Connection refused>
http://forum.clash.y0.pl/search.php?author_id=2&sd=d&sk=t&sr=posts&st=0&start=30,https://web.archive.org/web/20240612144430id_/http://forum.clash.y0.pl/search.php?st=0&sk=t&sd=d&sr=posts&sid=fd009a5c3c323343290ddebeae00332d&author_id=2&start=30,error,0,,,URLError: <urlopen error [Errno 111] Connection refused>
http://forum.clash.y0.pl/search.php?author_id=2&sd=d&sk=t&sr=posts&st=0&start=40,https://web.archive.org/web/20240612160300id_/http://forum.clash.y0.pl/search.php?st=0&sk=t&sd=d&sr=posts&sid=fd009a5c3c323343290ddebeae00332d&author_id=2&start=40,error,0,,,URLError: <urlopen error [Errno 111] Connection refused>
http://forum.clash.y0.pl/search.php?author_id=2&sr=posts,https://web.archive.org/web/20191212005817id_/http://forum.clash.y0.pl/search.php?author_id=2&sr=posts,error,0,,,URLError: <urlopen error [Errno 111] Connection refused>
http://forum.clash.y0.pl/search.php?author_id=2148&sr=posts,https://web.archive.org/web/20240527175759id_/http://forum.clash.y0.pl/search.php?author_id=2148&sr=posts&sid=e023a287118c5eda9d4366727597a8af,error,0,,,URLError: <urlopen error [Errno 111] Connection refused>
http://forum.clash.y0.pl/search.php?author_id=2176&sr=posts,https://web.archive.org/web/20240527185350id_/http://forum.clash.y0.pl/search.php?author_id=2176&sr=posts&sid=799407f88ae273e9b7bab554894ee2c1,error,0,,,URLError: <urlopen error [Errno 111] Connection refused>
http://forum.clash.y0.pl/search.php?author_id=48&sr=posts,https://web.archive.org/web/20200930101429id_/http://forum.clash.y0.pl/search.php?author_id=48&sr=posts,error,0,,,URLError: <urlopen error [Errno 111] Connection refused>
http://forum.clash.y0.pl/search.php?author_id=52&sd=d&sk=t&sr=posts&st=0&start=10,https://web.archive.org/web/20240619015319id_/http://forum.clash.y0.pl/search.php?st=0&sk=t&sd=d&sr=posts&sid=58e13061ee0c15c58aa0955630b877d7&author_id=52&start=10,error,0,,,URLError: <urlopen error [Errno 111] Connection refused>
http://forum.clash.y0.pl/search.php?author_id=52&sd=d&sk=t&sr=posts&st=0&start=20,https://web.archive.org/web/20240612143313id_/http://forum.clash.y0.pl/search.php?st=0&sk=t&sd=d&sr=posts&sid=58e13061ee0c15c58aa0955630b877d7&author_id=52&start=20,error,0,,,URLError: <urlopen error [Errno 111] Connection refused>
http://forum.clash.y0.pl/search.php?author_id=52&sd=d&sk=t&sr=posts&st=0&start=30,https://web.archive.org/web/20240619005047id_/http://forum.clash.y0.pl/search.php?st=0&sk=t&sd=d&sr=posts&sid=58e13061ee0c15c58aa0955630b877d7&author_id=52&start=30,error,0,,,URLError: <urlopen error [Errno 111] Connection refused>
http://forum.clash.y0.pl/search.php?author_id=52&sd=d&sk=t&sr=posts&st=0&start=40,https://web.archive.org/web/20240619014044id_/http://forum.clash.y0.pl/search.php?st=0&sk=t&sd=d&sr=posts&sid=58e13061ee0c15c58aa0955630b877d7&author_id=52&start=40,error,0,,,URLError: <urlopen error [Errno 111] Connection refused>
http://forum.clash.y0.pl/search.php?author_id=52&sd=d&sk=t&sr=posts&st=0&start=70,https://web.archive.org/web/20240612155351id_/http://forum.clash.y0.pl/search.php?st=0&sk=t&sd=d&sr=posts&sid=58e13061ee0c15c58aa0955630b877d7&author_id=52&start=70,error,0,,,URLError: <urlopen error [Errno 111] Connection refused>
http://forum.clash.y0.pl/search.php?author_id=52&sr=posts,https://web.archive.org/web/20191212013926id_/http://forum.clash.y0.pl/search.php?author_id=52&sr=posts,error,0,,,URLError: <urlopen error [Errno 111] Connection refused>
http://forum.clash.y0.pl/search.php?author_id=53&sd=d&sk=t&sr=posts&st=0&start=10,https://web.archive.org/web/20191212013155id_/http://forum.clash.y0.pl/search.php?st=0&sk=t&sd=d&sr=posts&author_id=53&start=10,error,0,,,URLError: <urlopen error [Errno 111] Connection refused>
http://forum.clash.y0.pl/search.php?author_id=53&sr=posts,https://web.archive.org/web/20191212002133id_/http://forum.clash.y0.pl/search.php?author_id=53&sr=posts,error,0,,,URLError: <urlopen error [Errno 111] Connection refused>
http://forum.clash.y0.pl/search.php?author_id=55&sd=d&sk=t&sr=posts&st=0&start=10,https://web.archive.org/web/20240623141157id_/http://forum.clash.y0.pl/search.php?st=0&sk=t&sd=d&sr=posts&sid=39ae0a1a4e951dbe6ce35af3df5145b3&author_id=55&start=10,error,0,,,URLError: <urlopen error [Errno 111] Connection refused>
http://forum.clash.y0.pl/search.php?author_id=55&sr=posts,https://web.archive.org/web/20240521042427id_/http://forum.clash.y0.pl/search.php?author_id=55&sr=posts&sid=e69d19879901a14aa77f5c456987c177,error,0,,,URLError: <urlopen error [Errno 111] Connection refused>
http://forum.clash.y0.pl/search.php?author_id=59&sr=posts,https://web.archive.org/web/20191212004031id_/http://forum.clash.y0.pl/search.php?author_id=59&sr=posts,error,0,,,URLError: <urlopen error [Errno 111] Connection refused>
http://forum.clash.y0.pl/search.php?author_id=629&sr=posts,https://web.archive.org/web/20240614081748id_/http://forum.clash.y0.pl/search.php?author_id=629&sr=posts&sid=d02d4cf7b1ff50dd75555b1edc556ce9,error,0,,,URLError: <urlopen error [Errno 111] Connection refused>
http://forum.clash.y0.pl/search.php?author_id=66&sr=posts,https://web.archive.org/web/20210514155752id_/http://forum.clash.y0.pl/search.php?author_id=66&sr=posts&sid=bfb4a9bdd1ee4f5b8c7524bfdd5b8438,error,0,,,URLError: <urlopen error [Errno 111] Connection refused>
http://forum.clash.y0.pl/search.php?author_id=67&sr=posts,https://web.archive.org/web/20191212004207id_/http://forum.clash.y0.pl/search.php?author_id=67&sr=posts,error,0,,,URLError: <urlopen error [Errno 111] Connection refused>
http://forum.clash.y0.pl/search.php?author_id=76&sr=posts,https://web.archive.org/web/20240614094907id_/http://forum.clash.y0.pl/search.php?author_id=76&sr=posts&sid=72217aa2ac3dc063d0b91e5b4f50c5cc,error,0,,,URLError: <urlopen error [Errno 111] Connection refused>
http://forum.clash.y0.pl/search.php?author_id=78&sd=d&sk=t&sr=posts&st=0&start=10,https://web.archive.org/web/20240615143509id_/http://forum.clash.y0.pl/search.php?st=0&sk=t&sd=d&sr=posts&sid=feaa812794741ed285c281cb12bf3714&author_id=78&start=10,error,0,,,URLError: <urlopen error [Errno 111] Connection refused>
http://forum.clash.y0.pl/search.php?author_id=78&sd=d&sk=t&sr=posts&st=0&start=20,https://web.archive.org/web/20240623132448id_/http://forum.clash.y0.pl/search.php?st=0&sk=t&sd=d&sr=posts&sid=feaa812794741ed285c281cb12bf3714&author_id=78&start=20,error,0,,,URLError: <urlopen error [Errno 111] Connection refused>
http://forum.clash.y0.pl/search.php?author_id=78&sd=d&sk=t&sr=posts&st=0&start=30,https://web.archive.org/web/20240623140829id_/http://forum.clash.y0.pl/search.php?st=0&sk=t&sd=d&sr=posts&sid=feaa812794741ed285c281cb12bf3714&author_id=78&start=30,error,0,,,URLError: <urlopen error [Errno 111] Connection refused>
http://forum.clash.y0.pl/search.php?author_id=78&sd=d&sk=t&sr=posts&st=0&start=40,https://web.archive.org/web/20240623145723id_/http://forum.clash.y0.pl/search.php?st=0&sk=t&sd=d&sr=posts&sid=feaa812794741ed285c281cb12bf3714&author_id=78&start=40,error,0,,,URLError: <urlopen error [Errno 111] Connection refused>
http://forum.clash.y0.pl/search.php?author_id=78&sd=d&sk=t&sr=posts&st=0&start=90,https://web.archive.org/web/20240623134645id_/http://forum.clash.y0.pl/search.php?st=0&sk=t&sd=d&sr=posts&sid=feaa812794741ed285c281cb12bf3714&author_id=78&start=90,error,0,,,URLError: <urlopen error [Errno 111] Connection refused>
http://forum.clash.y0.pl/search.php?author_id=78&sr=posts,https://web.archive.org/web/20191212002310id_/http://forum.clash.y0.pl/search.php?author_id=78&sr=posts,error,0,,,URLError: <urlopen error [Errno 111] Connection refused>
http://forum.clash.y0.pl/search.php?author_id=79&sr=posts,https://web.archive.org/web/20200930093041id_/http://forum.clash.y0.pl/search.php?author_id=79&sr=posts,error,0,,,URLError: <urlopen error [Errno 111] Connection refused>
http://forum.clash.y0.pl/search.php?author_id=81&sd=d&sk=t&sr=posts&st=0&start=10,https://web.archive.org/web/20240615140551id_/http://forum.clash.y0.pl/search.php?st=0&sk=t&sd=d&sr=posts&sid=bda0433e02a40db3eddf5d2572ced247&author_id=81&start=10,error,0,,,URLError: <urlopen error [Errno 111] Connection refused>
http://forum.clash.y0.pl/search.php?author_id=81&sd=d&sk=t&sr=posts&st=0&start=20,https://web.archive.org/web/20240615144903id_/http://forum.clash.y0.pl/search.php?st=0&sk=t&sd=d&sr=posts&sid=bda0433e02a40db3eddf5d2572ced247&author_id=81&start=20,error,0,,,URLError: <urlopen error [Errno 111] Connection refused>
http://forum.clash.y0.pl/search.php?author_id=81&sr=posts,https://web.archive.org/web/20191212001930id_/http://forum.clash.y0.pl/search.php?author_id=81&sr=posts,error,0,,,URLError: <urlopen error [Errno 111] Connection refused>
http://forum.clash.y0.pl/search.php?author_id=91&sd=d&sk=t&sr=posts&st=0&start=10,https://web.archive.org/web/20240615142419id_/http://forum.clash.y0.pl/search.php?st=0&sk=t&sd=d&sr=posts&sid=a94a6aeaa21ccf81e5f3b00d779469d5&author_id=91&start=10,error,0,,,URLError: <urlopen error [Errno 111] Connection refused>
http://forum.clash.y0.pl/search.php?author_id=91&sd=d&sk=t&sr=posts&st=0&start=20,https://web.archive.org/web/20240615150306id_/http://forum.clash.y0.pl/search.php?st=0&sk=t&sd=d&sr=posts&sid=a94a6aeaa21ccf81e5f3b00d779469d5&author_id=91&start=20,error,0,,,URLError: <urlopen error [Errno 111] Connection refused>
http://forum.clash.y0.pl/search.php?author_id=91&sr=posts,https://web.archive.org/web/20191212004423id_/http://forum.clash.y0.pl/search.php?author_id=91&sr=posts,error,0,,,URLError: <urlopen error [Errno 111] Connection refused>
http://forum.clash.y0.pl/search.php?author_id=92&sd=d&sk=t&sr=posts&st=0&start=10,https://web.archive.org/web/20200930102918id_/http://forum.clash.y0.pl/search.php?st=0&sk=t&sd=d&sr=posts&author_id=92&start=10,error,0,,,URLError: <urlopen error [Errno 111] Connection refused>
http://forum.clash.y0.pl/search.php?author_id=92&sd=d&sk=t&sr=posts&st=0&start=20,https://web.archive.org/web/20200930101213id_/http://forum.clash.y0.pl/search.php?st=0&sk=t&sd=d&sr=posts&author_id=92&start=20,error,0,,,URLError: <urlopen error [Errno 111] Connection refused>
http://forum.clash.y0.pl/search.php?author_id=92&sd=d&sk=t&sr=posts&st=0&start=30,https://web.archive.org/web/20200930095449id_/http://forum.clash.y0.pl/search.php?st=0&sk=t&sd=d&sr=posts&author_id=92&start=30,error,0,,,URLError: <urlopen error [Errno 111] Connection refused>
http://forum.clash.y0.pl/search.php?author_id=92&sd=d&sk=t&sr=posts&st=0&start=40,https://web.archive.org/web/20200930094417id_/http://forum.clash.y0.pl/search.php?st=0&sk=t&sd=d&sr=posts&author_id=92&start=40,error,0,,,URLError: <urlopen error [Errno 111] Connection refused>
http://forum.clash.y0.pl/search.php?author_id=92&sd=d&sk=t&sr=posts&st=0&start=50,https://web.archive.org/web/20200930092534id_/http://forum.clash.y0.pl/search.php?st=0&sk=t&sd=d&sr=posts&author_id=92&start=50,error,0,,,URLError: <urlopen error [Errno 111] Connection refused>
http://forum.clash.y0.pl/search.php?author_id=92&sr=posts,https://web.archive.org/web/20191212011605id_/http://forum.clash.y0.pl/search.php?author_id=92&sr=posts,error,0,,,URLError: <urlopen error [Errno 111] Connection refused>
http://forum.clash.y0.pl/search.php?author_id=97&sr=posts,https://web.archive.org/web/20191212013414id_/http://forum.clash.y0.pl/search.php?author_id=97&sr=posts,error,0,,,URLError: <urlopen error [Errno 111] Connection refused>
http://forum.clash.y0.pl/search.php?author_id=98&sr=posts,https://web.archive.org/web/20191212002039id_/http://forum.clash.y0.pl/search.php?author_id=98&sr=posts,error,0,,,URLError: <urlopen error [Errno 111] Connection refused>
http://forum.clash.y0.pl/search.php?author_id=99&sr=posts,https://web.archive.org/web/20191212002554id_/http://forum.clash.y0.pl/search.php?author_id=99&sr=posts,error,0,,,URLError: <urlopen error [Errno 111] Connection refused>
http://forum.clash.y0.pl/search.php?fid%5B%5D=3,https://web.archive.org/web/20210423060721id_/http://forum.clash.y0.pl/search.php?fid%5B%5D=3&sid=f75d7838fe56b8f0f94bf6ecff70b1ff,error,0,,,URLError: <urlopen error [Errno 111] Connection refused>
http://forum.clash.y0.pl/search.php?fid%5B%5D=4,https://web.archive.org/web/20240521032226id_/http://forum.clash.y0.pl/search.php?fid%5B%5D=4&sid=423522a90398b7265571b40153988e69,error,0,,,URLError: <urlopen error [Errno 111] Connection refused>
http://forum.clash.y0.pl/search.php?search_id=active_topics,https://web.archive.org/web/20191212002304id_/http://forum.clash.y0.pl/search.php?search_id=active_topics,error,0,,,URLError: <urlopen error [Errno 111] Connection refused>
http://forum.clash.y0.pl/search.php?search_id=unanswered,https://web.archive.org/web/20191212002227id_/http://forum.clash.y0.pl/search.php?search_id=unanswered,error,0,,,URLError: <urlopen error [Errno 111] Connection refused>
http://forum.clash.y0.pl/styles/prosilver/template/ajax.js?assets_version=111,https://web.archive.org/web/20250831181917id_/http://forum.clash.y0.pl/styles/prosilver/template/ajax.js?assets_version=111,error,0,,,URLError: <urlopen error [Errno 111] Connection refused>
http://forum.clash.y0.pl/styles/prosilver/template/ajax.js?assets_version=85,https://web.archive.org/web/20250831173209id_/http://forum.clash.y0.pl/styles/prosilver/template/ajax.js?assets_version=85,error,0,,,URLError: <urlopen error [Errno 111] Connection refused>
http://forum.clash.y0.pl/styles/prosilver/template/ajax.js?assets_version=88,https://web.archive.org/web/20250831180453id_/http://forum.clash.y0.pl/styles/prosilver/template/ajax.js?assets_version=88,error,0,,,URLError: <urlopen error [Errno 111] Connection refused>
http://forum.clash.y0.pl/styles/prosilver/template/forum_fn.js?assets_version=111,https://web.archive.org/web/20250831181907id_/http://forum.clash.y0.pl/styles/prosilver/template/forum_fn.js?assets_version=111,error,0,,,URLError: <urlopen error [Errno 111] Connection refused>
http://forum.clash.y0.pl/styles/prosilver/template/forum_fn.js?assets_version=85,https://web.archive.org/web/20250831173213id_/http://forum.clash.y0.pl/styles/prosilver/template/forum_fn.js?assets_version=85,error,0,,,URLError: <urlopen error [Errno 111] Connection refused>
http://forum.clash.y0.pl/styles/prosilver/template/forum_fn.js?assets_version=88,https://web.archive.org/web/20250831180506id_/http://forum.clash.y0.pl/styles/prosilver/template/forum_fn.js?assets_version=88,error,0,,,URLError: <urlopen error [Errno 111] Connection refused>
http://forum.clash.y0.pl/styles/prosilver/theme/base.css?hash=7c5543be,https://web.archive.org/web/20250831175515id_/http://forum.clash.y0.pl/styles/prosilver/theme/base.css?hash=7c5543be,error,0,,,URLError: <urlopen error [Errno 111] Connection refused>
http://forum.clash.y0.pl/styles/prosilver/theme/buttons.css?hash=56f0d25f,https://web.archive.org/web/20250831175756id_/http://forum.clash.y0.pl/styles/prosilver/theme/buttons.css?hash=56f0d25f,error,0,,,URLError: <urlopen error [Errno 111] Connection refused>
http://forum.clash.y0.pl/styles/prosilver/theme/colours.css?hash=fcb2f289,https://web.archive.org/web/20250831175802id_/http://forum.clash.y0.pl/styles/prosilver/theme/colours.css?hash=fcb2f289,error,0,,,URLError: <urlopen error [Errno 111] Connection refused>
http://forum.clash.y0.pl/styles/prosilver/theme/common.css?hash=843d5d5f,https://web.archive.org/web/20250831175533id_/http://forum.clash.y0.pl/styles/prosilver/theme/common.css?hash=843d5d5f,error,0,,,URLError: <urlopen error [Errno 111] Connection refused>
http://forum.clash.y0.pl/styles/prosilver/theme/content.css?hash=d0e24377,https://web.archive.org/web/20250831175516id_/http://forum.clash.y0.pl/styles/prosilver/theme/content.css?hash=d0e24377,error,0,,,URLError: <urlopen error [Errno 111] Connection refused>
http://forum.clash.y0.pl/styles/prosilver/theme/content.css?hash=d6d1338b,https://web.archive.org/web/20260607142536id_/http://forum.clash.y0.pl/styles/prosilver/theme/content.css?hash=d6d1338b,error,0,,,URLError: <urlopen error [Errno 111] Connection refused>
http://forum.clash.y0.pl/styles/prosilver/theme/cp.css?hash=50d868ab,https://web.archive.org/web/20250831175515id_/http://forum.clash.y0.pl/styles/prosilver/theme/cp.css?hash=50d868ab,error,0,,,URLError: <urlopen error [Errno 111] Connection refused>
http://forum.clash.y0.pl/styles/prosilver/theme/forms.css?hash=9016b55c,https://web.archive.org/web/20250831175756id_/http://forum.clash.y0.pl/styles/prosilver/theme/forms.css?hash=9016b55c,error,0,,,URLError: <urlopen error [Errno 111] Connection refused>
http://forum.clash.y0.pl/styles/prosilver/theme/icons.css?hash=64da33ce,https://web.archive.org/web/20250831175756id_/http://forum.clash.y0.pl/styles/prosilver/theme/icons.css?hash=64da33ce,error,0,,,URLError: <urlopen error [Errno 111] Connection refused>
http://forum.clash.y0.pl/styles/prosilver/theme/images/forum_read.gif,https://web.archive.org/web/20260607142505id_/http://forum.clash.y0.pl/styles/prosilver/theme/images/forum_read.gif,error,0,,,URLError: <urlopen error [Errno 111] Connection refused>
http://forum.clash.y0.pl/styles/prosilver/theme/images/icons_contact.png,https://web.archive.org/web/20250831180712id_/http://forum.clash.y0.pl/styles/prosilver/theme/images/icons_contact.png,error,0,,,URLError: <urlopen error [Errno 111] Connection refused>
http://forum.clash.y0.pl/styles/prosilver/theme/images/site_logo1.png,https://web.archive.org/web/20250831175810id_/http://forum.clash.y0.pl/styles/prosilver/theme/images/site_logo1.png,error,0,,,URLError: <urlopen error [Errno 111] Connection refused>
http://forum.clash.y0.pl/styles/prosilver/theme/images/topic_read.gif,https://web.archive.org/web/20250831175809id_/http://forum.clash.y0.pl/styles/prosilver/theme/images/topic_read.gif,error,0,,,URLError: <urlopen error [Errno 111] Connection refused>
http://forum.clash.y0.pl/styles/prosilver/theme/images/topic_read_hot.gif,https://web.archive.org/web/20250831175809id_/http://forum.clash.y0.pl/styles/prosilver/theme/images/topic_read_hot.gif,error,0,,,URLError: <urlopen error [Errno 111] Connection refused>
http://forum.clash.y0.pl/styles/prosilver/theme/links.css?hash=18286e16,https://web.archive.org/web/20250831175756id_/http://forum.clash.y0.pl/styles/prosilver/theme/links.css?hash=18286e16,error,0,,,URLError: <urlopen error [Errno 111] Connection refused>
http://forum.clash.y0.pl/styles/prosilver/theme/normalize.css?hash=48eb3f89,https://web.archive.org/web/20250831175515id_/http://forum.clash.y0.pl/styles/prosilver/theme/normalize.css?hash=48eb3f89,error,0,,,URLError: <urlopen error [Errno 111] Connection refused>
http://forum.clash.y0.pl/styles/prosilver/theme/pl/stylesheet.css?assets_version=111,https://web.archive.org/web/20250831181908id_/http://forum.clash.y0.pl/styles/prosilver/theme/pl/stylesheet.css?assets_version=111,error,0,,,URLError: <urlopen error [Errno 111] Connection refused>
http://forum.clash.y0.pl/styles/prosilver/theme/pl/stylesheet.css?assets_version=40,https://web.archive.org/web/20260607142455id_/http://forum.clash.y0.pl/styles/prosilver/theme/pl/stylesheet.css?assets_version=40,error,0,,,URLError: <urlopen error [Errno 111] Connection refused>
http://forum.clash.y0.pl/styles/prosilver/theme/pl/stylesheet.css?assets_version=85,https://web.archive.org/web/20250831173209id_/http://forum.clash.y0.pl/styles/prosilver/theme/pl/stylesheet.css?assets_version=85,error,0,,,URLError: <urlopen error [Errno 111] Connection refused>
http://forum.clash.y0.pl/styles/prosilver/theme/pl/stylesheet.css?assets_version=88,https://web.archive.org/web/20250831175617id_/http://forum.clash.y0.pl/styles/prosilver/theme/pl/stylesheet.css?assets_version=88,error,0,,,URLError: <urlopen error [Errno 111] Connection refused>
http://forum.clash.y0.pl/styles/prosilver/theme/responsive.css?hash=c9d32cba,https://web.archive.org/web/20250831175756id_/http://forum.clash.y0.pl/styles/prosilver/theme/responsive.css?hash=c9d32cba,error,0,,,URLError: <urlopen error [Errno 111] Connection refused>
http://forum.clash.y0.pl/styles/prosilver/theme/stylesheet.css?assets_version=18,https://web.archive.org/web/20260614233345id_/http://forum.clash.y0.pl/styles/prosilver/theme/stylesheet.css?assets_version=18,error,0,,,URLError: <urlopen error [Errno 111] Connection refused>
http://forum.clash.y0.pl/styles/prosilver/theme/stylesheet.css?assets_version=40,https://web.archive.org/web/20260607142447id_/http://forum.clash.y0.pl/styles/prosilver/theme/stylesheet.css?assets_version=40,error,0,,,URLError: <urlopen error [Errno 111] Connection refused>
http://forum.clash.y0.pl/styles/prosilver/theme/stylesheet.css?assets_version=85,https://web.archive.org/web/20250831173209id_/http://forum.clash.y0.pl/styles/prosilver/theme/stylesheet.css?assets_version=85,error,0,,,URLError: <urlopen error [Errno 111] Connection refused>
http://forum.clash.y0.pl/styles/prosilver/theme/stylesheet.css?assets_version=88,https://web.archive.org/web/20250831175618id_/http://forum.clash.y0.pl/styles/prosilver/theme/stylesheet.css?assets_version=88,error,0,,,URLError: <urlopen error [Errno 111] Connection refused>
http://forum.clash.y0.pl/styles/prosilver/theme/utilities.css?hash=d8f72c42,https://web.archive.org/web/20250831175515id_/http://forum.clash.y0.pl/styles/prosilver/theme/utilities.css?hash=d8f72c42,error,0,,,URLError: <urlopen error [Errno 111] Connection refused>
http://forum.clash.y0.pl/ucp.php?mode=delete_cookies,https://web.archive.org/web/20191212013855id_/http://forum.clash.y0.pl/ucp.php?mode=delete_cookies,error,0,,,URLError: <urlopen error [Errno 111] Connection refused>
http://forum.clash.y0.pl/ucp.php?mode=login,https://web.archive.org/web/20191212005845id_/http://forum.clash.y0.pl/ucp.php?mode=login,error,0,,,URLError: <urlopen error [Errno 111] Connection refused>
http://forum.clash.y0.pl/ucp.php?mode=login&redirect=app.php%2Fhelp%2Ffaq,https://web.archive.org/web/20210306185508id_/http://forum.clash.y0.pl/ucp.php?mode=login&redirect=app.php%2Fhelp%2Ffaq,error,0,,,URLError: <urlopen error [Errno 111] Connection refused>
http://forum.clash.y0.pl/ucp.php?mode=login&redirect=app.php%2Fuser%2Fdelete_cookies,https://web.archive.org/web/20241101190215id_/http://forum.clash.y0.pl/ucp.php?mode=login&redirect=app.php%2Fuser%2Fdelete_cookies&sid=f380363e2f1fcad7508e4b4089f4037b,error,0,,,URLError: <urlopen error [Errno 111] Connection refused>
http://forum.clash.y0.pl/ucp.php?mode=login&redirect=app.php%2Fuser%2Fforgot_password,https://web.archive.org/web/20240712165010id_/http://forum.clash.y0.pl/ucp.php?mode=login&redirect=app.php%2Fuser%2Fforgot_password&sid=0960d38b7e5632917ef3c74a38ed64f6,error,0,,,URLError: <urlopen error [Errno 111] Connection refused>
http://forum.clash.y0.pl/ucp.php?mode=login&redirect=index.php,https://web.archive.org/web/20200814013019id_/http://forum.clash.y0.pl/ucp.php?mode=login&redirect=index.php,error,0,,,URLError: <urlopen error [Errno 111] Connection refused>
http://forum.clash.y0.pl/ucp.php?mode=login&redirect=memberlist.php%3Fmode%3Dcontactadmin,https://web.archive.org/web/20201030072336id_/http://forum.clash.y0.pl/ucp.php?mode=login&redirect=memberlist.php%3Fmode%3Dcontactadmin,error,0,,,URLError: <urlopen error [Errno 111] Connection refused>
http://forum.clash.y0.pl/ucp.php?mode=login&redirect=memberlist.php%3Fmode%3Dviewprofile,https://web.archive.org/web/20240911034735id_/http://forum.clash.y0.pl/ucp.php?mode=login&redirect=memberlist.php?mode=viewprofile&sid=94db5d984a248c91d112df5cdc362c4a,error,0,,,URLError: <urlopen error [Errno 111] Connection refused>
http://forum.clash.y0.pl/ucp.php?mode=login&redirect=memberlist.php%3Fmode%3Dviewprofile%26u%3D2,https://web.archive.org/web/20200814013732id_/http://forum.clash.y0.pl/ucp.php?mode=login&redirect=memberlist.php%3Fmode%3Dviewprofile%26u%3D2,error,0,,,URLError: <urlopen error [Errno 111] Connection refused>
http://forum.clash.y0.pl/ucp.php?mode=login&redirect=memberlist.php%3Fmode%3Dviewprofile%26u%3D2148,https://web.archive.org/web/20240713034650id_/http://forum.clash.y0.pl/ucp.php?mode=login&redirect=memberlist.php%3Fmode%3Dviewprofile%26u%3D2148&sid=61384eb1d7b915ec56a2d6f9b741f2e0,error,0,,,URLError: <urlopen error [Errno 111] Connection refused>
http://forum.clash.y0.pl/ucp.php?mode=login&redirect=memberlist.php%3Fmode%3Dviewprofile%26u%3D2176,https://web.archive.org/web/20240612180850id_/http://forum.clash.y0.pl/ucp.php?mode=login&redirect=memberlist.php%3Fmode%3Dviewprofile%26u%3D2176&sid=ec25bc878072b763b91e45c90118d195,error,0,,,URLError: <urlopen error [Errno 111] Connection refused>
http://forum.clash.y0.pl/ucp.php?mode=login&redirect=memberlist.php%3Fmode%3Dviewprofile%26u%3D2578,https://web.archive.org/web/20240713033744id_/http://forum.clash.y0.pl/ucp.php?mode=login&redirect=memberlist.php%3Fmode%3Dviewprofile%26u%3D2578&sid=9bda1f1aec82ed2aad043535d2248e0d,error,0,,,URLError: <urlopen error [Errno 111] Connection refused>
http://forum.clash.y0.pl/ucp.php?mode=login&redirect=memberlist.php%3Fmode%3Dviewprofile%26u%3D52,https://web.archive.org/web/20240620213124id_/http://forum.clash.y0.pl/ucp.php?mode=login&redirect=memberlist.php%3Fmode%3Dviewprofile%26u%3D52&sid=58414c3517cfd91a8616b1b421a9fc23,error,0,,,URLError: <urlopen error [Errno 111] Connection refused>
http://forum.clash.y0.pl/ucp.php?mode=login&redirect=memberlist.php%3Fmode%3Dviewprofile%26u%3D55,https://web.archive.org/web/20240623081049id_/http://forum.clash.y0.pl/ucp.php?mode=login&redirect=memberlist.php%3Fmode%3Dviewprofile%26u%3D55&sid=42cb951f2089321905e0314df9ad888e,error,0,,,URLError: <urlopen error [Errno 111] Connection refused>
http://forum.clash.y0.pl/ucp.php?mode=login&redirect=memberlist.php%3Fmode%3Dviewprofile%26u%3D59,https://web.archive.org/web/20240714163246id_/http://forum.clash.y0.pl/ucp.php?mode=login&redirect=memberlist.php%3Fmode%3Dviewprofile%26u%3D59&sid=011e3951dee1ea361aa9a7d9586e5039,error,0,,,URLError: <urlopen error [Errno 111] Connection refused>
http://forum.clash.y0.pl/ucp.php?mode=login&redirect=memberlist.php%3Fmode%3Dviewprofile%26u%3D78,https://web.archive.org/web/20240612182853id_/http://forum.clash.y0.pl/ucp.php?mode=login&redirect=memberlist.php%3Fmode%3Dviewprofile%26u%3D78&sid=6cb9e5e63370bd350f4ceb876f6e7fce,error,0,,,URLError: <urlopen error [Errno 111] Connection refused>
http://forum.clash.y0.pl/ucp.php?mode=login&redirect=memberlist.php%3Fmode%3Dviewprofile%26u%3D81,https://web.archive.org/web/20240623080933id_/http://forum.clash.y0.pl/ucp.php?mode=login&redirect=memberlist.php%3Fmode%3Dviewprofile%26u%3D81&sid=6c6cf99420263c3c3d5826863d106249,error,0,,,URLError: <urlopen error [Errno 111] Connection refused>
http://forum.clash.y0.pl/ucp.php?mode=login&redirect=memberlist.php%3Fmode%3Dviewprofile%26u%3D92,https://web.archive.org/web/20240616184521id_/http://forum.clash.y0.pl/ucp.php?mode=login&redirect=memberlist.php%3Fmode%3Dviewprofile%26u%3D92&sid=8f712877d00b819face4c200101be8bf,error,0,,,URLError: <urlopen error [Errno 111] Connection refused>
http://forum.clash.y0.pl/ucp.php?mode=login&redirect=posting.php%3Ff%3D2%26mode%3Dquote%26p%3D516,https://web.archive.org/web/20201126155410id_/http://forum.clash.y0.pl/ucp.php?mode=login&redirect=posting.php%3Ff%3D2%26mode%3Dquote%26p%3D516,error,0,,,URLError: <urlopen error [Errno 111] Connection refused>
http://forum.clash.y0.pl/ucp.php?mode=login&redirect=posting.php%3Ff%3D3%26mode%3Dquote%26p%3D507,https://web.archive.org/web/20200930100528id_/http://forum.clash.y0.pl/ucp.php?mode=login&redirect=posting.php%3Ff%3D3%26mode%3Dquote%26p%3D507,error,0,,,URLError: <urlopen error [Errno 111] Connection refused>
http://forum.clash.y0.pl/ucp.php?mode=login&redirect=posting.php%3Ff%3D3%26mode%3Dreply%26t%3D19,https://web.archive.org/web/20200930094817id_/http://forum.clash.y0.pl/ucp.php?mode=login&redirect=posting.php%3Ff%3D3%26mode%3Dreply%26t%3D19,error,0,,,URLError: <urlopen error [Errno 111] Connection refused>
http://forum.clash.y0.pl/ucp.php?mode=login&redirect=posting.php%3Ff%3D4%26mode%3Dpost,https://web.archive.org/web/20240616180617id_/http://forum.clash.y0.pl/ucp.php?mode=login&redirect=posting.php%3Ff%3D4%26mode%3Dpost&sid=8e9332accfe95248026b2d5910eab93e,error,0,,,URLError: <urlopen error [Errno 111] Connection refused>
http://forum.clash.y0.pl/ucp.php?mode=login&redirect=posting.php%3Fmode%3Dquote,https://web.archive.org/web/20240918212205id_/http://forum.clash.y0.pl/ucp.php?mode=login&redirect=posting.php?mode=quote&sid=185ae7f2c477ebb371e2f02a875580e1,error,0,,,URLError: <urlopen error [Errno 111] Connection refused>
http://forum.clash.y0.pl/ucp.php?mode=login&redirect=posting.php%3Fmode%3Dquote%26p%3D1391,https://web.archive.org/web/20240714165243id_/http://forum.clash.y0.pl/ucp.php?mode=login&redirect=posting.php%3Fmode%3Dquote%26p%3D1391&sid=919a527e1157f308342d088e950f8417,error,0,,,URLError: <urlopen error [Errno 111] Connection refused>
http://forum.clash.y0.pl/ucp.php?mode=login&redirect=posting.php%3Fmode%3Dquote%26p%3D1430,https://web.archive.org/web/20240716202923id_/http://forum.clash.y0.pl/ucp.php?mode=login&redirect=posting.php%3Fmode%3Dquote%26p%3D1430&sid=7ed8638a910da857a099ced1cd965cc2,error,0,,,URLError: <urlopen error [Errno 111] Connection refused>
http://forum.clash.y0.pl/ucp.php?mode=login&redirect=posting.php%3Fmode%3Dquote%26p%3D1449,https://web.archive.org/web/20240612183938id_/http://forum.clash.y0.pl/ucp.php?mode=login&redirect=posting.php%3Fmode%3Dquote%26p%3D1449&sid=b8e74f3d7e08b5d6463fade83491f967,error,0,,,URLError: <urlopen error [Errno 111] Connection refused>
http://forum.clash.y0.pl/ucp.php?mode=login&redirect=posting.php%3Fmode%3Dquote%26p%3D1453,https://web.archive.org/web/20240623084244id_/http://forum.clash.y0.pl/ucp.php?mode=login&redirect=posting.php%3Fmode%3Dquote%26p%3D1453&sid=a3d11a7e48510ba6298236fd692ae9b6,error,0,,,URLError: <urlopen error [Errno 111] Connection refused>
http://forum.clash.y0.pl/ucp.php?mode=login&redirect=posting.php%3Fmode%3Dquote%26p%3D1454,https://web.archive.org/web/20240616181513id_/http://forum.clash.y0.pl/ucp.php?mode=login&redirect=posting.php%3Fmode%3Dquote%26p%3D1454&sid=8980e5538e63a9c090c4977e0cf5a2a6,error,0,,,URLError: <urlopen error [Errno 111] Connection refused>
http://forum.clash.y0.pl/ucp.php?mode=login&redirect=posting.php%3Fmode%3Dquote%26p%3D1550,https://web.archive.org/web/20240713045527id_/http://forum.clash.y0.pl/ucp.php?mode=login&redirect=posting.php%3Fmode%3Dquote%26p%3D1550&sid=523a9daedb47473797281675ad4d7558,error,0,,,URLError: <urlopen error [Errno 111] Connection refused>
http://forum.clash.y0.pl/ucp.php?mode=login&redirect=posting.php%3Fmode%3Dquote%26p%3D1552,https://web.archive.org/web/20240716185510id_/http://forum.clash.y0.pl/ucp.php?mode=login&redirect=posting.php%3Fmode%3Dquote%26p%3D1552&sid=2a618e76301b0b63a260118bcf316864,error,0,,,URLError: <urlopen error [Errno 111] Connection refused>
http://forum.clash.y0.pl/ucp.php?mode=login&redirect=posting.php%3Fmode%3Dquote%26p%3D1553,https://web.archive.org/web/20240716192124id_/http://forum.clash.y0.pl/ucp.php?mode=login&redirect=posting.php%3Fmode%3Dquote%26p%3D1553&sid=ce099644d3f3a77fba033ea87067ae5f,error,0,,,URLError: <urlopen error [Errno 111] Connection refused>
http://forum.clash.y0.pl/ucp.php?mode=login&redirect=posting.php%3Fmode%3Dquote%26p%3D1556,https://web.archive.org/web/20240714171644id_/http://forum.clash.y0.pl/ucp.php?mode=login&redirect=posting.php%3Fmode%3Dquote%26p%3D1556&sid=6187873ac43bacfa02b77527d8f91317,error,0,,,URLError: <urlopen error [Errno 111] Connection refused>
http://forum.clash.y0.pl/ucp.php?mode=login&redirect=posting.php%3Fmode%3Dquote%26p%3D1558,https://web.archive.org/web/20240714171136id_/http://forum.clash.y0.pl/ucp.php?mode=login&redirect=posting.php%3Fmode%3Dquote%26p%3D1558&sid=d39ebd75ca71ed46c74f04d37b852576,error,0,,,URLError: <urlopen error [Errno 111] Connection refused>
http://forum.clash.y0.pl/ucp.php?mode=login&redirect=posting.php%3Fmode%3Dquote%26p%3D1560,https://web.archive.org/web/20240621020311id_/http://forum.clash.y0.pl/ucp.php?mode=login&redirect=posting.php%3Fmode%3Dquote%26p%3D1560&sid=28640582f68fe0c50211962290c48ef9,error,0,,,URLError: <urlopen error [Errno 111] Connection refused>
http://forum.clash.y0.pl/ucp.php?mode=login&redirect=posting.php%3Fmode%3Dquote%26p%3D1586,https://web.archive.org/web/20240713020947id_/http://forum.clash.y0.pl/ucp.php?mode=login&redirect=posting.php%3Fmode%3Dquote%26p%3D1586&sid=d1eb1ca0421c39e5b07d4569ecd68147,error,0,,,URLError: <urlopen error [Errno 111] Connection refused>
http://forum.clash.y0.pl/ucp.php?mode=login&redirect=posting.php%3Fmode%3Dquote%26p%3D1591,https://web.archive.org/web/20240717194301id_/http://forum.clash.y0.pl/ucp.php?mode=login&redirect=posting.php%3Fmode%3Dquote%26p%3D1591&sid=7b3145325195cffbd792d2ceecea4e41,error,0,,,URLError: <urlopen error [Errno 111] Connection refused>
http://forum.clash.y0.pl/ucp.php?mode=login&redirect=posting.php%3Fmode%3Dquote%26p%3D1604,https://web.archive.org/web/20240717192347id_/http://forum.clash.y0.pl/ucp.php?mode=login&redirect=posting.php%3Fmode%3Dquote%26p%3D1604&sid=01c2ae1c6b9c1960897ab3decc12b11f,error,0,,,URLError: <urlopen error [Errno 111] Connection refused>
http://forum.clash.y0.pl/ucp.php?mode=login&redirect=posting.php%3Fmode%3Dquote%26p%3D1608,https://web.archive.org/web/20240612192018id_/http://forum.clash.y0.pl/ucp.php?mode=login&redirect=posting.php%3Fmode%3Dquote%26p%3D1608&sid=d8220f667516a5c60c95399d8ee66c14,error,0,,,URLError: <urlopen error [Errno 111] Connection refused>
http://forum.clash.y0.pl/ucp.php?mode=login&redirect=posting.php%3Fmode%3Dquote%26p%3D1611,https://web.archive.org/web/20240717191657id_/http://forum.clash.y0.pl/ucp.php?mode=login&redirect=posting.php%3Fmode%3Dquote%26p%3D1611&sid=264027a3cb8c44afa39f0c3a6e80eefd,error,0,,,URLError: <urlopen error [Errno 111] Connection refused>
http://forum.clash.y0.pl/ucp.php?mode=login&redirect=posting.php%3Fmode%3Dquote%26p%3D1630,https://web.archive.org/web/20240616173553id_/http://forum.clash.y0.pl/ucp.php?mode=login&redirect=posting.php%3Fmode%3Dquote%26p%3D1630&sid=aa3c856e747de8a7d5ae6de25d640964,error,0,,,URLError: <urlopen error [Errno 111] Connection refused>
http://forum.clash.y0.pl/ucp.php?mode=login&redirect=posting.php%3Fmode%3Dquote%26p%3D1631,https://web.archive.org/web/20240612190755id_/http://forum.clash.y0.pl/ucp.php?mode=login&redirect=posting.php%3Fmode%3Dquote%26p%3D1631&sid=9a58de19eec6571938beec64743d3cc1,error,0,,,URLError: <urlopen error [Errno 111] Connection refused>
http://forum.clash.y0.pl/ucp.php?mode=login&redirect=posting.php%3Fmode%3Dquote%26p%3D1632,https://web.archive.org/web/20240612192058id_/http://forum.clash.y0.pl/ucp.php?mode=login&redirect=posting.php%3Fmode%3Dquote%26p%3D1632&sid=e6ba17880393090851fc1759f5b4e04c,error,0,,,URLError: <urlopen error [Errno 111] Connection refused>
http://forum.clash.y0.pl/ucp.php?mode=login&redirect=posting.php%3Fmode%3Dquote%26p%3D1649,https://web.archive.org/web/20240616194437id_/http://forum.clash.y0.pl/ucp.php?mode=login&redirect=posting.php%3Fmode%3Dquote%26p%3D1649&sid=5cf74a5d45d290ec65c996928b6872f1,error,0,,,URLError: <urlopen error [Errno 111] Connection refused>
http://forum.clash.y0.pl/ucp.php?mode=login&redirect=posting.php%3Fmode%3Dquote%26p%3D1653,https://web.archive.org/web/20240612180202id_/http://forum.clash.y0.pl/ucp.php?mode=login&redirect=posting.php%3Fmode%3Dquote%26p%3D1653&sid=617d41c1827126bb3db3e5bf8f58a2d9,error,0,,,URLError: <urlopen error [Errno 111] Connection refused>
http://forum.clash.y0.pl/ucp.php?mode=login&redirect=posting.php%3Fmode%3Dquote%26p%3D1654,https://web.archive.org/web/20240623072314id_/http://forum.clash.y0.pl/ucp.php?mode=login&redirect=posting.php%3Fmode%3Dquote%26p%3D1654&sid=2324f987af7676e22aeb804a272df011,error,0,,,URLError: <urlopen error [Errno 111] Connection refused>
http://forum.clash.y0.pl/ucp.php?mode=login&redirect=posting.php%3Fmode%3Dquote%26p%3D1657,https://web.archive.org/web/20240612193558id_/http://forum.clash.y0.pl/ucp.php?mode=login&redirect=posting.php%3Fmode%3Dquote%26p%3D1657&sid=edf64cb39dd33a5fd23db02c8ef0ae7d,error,0,,,URLError: <urlopen error [Errno 111] Connection refused>
http://forum.clash.y0.pl/ucp.php?mode=login&redirect=posting.php%3Fmode%3Dquote%26p%3D1658,https://web.archive.org/web/20240621021126id_/http://forum.clash.y0.pl/ucp.php?mode=login&redirect=posting.php%3Fmode%3Dquote%26p%3D1658&sid=acae386dc300844d734ad84f890b93cd,error,0,,,URLError: <urlopen error [Errno 111] Connection refused>
http://forum.clash.y0.pl/ucp.php?mode=login&redirect=posting.php%3Fmode%3Dquote%26p%3D1659,https://web.archive.org/web/20240612183035id_/http://forum.clash.y0.pl/ucp.php?mode=login&redirect=posting.php%3Fmode%3Dquote%26p%3D1659&sid=5ad264f7a70f96f7e8370238b6a6ba9f,error,0,,,URLError: <urlopen error [Errno 111] Connection refused>
http://forum.clash.y0.pl/ucp.php?mode=login&redirect=posting.php%3Fmode%3Dquote%26p%3D1660,https://web.archive.org/web/20240612191124id_/http://forum.clash.y0.pl/ucp.php?mode=login&redirect=posting.php%3Fmode%3Dquote%26p%3D1660&sid=99e57a68490363b9af009e5decb8f7a0,error,0,,,URLError: <urlopen error [Errno 111] Connection refused>
http://forum.clash.y0.pl/ucp.php?mode=login&redirect=posting.php%3Fmode%3Dquote%26p%3D1662,https://web.archive.org/web/20240616183204id_/http://forum.clash.y0.pl/ucp.php?mode=login&redirect=posting.php%3Fmode%3Dquote%26p%3D1662&sid=51f897a3dce6b3f8c6838d7bff8e41c9,error,0,,,URLError: <urlopen error [Errno 111] Connection refused>
http://forum.clash.y0.pl/ucp.php?mode=login&redirect=posting.php%3Fmode%3Dquote%26p%3D203,https://web.archive.org/web/20240612182708id_/http://forum.clash.y0.pl/ucp.php?mode=login&redirect=posting.php%3Fmode%3Dquote%26p%3D203&sid=99d9ad2485c49e8d6931f63019913a72,error,0,,,URLError: <urlopen error [Errno 111] Connection refused>
http://forum.clash.y0.pl/ucp.php?mode=login&redirect=posting.php%3Fmode%3Dquote%26p%3D371,https://web.archive.org/web/20240723174236id_/http://forum.clash.y0.pl/ucp.php?mode=login&redirect=posting.php%3Fmode%3Dquote%26p%3D371&sid=b8686f658594bd0b87f32ad2ec5a261a,error,0,,,URLError: <urlopen error [Errno 111] Connection refused>
http://forum.clash.y0.pl/ucp.php?mode=login&redirect=posting.php%3Fmode%3Dquote%26p%3D465,https://web.archive.org/web/20240623071218id_/http://forum.clash.y0.pl/ucp.php?mode=login&redirect=posting.php%3Fmode%3Dquote%26p%3D465&sid=4d160e1c5990c352ef6aee0b7ef8b816,error,0,,,URLError: <urlopen error [Errno 111] Connection refused>
http://forum.clash.y0.pl/ucp.php?mode=login&redirect=posting.php%3Fmode%3Dquote%26p%3D466,https://web.archive.org/web/20240623080906id_/http://forum.clash.y0.pl/ucp.php?mode=login&redirect=posting.php%3Fmode%3Dquote%26p%3D466&sid=9302803296fbf7fd8060c1c1a7080889,error,0,,,URLError: <urlopen error [Errno 111] Connection refused>
http://forum.clash.y0.pl/ucp.php?mode=login&redirect=posting.php%3Fmode%3Dquote%26p%3D467,https://web.archive.org/web/20240616175639id_/http://forum.clash.y0.pl/ucp.php?mode=login&redirect=posting.php%3Fmode%3Dquote%26p%3D467&sid=4fc1b1b566bac76211b71120469bd706,error,0,,,URLError: <urlopen error [Errno 111] Connection refused>
http://forum.clash.y0.pl/ucp.php?mode=login&redirect=posting.php%3Fmode%3Dquote%26p%3D492,https://web.archive.org/web/20240623072607id_/http://forum.clash.y0.pl/ucp.php?mode=login&redirect=posting.php%3Fmode%3Dquote%26p%3D492&sid=1f2e7a2ccd6832d2280068a2765c2cb1,error,0,,,URLError: <urlopen error [Errno 111] Connection refused>
http://forum.clash.y0.pl/ucp.php?mode=login&redirect=posting.php%3Fmode%3Dquote%26p%3D676,https://web.archive.org/web/20240616181706id_/http://forum.clash.y0.pl/ucp.php?mode=login&redirect=posting.php%3Fmode%3Dquote%26p%3D676&sid=0adace01acea89c721c2e84a7fb17288,error,0,,,URLError: <urlopen error [Errno 111] Connection refused>
http://forum.clash.y0.pl/ucp.php?mode=login&redirect=posting.php%3Fmode%3Dreply,https://web.archive.org/web/20240914070803id_/http://forum.clash.y0.pl/ucp.php?mode=login&redirect=posting.php?mode=reply&sid=84eb059bad8610ea95369f04417c4047,error,0,,,URLError: <urlopen error [Errno 111] Connection refused>
http://forum.clash.y0.pl/ucp.php?mode=login&redirect=posting.php%3Fmode%3Dreply%26t%3D36,https://web.archive.org/web/20240623073856id_/http://forum.clash.y0.pl/ucp.php?mode=login&redirect=posting.php%3Fmode%3Dreply%26t%3D36&sid=36275c4b901dfa361eedda4b092a2c97,error,0,,,URLError: <urlopen error [Errno 111] Connection refused>
http://forum.clash.y0.pl/ucp.php?mode=login&redirect=posting.php%3Fmode%3Dreply%26t%3D753,https://web.archive.org/web/20240616180109id_/http://forum.clash.y0.pl/ucp.php?mode=login&redirect=posting.php%3Fmode%3Dreply%26t%3D753&sid=8085d8840d8c8609fb600d95c405d6a1,error,0,,,URLError: <urlopen error [Errno 111] Connection refused>
http://forum.clash.y0.pl/ucp.php?mode=login&redirect=posting.php%3Fmode%3Dreply%26t%3D762,https://web.archive.org/web/20240612192624id_/http://forum.clash.y0.pl/ucp.php?mode=login&redirect=posting.php%3Fmode%3Dreply%26t%3D762&sid=4101976fd9b419837d5c17ed0af15fe8,error,0,,,URLError: <urlopen error [Errno 111] Connection refused>
http://forum.clash.y0.pl/ucp.php?mode=login&redirect=posting.php%3Fmode%3Dreply%26t%3D764,https://web.archive.org/web/20240612191501id_/http://forum.clash.y0.pl/ucp.php?mode=login&redirect=posting.php%3Fmode%3Dreply%26t%3D764&sid=cb58131674dd984c555da52204f63b8c,error,0,,,URLError: <urlopen error [Errno 111] Connection refused>
http://forum.clash.y0.pl/ucp.php?mode=login&redirect=search.php,https://web.archive.org/web/20240521034842id_/http://forum.clash.y0.pl/ucp.php?mode=login&redirect=search.php&sid=4e7b03984b7e10bffc07b988dcbf9554,error,0,,,URLError: <urlopen error [Errno 111] Connection refused>
http://forum.clash.y0.pl/ucp.php?mode=login&redirect=search.php%3Fauthor_id%3D2%26sr%3Dposts,https://web.archive.org/web/20240619010654id_/http://forum.clash.y0.pl/ucp.php?mode=login&redirect=search.php%3Fauthor_id%3D2%26sr%3Dposts&sid=fd009a5c3c323343290ddebeae00332d,error,0,,,URLError: <urlopen error [Errno 111] Connection refused>
http://forum.clash.y0.pl/ucp.php?mode=login&redirect=search.php%3Fauthor_id%3D52%26sr%3Dposts,https://web.archive.org/web/20240615134514id_/http://forum.clash.y0.pl/ucp.php?mode=login&redirect=search.php%3Fauthor_id%3D52%26sr%3Dposts&sid=58e13061ee0c15c58aa0955630b877d7,error,0,,,URLError: <urlopen error [Errno 111] Connection refused>
http://forum.clash.y0.pl/ucp.php?mode=login&redirect=search.php%3Fauthor_id%3D55%26sr%3Dposts,https://web.archive.org/web/20240615141739id_/http://forum.clash.y0.pl/ucp.php?mode=login&redirect=search.php%3Fauthor_id%3D55%26sr%3Dposts&sid=39ae0a1a4e951dbe6ce35af3df5145b3,error,0,,,URLError: <urlopen error [Errno 111] Connection refused>
http://forum.clash.y0.pl/ucp.php?mode=login&redirect=search.php%3Fauthor_id%3D78%26sr%3Dposts,https://web.archive.org/web/20240623140303id_/http://forum.clash.y0.pl/ucp.php?mode=login&redirect=search.php%3Fauthor_id%3D78%26sr%3Dposts&sid=feaa812794741ed285c281cb12bf3714,error,0,,,URLError: <urlopen error [Errno 111] Connection refused>
http://forum.clash.y0.pl/ucp.php?mode=login&redirect=search.php%3Fauthor_id%3D81%26sr%3Dposts,https://web.archive.org/web/20240615145733id_/http://forum.clash.y0.pl/ucp.php?mode=login&redirect=search.php%3Fauthor_id%3D81%26sr%3Dposts&sid=bda0433e02a40db3eddf5d2572ced247,error,0,,,URLError: <urlopen error [Errno 111] Connection refused>
http://forum.clash.y0.pl/ucp.php?mode=login&redirect=search.php%3Fauthor_id%3D91%26sr%3Dposts,https://web.archive.org/web/20240615125915id_/http://forum.clash.y0.pl/ucp.php?mode=login&redirect=search.php%3Fauthor_id%3D91%26sr%3Dposts&sid=a94a6aeaa21ccf81e5f3b00d779469d5,error,0,,,URLError: <urlopen error [Errno 111] Connection refused>
http://forum.clash.y0.pl/ucp.php?mode=login&redirect=search.php%3Fauthor_id%3D92%26sr%3Dposts,https://web.archive.org/web/20200930103747id_/http://forum.clash.y0.pl/ucp.php?mode=login&redirect=search.php%3Fauthor_id%3D92%26sr%3Dposts,error,0,,,URLError: <urlopen error [Errno 111] Connection refused>
http://forum.clash.y0.pl/ucp.php?mode=login&redirect=search.php%3Ffid%255B%255D%3D3,https://web.archive.org/web/20241006113757id_/http://forum.clash.y0.pl/ucp.php?mode=login&redirect=search.php%3Ffid%255B%255D%3D3&sid=e7871f5bdecc52085c16b0ea1829938a,error,0,,,URLError: <urlopen error [Errno 111] Connection refused>
http://forum.clash.y0.pl/ucp.php?mode=login&redirect=search.php%3Ffid%255B%255D%3D4,https://web.archive.org/web/20240620034636id_/http://forum.clash.y0.pl/ucp.php?mode=login&redirect=search.php%3Ffid%255B%255D%3D4&sid=8c2c94b867d17b52604ca257299d7ad3,error,0,,,URLError: <urlopen error [Errno 111] Connection refused>
http://forum.clash.y0.pl/ucp.php?mode=login&redirect=search.php%3Fsearch_id%3Dactive_topics,https://web.archive.org/web/20240422131229id_/http://forum.clash.y0.pl/ucp.php?mode=login&redirect=search.php%3Fsearch_id%3Dactive_topics&sid=aec45dafc03103d794cea3997be83061,error,0,,,URLError: <urlopen error [Errno 111] Connection refused>
http://forum.clash.y0.pl/ucp.php?mode=login&redirect=search.php%3Fsearch_id%3Dunanswered,https://web.archive.org/web/20201030063834id_/http://forum.clash.y0.pl/ucp.php?mode=login&redirect=search.php%3Fsearch_id%3Dunanswered,error,0,,,URLError: <urlopen error [Errno 111] Connection refused>
http://forum.clash.y0.pl/ucp.php?mode=login&redirect=ucp.php%3Fmode%3Ddelete_cookies,https://web.archive.org/web/20240619230621id_/http://forum.clash.y0.pl/ucp.php?mode=login&redirect=ucp.php%3Fmode%3Ddelete_cookies&sid=83b059feee480045e2edd6eecbabbe78,error,0,,,URLError: <urlopen error [Errno 111] Connection refused>
http://forum.clash.y0.pl/ucp.php?mode=login&redirect=ucp.php%3Fmode%3Dprivacy,https://web.archive.org/web/20240303084628id_/http://forum.clash.y0.pl/ucp.php?mode=login&redirect=ucp.php%3Fmode%3Dprivacy&sid=9a56b1ba534b88d4a391e9b7c5b9f9c9,error,0,,,URLError: <urlopen error [Errno 111] Connection refused>
http://forum.clash.y0.pl/ucp.php?mode=login&redirect=ucp.php%3Fmode%3Dregister,https://web.archive.org/web/20240619223949id_/http://forum.clash.y0.pl/ucp.php?mode=login&redirect=ucp.php%3Fmode%3Dregister&sid=7b89382bd02b5746b572fdd4a1565ffa,error,0,,,URLError: <urlopen error [Errno 111] Connection refused>
http://forum.clash.y0.pl/ucp.php?mode=login&redirect=ucp.php%3Fmode%3Dresend_act,https://web.archive.org/web/20240719111403id_/http://forum.clash.y0.pl/ucp.php?mode=login&redirect=ucp.php%3Fmode%3Dresend_act&sid=21c3e7b7c4dd0f429c838f9f013831a3,error,0,,,URLError: <urlopen error [Errno 111] Connection refused>
http://forum.clash.y0.pl/ucp.php?mode=login&redirect=ucp.php%3Fmode%3Dterms,https://web.archive.org/web/20210514154301id_/http://forum.clash.y0.pl/ucp.php?mode=login&redirect=ucp.php%3Fmode%3Dterms&sid=78950a1cfa554531ae57c4662e21c575,error,0,,,URLError: <urlopen error [Errno 111] Connection refused>
http://forum.clash.y0.pl/ucp.php?mode=login&redirect=viewforum.php%3Ff%3D3,https://web.archive.org/web/20210423044925id_/http://forum.clash.y0.pl/ucp.php?mode=login&redirect=viewforum.php%3Ff%3D3&sid=f75d7838fe56b8f0f94bf6ecff70b1ff,error,0,,,URLError: <urlopen error [Errno 111] Connection refused>
http://forum.clash.y0.pl/ucp.php?mode=login&redirect=viewforum.php%3Ff%3D4,https://web.archive.org/web/20240521040757id_/http://forum.clash.y0.pl/ucp.php?mode=login&redirect=viewforum.php%3Ff%3D4&sid=423522a90398b7265571b40153988e69,error,0,,,URLError: <urlopen error [Errno 111] Connection refused>
http://forum.clash.y0.pl/ucp.php?mode=login&redirect=viewtopic.php%3Ff%3D2,https://web.archive.org/web/20210119022437id_/http://forum.clash.y0.pl/ucp.php?mode=login&redirect=viewtopic.php?f=2,error,0,,,URLError: <urlopen error [Errno 111] Connection refused>
http://forum.clash.y0.pl/ucp.php?mode=login&redirect=viewtopic.php%3Ff%3D2%26start%3D10%26t%3D29,https://web.archive.org/web/20201030081426id_/http://forum.clash.y0.pl/ucp.php?mode=login&redirect=viewtopic.php%3Ff%3D2%26start%3D10%26t%3D29,error,0,,,URLError: <urlopen error [Errno 111] Connection refused>
http://forum.clash.y0.pl/ucp.php?mode=login&redirect=viewtopic.php%3Ff%3D3%26p%3D1424%26t%3D753,https://web.archive.org/web/20240624065100id_/http://forum.clash.y0.pl/ucp.php?mode=login&redirect=viewtopic.php%3Ff%3D3%26p%3D1424%26t%3D753&sid=126c9991e96ea479a6b2185133120d61,error,0,,,URLError: <urlopen error [Errno 111] Connection refused>
http://forum.clash.y0.pl/ucp.php?mode=login&redirect=viewtopic.php%3Ff%3D3%26start%3D10%26t%3D7,https://web.archive.org/web/20210514163659id_/http://forum.clash.y0.pl/ucp.php?mode=login&redirect=viewtopic.php%3Ff%3D3%26start%3D10%26t%3D7&sid=bfb4a9bdd1ee4f5b8c7524bfdd5b8438,error,0,,,URLError: <urlopen error [Errno 111] Connection refused>
http://forum.clash.y0.pl/ucp.php?mode=login&redirect=viewtopic.php%3Ff%3D3%26start%3D20%26t%3D23,https://web.archive.org/web/20210514171222id_/http://forum.clash.y0.pl/ucp.php?mode=login&redirect=viewtopic.php%3Ff%3D3%26start%3D20%26t%3D23&sid=b7533a12ca45c4a09adfd8e311b43733,error,0,,,URLError: <urlopen error [Errno 111] Connection refused>
http://forum.clash.y0.pl/ucp.php?mode=login&redirect=viewtopic.php%3Ff%3D3%26start%3D40%26t%3D23,https://web.archive.org/web/20210514164729id_/http://forum.clash.y0.pl/ucp.php?mode=login&redirect=viewtopic.php%3Ff%3D3%26start%3D40%26t%3D23&sid=8988bfff0df5526858a134d3099d5c02,error,0,,,URLError: <urlopen error [Errno 111] Connection refused>
http://forum.clash.y0.pl/ucp.php?mode=login&redirect=viewtopic.php%3Ff%3D3%26t%3D111,https://web.archive.org/web/20240624062903id_/http://forum.clash.y0.pl/ucp.php?mode=login&redirect=viewtopic.php%3Ff%3D3%26t%3D111&sid=c20b76a3e3e2da6fb08623b37092bcad,error,0,,,URLError: <urlopen error [Errno 111] Connection refused>
http://forum.clash.y0.pl/ucp.php?mode=login&redirect=viewtopic.php%3Ff%3D3%26t%3D117,https://web.archive.org/web/20240303100218id_/http://forum.clash.y0.pl/ucp.php?mode=login&redirect=viewtopic.php%3Ff%3D3%26t%3D117&sid=6c65241fb6541e4eaee3a8c44883cd84,error,0,,,URLError: <urlopen error [Errno 111] Connection refused>
http://forum.clash.y0.pl/ucp.php?mode=login&redirect=viewtopic.php%3Ff%3D3%26t%3D19,https://web.archive.org/web/20240614085507id_/http://forum.clash.y0.pl/ucp.php?mode=login&redirect=viewtopic.php%3Ff%3D3%26t%3D19&sid=72217aa2ac3dc063d0b91e5b4f50c5cc,error,0,,,URLError: <urlopen error [Errno 111] Connection refused>
http://forum.clash.y0.pl/ucp.php?mode=login&redirect=viewtopic.php%3Ff%3D3%26t%3D36,https://web.archive.org/web/20240620101337id_/http://forum.clash.y0.pl/ucp.php?mode=login&redirect=viewtopic.php%3Ff%3D3%26t%3D36&sid=4c8ca3d75f376556719aa936bf07d9e5,error,0,,,URLError: <urlopen error [Errno 111] Connection refused>
http://forum.clash.y0.pl/ucp.php?mode=login&redirect=viewtopic.php%3Ff%3D3%26t%3D749,https://web.archive.org/web/20240614060635id_/http://forum.clash.y0.pl/ucp.php?mode=login&redirect=viewtopic.php%3Ff%3D3%26t%3D749&sid=d02d4cf7b1ff50dd75555b1edc556ce9,error,0,,,URLError: <urlopen error [Errno 111] Connection refused>
http://forum.clash.y0.pl/ucp.php?mode=login&redirect=viewtopic.php%3Fp%3D1449,https://web.archive.org/web/20240613082442id_/http://forum.clash.y0.pl/ucp.php?mode=login&redirect=viewtopic.php%3Fp%3D1449&sid=562c82b57310e5b3d64e1b37d1a3b469,error,0,,,URLError: <urlopen error [Errno 111] Connection refused>
http://forum.clash.y0.pl/ucp.php?mode=login&redirect=viewtopic.php%3Fp%3D1453,https://web.archive.org/web/20240622232713id_/http://forum.clash.y0.pl/ucp.php?mode=login&redirect=viewtopic.php%3Fp%3D1453&sid=caf909f937a23e517ae1460584a3284f,error,0,,,URLError: <urlopen error [Errno 111] Connection refused>
http://forum.clash.y0.pl/ucp.php?mode=login&redirect=viewtopic.php%3Fp%3D1454,https://web.archive.org/web/20240618153110id_/http://forum.clash.y0.pl/ucp.php?mode=login&redirect=viewtopic.php%3Fp%3D1454&sid=656d93d66de0ebeb8168d0bc6fc0b0df,error,0,,,URLError: <urlopen error [Errno 111] Connection refused>
http://forum.clash.y0.pl/ucp.php?mode=login&redirect=viewtopic.php%3Fp%3D1465%26t%3D753,https://web.archive.org/web/20200930103120id_/http://forum.clash.y0.pl/ucp.php?mode=login&redirect=viewtopic.php%3Fp%3D1465%26t%3D753,error,0,,,URLError: <urlopen error [Errno 111] Connection refused>
http://forum.clash.y0.pl/ucp.php?mode=login&redirect=viewtopic.php%3Fp%3D1481%26t%3D9,https://web.archive.org/web/20200930091228id_/http://forum.clash.y0.pl/ucp.php?mode=login&redirect=viewtopic.php%3Fp%3D1481%26t%3D9,error,0,,,URLError: <urlopen error [Errno 111] Connection refused>
http://forum.clash.y0.pl/ucp.php?mode=login&redirect=viewtopic.php%3Fp%3D1559,https://web.archive.org/web/20240624072435id_/http://forum.clash.y0.pl/ucp.php?mode=login&redirect=viewtopic.php%3Fp%3D1559&sid=dc0eea1b54ed1b71e8abc3a9cbdaa552,error,0,,,URLError: <urlopen error [Errno 111] Connection refused>
http://forum.clash.y0.pl/ucp.php?mode=login&redirect=viewtopic.php%3Fp%3D1560,https://web.archive.org/web/20240521033757id_/http://forum.clash.y0.pl/ucp.php?mode=login&redirect=viewtopic.php%3Fp%3D1560&sid=500e00cb5d19104148e07f5f33cc23f8,error,0,,,URLError: <urlopen error [Errno 111] Connection refused>
http://forum.clash.y0.pl/ucp.php?mode=login&redirect=viewtopic.php%3Fp%3D1605,https://web.archive.org/web/20240614060207id_/http://forum.clash.y0.pl/ucp.php?mode=login&redirect=viewtopic.php%3Fp%3D1605&sid=65a740e991c626d398395b93287647c4,error,0,,,URLError: <urlopen error [Errno 111] Connection refused>
http://forum.clash.y0.pl/ucp.php?mode=login&redirect=viewtopic.php%3Fp%3D1607,https://web.archive.org/web/20240621064547id_/http://forum.clash.y0.pl/ucp.php?mode=login&redirect=viewtopic.php%3Fp%3D1607&sid=48ffd73e7d55043ceb76ad4de767cf59,error,0,,,URLError: <urlopen error [Errno 111] Connection refused>
http://forum.clash.y0.pl/ucp.php?mode=login&redirect=viewtopic.php%3Fp%3D1608,https://web.archive.org/web/20240614050921id_/http://forum.clash.y0.pl/ucp.php?mode=login&redirect=viewtopic.php%3Fp%3D1608&sid=a6e9c5f3138a45ae6552819dc50b4f01,error,0,,,URLError: <urlopen error [Errno 111] Connection refused>
http://forum.clash.y0.pl/ucp.php?mode=login&redirect=viewtopic.php%3Fp%3D1611,https://web.archive.org/web/20240614093944id_/http://forum.clash.y0.pl/ucp.php?mode=login&redirect=viewtopic.php%3Fp%3D1611&sid=713a008c6b628d8134c9800a10ecb638,error,0,,,URLError: <urlopen error [Errno 111] Connection refused>
http://forum.clash.y0.pl/ucp.php?mode=login&redirect=viewtopic.php%3Fp%3D1630,https://web.archive.org/web/20240621083903id_/http://forum.clash.y0.pl/ucp.php?mode=login&redirect=viewtopic.php%3Fp%3D1630&sid=5ddc7ce4d29e373511b508f332e219f7,error,0,,,URLError: <urlopen error [Errno 111] Connection refused>
http://forum.clash.y0.pl/ucp.php?mode=login&redirect=viewtopic.php%3Fp%3D1631,https://web.archive.org/web/20240620082535id_/http://forum.clash.y0.pl/ucp.php?mode=login&redirect=viewtopic.php%3Fp%3D1631&sid=2f8d4bd508693682d63cd65a13e5a6a1,error,0,,,URLError: <urlopen error [Errno 111] Connection refused>
http://forum.clash.y0.pl/ucp.php?mode=login&redirect=viewtopic.php%3Fp%3D1649,https://web.archive.org/web/20240618142135id_/http://forum.clash.y0.pl/ucp.php?mode=login&redirect=viewtopic.php%3Fp%3D1649&sid=40ebaa57b2d35a51de9fc22d8e43f10d,error,0,,,URLError: <urlopen error [Errno 111] Connection refused>
http://forum.clash.y0.pl/ucp.php?mode=login&redirect=viewtopic.php%3Fp%3D1653,https://web.archive.org/web/20240619012729id_/http://forum.clash.y0.pl/ucp.php?mode=login&redirect=viewtopic.php%3Fp%3D1653&sid=47b2a101de899eb07b96665f6d77c79c,error,0,,,URLError: <urlopen error [Errno 111] Connection refused>
http://forum.clash.y0.pl/ucp.php?mode=login&redirect=viewtopic.php%3Fp%3D1654,https://web.archive.org/web/20240619003949id_/http://forum.clash.y0.pl/ucp.php?mode=login&redirect=viewtopic.php%3Fp%3D1654&sid=c5d526e6064ff99c13c89bd07e86f0d2,error,0,,,URLError: <urlopen error [Errno 111] Connection refused>
http://forum.clash.y0.pl/ucp.php?mode=login&redirect=viewtopic.php%3Fp%3D1657,https://web.archive.org/web/20240619012923id_/http://forum.clash.y0.pl/ucp.php?mode=login&redirect=viewtopic.php%3Fp%3D1657&sid=20a0e271002b577ba1d6e6733da8ccd2,error,0,,,URLError: <urlopen error [Errno 111] Connection refused>
http://forum.clash.y0.pl/ucp.php?mode=login&redirect=viewtopic.php%3Fp%3D1658,https://web.archive.org/web/20240612155712id_/http://forum.clash.y0.pl/ucp.php?mode=login&redirect=viewtopic.php%3Fp%3D1658&sid=b9bec0316679ffb0e8cf61bcf58615d0,error,0,,,URLError: <urlopen error [Errno 111] Connection refused>
http://forum.clash.y0.pl/ucp.php?mode=login&redirect=viewtopic.php%3Fp%3D1659,https://web.archive.org/web/20240619002030id_/http://forum.clash.y0.pl/ucp.php?mode=login&redirect=viewtopic.php%3Fp%3D1659&sid=507407d22071c613cc45cb9725cb1e9c,error,0,,,URLError: <urlopen error [Errno 111] Connection refused>
http://forum.clash.y0.pl/ucp.php?mode=login&redirect=viewtopic.php%3Fp%3D1660,https://web.archive.org/web/20240619012259id_/http://forum.clash.y0.pl/ucp.php?mode=login&redirect=viewtopic.php%3Fp%3D1660&sid=71b09a759a3b48e8b08b2384136fe7de,error,0,,,URLError: <urlopen error [Errno 111] Connection refused>
http://forum.clash.y0.pl/ucp.php?mode=login&redirect=viewtopic.php%3Fp%3D1662,https://web.archive.org/web/20240521050113id_/http://forum.clash.y0.pl/ucp.php?mode=login&redirect=viewtopic.php%3Fp%3D1662&sid=e69d19879901a14aa77f5c456987c177,error,0,,,URLError: <urlopen error [Errno 111] Connection refused>
http://forum.clash.y0.pl/ucp.php?mode=login&redirect=viewtopic.php%3Fp%3D1693,https://web.archive.org/web/20240615150017id_/http://forum.clash.y0.pl/ucp.php?mode=login&redirect=viewtopic.php%3Fp%3D1693&sid=923ca53abb27b311d54a20382799732b,error,0,,,URLError: <urlopen error [Errno 111] Connection refused>
http://forum.clash.y0.pl/ucp.php?mode=login&redirect=viewtopic.php%3Fp%3D1694,https://web.archive.org/web/20240908154918id_/http://forum.clash.y0.pl/ucp.php?mode=login&redirect=viewtopic.php%3Fp%3D1694&sid=2dc53cf41a301bc1628debd6f66b307f,error,0,,,URLError: <urlopen error [Errno 111] Connection refused>
http://forum.clash.y0.pl/ucp.php?mode=login&redirect=viewtopic.php%3Fp%3D465,https://web.archive.org/web/20240613065222id_/http://forum.clash.y0.pl/ucp.php?mode=login&redirect=viewtopic.php%3Fp%3D465&sid=ad9511c6ead37005ac65326766c3e47e,error,0,,,URLError: <urlopen error [Errno 111] Connection refused>
http://forum.clash.y0.pl/ucp.php?mode=login&redirect=viewtopic.php%3Fp%3D466,https://web.archive.org/web/20240622223055id_/http://forum.clash.y0.pl/ucp.php?mode=login&redirect=viewtopic.php%3Fp%3D466&sid=ec4d0926a6f0846786c39d3e961bc757,error,0,,,URLError: <urlopen error [Errno 111] Connection refused>
http://forum.clash.y0.pl/ucp.php?mode=login&redirect=viewtopic.php%3Fp%3D467,https://web.archive.org/web/20240622222541id_/http://forum.clash.y0.pl/ucp.php?mode=login&redirect=viewtopic.php%3Fp%3D467&sid=e7da7680b230f186f611fcc1f22556b9,error,0,,,URLError: <urlopen error [Errno 111] Connection refused>
http://forum.clash.y0.pl/ucp.php?mode=login&redirect=viewtopic.php%3Fp%3D492,https://web.archive.org/web/20240622230116id_/http://forum.clash.y0.pl/ucp.php?mode=login&redirect=viewtopic.php%3Fp%3D492&sid=aed5f7e7ac19bf00d62b13fb87c221e5,error,0,,,URLError: <urlopen error [Errno 111] Connection refused>
http://forum.clash.y0.pl/ucp.php?mode=login&redirect=viewtopic.php%3Fp%3D504,https://web.archive.org/web/20200814023326id_/http://forum.clash.y0.pl/ucp.php?mode=login&redirect=viewtopic.php%3Fp%3D504,error,0,,,URLError: <urlopen error [Errno 111] Connection refused>
http://forum.clash.y0.pl/ucp.php?mode=login&redirect=viewtopic.php%3Fp%3D547,https://web.archive.org/web/20200930091055id_/http://forum.clash.y0.pl/ucp.php?mode=login&redirect=viewtopic.php%3Fp%3D547,error,0,,,URLError: <urlopen error [Errno 111] Connection refused>
http://forum.clash.y0.pl/ucp.php?mode=login&redirect=viewtopic.php%3Fp%3D676,https://web.archive.org/web/20240618153102id_/http://forum.clash.y0.pl/ucp.php?mode=login&redirect=viewtopic.php%3Fp%3D676&sid=83bb9157b66fcf03316e91d9e02115e6,error,0,,,URLError: <urlopen error [Errno 111] Connection refused>
http://forum.clash.y0.pl/ucp.php?mode=login&redirect=viewtopic.php%3Fp%3D700,https://web.archive.org/web/20201030080819id_/http://forum.clash.y0.pl/ucp.php?mode=login&redirect=viewtopic.php%3Fp%3D700,error,0,,,URLError: <urlopen error [Errno 111] Connection refused>
http://forum.clash.y0.pl/ucp.php?mode=login&redirect=viewtopic.php%3Fstart%3D10%26t%3D19,https://web.archive.org/web/20240527191625id_/http://forum.clash.y0.pl/ucp.php?mode=login&redirect=viewtopic.php%3Fstart%3D10%26t%3D19&sid=e9a4f5d6993bd842fad3ec5db249deee,error,0,,,URLError: <urlopen error [Errno 111] Connection refused>
http://forum.clash.y0.pl/ucp.php?mode=login&redirect=viewtopic.php%3Fstart%3D10%26t%3D762,https://web.archive.org/web/20240623134801id_/http://forum.clash.y0.pl/ucp.php?mode=login&redirect=viewtopic.php%3Fstart%3D10%26t%3D762&sid=9cd526e847f2565be36a48b370cb5f90,error,0,,,URLError: <urlopen error [Errno 111] Connection refused>
http://forum.clash.y0.pl/ucp.php?mode=login&redirect=viewtopic.php%3Fstart%3D20%26t%3D23,https://web.archive.org/web/20240527191011id_/http://forum.clash.y0.pl/ucp.php?mode=login&redirect=viewtopic.php%3Fstart%3D20%26t%3D23&sid=caf9c22cd24168fe8f4a5808c07dd88f,error,0,,,URLError: <urlopen error [Errno 111] Connection refused>
http://forum.clash.y0.pl/ucp.php?mode=login&redirect=viewtopic.php%3Fstart%3D20%26t%3D36,https://web.archive.org/web/20240527181519id_/http://forum.clash.y0.pl/ucp.php?mode=login&redirect=viewtopic.php%3Fstart%3D20%26t%3D36&sid=761a5e1b050f16e72b599d40fac2af02,error,0,,,URLError: <urlopen error [Errno 111] Connection refused>
http://forum.clash.y0.pl/ucp.php?mode=login&redirect=viewtopic.php%3Fstart%3D30%26t%3D111,https://web.archive.org/web/20240527190134id_/http://forum.clash.y0.pl/ucp.php?mode=login&redirect=viewtopic.php%3Fstart%3D30%26t%3D111&sid=799407f88ae273e9b7bab554894ee2c1,error,0,,,URLError: <urlopen error [Errno 111] Connection refused>
http://forum.clash.y0.pl/ucp.php?mode=login&redirect=viewtopic.php%3Fstart%3D30%26t%3D748,https://web.archive.org/web/20240615141556id_/http://forum.clash.y0.pl/ucp.php?mode=login&redirect=viewtopic.php%3Fstart%3D30%26t%3D748&sid=2194288e81900e63b91b50be22b80a84,error,0,,,URLError: <urlopen error [Errno 111] Connection refused>
http://forum.clash.y0.pl/ucp.php?mode=login&redirect=viewtopic.php%3Fstart%3D50%26t%3D753,https://web.archive.org/web/20240527190026id_/http://forum.clash.y0.pl/ucp.php?mode=login&redirect=viewtopic.php%3Fstart%3D50%26t%3D753&sid=e023a287118c5eda9d4366727597a8af,error,0,,,URLError: <urlopen error [Errno 111] Connection refused>
http://forum.clash.y0.pl/ucp.php?mode=login&redirect=viewtopic.php%3Fstart%3D60%26t%3D753,https://web.archive.org/web/20240622233537id_/http://forum.clash.y0.pl/ucp.php?mode=login&redirect=viewtopic.php%3Fstart%3D60%26t%3D753&sid=a2d00e3d56cad43a44dc4e161f61b132,error,0,,,URLError: <urlopen error [Errno 111] Connection refused>
http://forum.clash.y0.pl/ucp.php?mode=login&redirect=viewtopic.php%3Ft%3D36,https://web.archive.org/web/20240614052051id_/http://forum.clash.y0.pl/ucp.php?mode=login&redirect=viewtopic.php%3Ft%3D36&sid=69de98cabd3cca6bc50382c3b8eb4bbd,error,0,,,URLError: <urlopen error [Errno 111] Connection refused>
http://forum.clash.y0.pl/ucp.php?mode=login&redirect=viewtopic.php%3Ft%3D753,https://web.archive.org/web/20240624071715id_/http://forum.clash.y0.pl/ucp.php?mode=login&redirect=viewtopic.php%3Ft%3D753&sid=b8166bff977d78e99fd278daa33c1862,error,0,,,URLError: <urlopen error [Errno 111] Connection refused>
http://forum.clash.y0.pl/ucp.php?mode=login&redirect=viewtopic.php%3Ft%3D762,https://web.archive.org/web/20240624064813id_/http://forum.clash.y0.pl/ucp.php?mode=login&redirect=viewtopic.php%3Ft%3D762&sid=afea8e0f1c381e3aebf4d5bdb3c25994,error,0,,,URLError: <urlopen error [Errno 111] Connection refused>
http://forum.clash.y0.pl/ucp.php?mode=login&redirect=viewtopic.php%3Ft%3D764,https://web.archive.org/web/20240619003005id_/http://forum.clash.y0.pl/ucp.php?mode=login&redirect=viewtopic.php%3Ft%3D764&sid=fe668c5fa0d6cdd1acdd992b5a554cb3,error,0,,,URLError: <urlopen error [Errno 111] Connection refused>
http://forum.clash.y0.pl/ucp.php?mode=privacy,https://web.archive.org/web/20191212015825id_/http://forum.clash.y0.pl/ucp.php?mode=privacy,error,0,,,URLError: <urlopen error [Errno 111] Connection refused>
http://forum.clash.y0.pl/ucp.php?mode=register,https://web.archive.org/web/20191212015548id_/http://forum.clash.y0.pl/ucp.php?mode=register,error,0,,,URLError: <urlopen error [Errno 111] Connection refused>
http://forum.clash.y0.pl/ucp.php?mode=resend_act,https://web.archive.org/web/20240612180531id_/http://forum.clash.y0.pl/ucp.php?mode=resend_act&sid=48865faa7c1ae3046e9b02c5dbb1f35f,error,0,,,URLError: <urlopen error [Errno 111] Connection refused>
http://forum.clash.y0.pl/ucp.php?mode=sendpassword,https://web.archive.org/web/20191212002342id_/http://forum.clash.y0.pl/ucp.php?mode=sendpassword,error,0,,,URLError: <urlopen error [Errno 111] Connection refused>
http://forum.clash.y0.pl/ucp.php?mode=terms,https://web.archive.org/web/20191212002139id_/http://forum.clash.y0.pl/ucp.php?mode=terms,error,0,,,URLError: <urlopen error [Errno 111] Connection refused>
http://forum.clash.y0.pl/viewforum.php?f=2,https://web.archive.org/web/20191212002018id_/http://forum.clash.y0.pl/viewforum.php?f=2,error,0,,,URLError: <urlopen error [Errno 111] Connection refused>
http://forum.clash.y0.pl/viewforum.php?f=2&start=25,https://web.archive.org/web/20191212013438id_/http://forum.clash.y0.pl/viewforum.php?f=2&start=25,error,0,,,URLError: <urlopen error [Errno 111] Connection refused>
http://forum.clash.y0.pl/viewforum.php?f=3,https://web.archive.org/web/20191212002106id_/http://forum.clash.y0.pl/viewforum.php?f=3,error,0,,,URLError: <urlopen error [Errno 111] Connection refused>
http://forum.clash.y0.pl/viewforum.php?f=4,https://web.archive.org/web/20210306163217id_/http://forum.clash.y0.pl/viewforum.php?f=4,error,0,,,URLError: <urlopen error [Errno 111] Connection refused>
http://forum.clash.y0.pl/viewtopic.php?f=2&p=104&t=17,https://web.archive.org/web/20191212002023id_/http://forum.clash.y0.pl/viewtopic.php?f=2&t=17&p=104,error,0,,,URLError: <urlopen error [Errno 111] Connection refused>
http://forum.clash.y0.pl/viewtopic.php?f=2&p=115&t=15,https://web.archive.org/web/20191212013814id_/http://forum.clash.y0.pl/viewtopic.php?f=2&t=15&p=115,error,0,,,URLError: <urlopen error [Errno 111] Connection refused>
http://forum.clash.y0.pl/viewtopic.php?f=2&p=1397&t=750,https://web.archive.org/web/20231129051154id_/http://forum.clash.y0.pl/viewtopic.php?f=2&t=750&p=1397,error,0,,,URLError: <urlopen error [Errno 111] Connection refused>
http://forum.clash.y0.pl/viewtopic.php?f=2&p=1468&t=758,https://web.archive.org/web/20200930095835id_/http://forum.clash.y0.pl/viewtopic.php?f=2&t=758&p=1468,error,0,,,URLError: <urlopen error [Errno 111] Connection refused>
http://forum.clash.y0.pl/viewtopic.php?f=2&p=1473&t=758,https://web.archive.org/web/20200930103825id_/http://forum.clash.y0.pl/viewtopic.php?f=2&t=758&p=1473,error,0,,,URLError: <urlopen error [Errno 111] Connection refused>
http://forum.clash.y0.pl/viewtopic.php?f=2&p=1477&t=758,https://web.archive.org/web/20200930095305id_/http://forum.clash.y0.pl/viewtopic.php?f=2&t=758&p=1477,error,0,,,URLError: <urlopen error [Errno 111] Connection refused>
http://forum.clash.y0.pl/viewtopic.php?f=2&p=1489&t=9,https://web.archive.org/web/20200930094719id_/http://forum.clash.y0.pl/viewtopic.php?f=2&t=9&p=1489,error,0,,,URLError: <urlopen error [Errno 111] Connection refused>
http://forum.clash.y0.pl/viewtopic.php?f=2&p=1493,https://web.archive.org/web/20200814012623id_/http://forum.clash.y0.pl/viewtopic.php?f=2&p=1493,error,0,,,URLError: <urlopen error [Errno 111] Connection refused>
http://forum.clash.y0.pl/viewtopic.php?f=2&p=187&t=14,https://web.archive.org/web/20191212012347id_/http://forum.clash.y0.pl/viewtopic.php?f=2&t=14&p=187,error,0,,,URLError: <urlopen error [Errno 111] Connection refused>
http://forum.clash.y0.pl/viewtopic.php?f=2&p=216&t=21,https://web.archive.org/web/20191212005624id_/http://forum.clash.y0.pl/viewtopic.php?f=2&t=21&p=216,error,0,,,URLError: <urlopen error [Errno 111] Connection refused>
http://forum.clash.y0.pl/viewtopic.php?f=2&p=228&t=8,https://web.archive.org/web/20191212002418id_/http://forum.clash.y0.pl/viewtopic.php?f=2&t=8&p=228,error,0,,,URLError: <urlopen error timed out>
http://forum.clash.y0.pl/viewtopic.php?f=2&p=254&t=25,https://web.archive.org/web/20191212001900id_/http://forum.clash.y0.pl/viewtopic.php?f=2&t=25&p=254,error,0,,,URLError: <urlopen error [Errno 111] Connection refused>
http://forum.clash.y0.pl/viewtopic.php?f=2&p=274&t=4,https://web.archive.org/web/20191212014300id_/http://forum.clash.y0.pl/viewtopic.php?f=2&t=4&p=274,error,0,,,URLError: <urlopen error timed out>
http://forum.clash.y0.pl/viewtopic.php?f=2&p=278&t=26,https://web.archive.org/web/20191212002007id_/http://forum.clash.y0.pl/viewtopic.php?f=2&t=26&p=278,error,0,,,URLError: <urlopen error [Errno 111] Connection refused>
http://forum.clash.y0.pl/viewtopic.php?f=2&p=305&t=28,https://web.archive.org/web/20191212002640id_/http://forum.clash.y0.pl/viewtopic.php?f=2&t=28&p=305,error,0,,,URLError: <urlopen error timed out>
http://forum.clash.y0.pl/viewtopic.php?f=2&p=307&t=27,https://web.archive.org/web/20191212015125id_/http://forum.clash.y0.pl/viewtopic.php?f=2&t=27&p=307,error,0,,,URLError: <urlopen error [Errno 111] Connection refused>
http://forum.clash.y0.pl/viewtopic.php?f=2&p=314&t=9,https://web.archive.org/web/20191212014041id_/http://forum.clash.y0.pl/viewtopic.php?f=2&t=9&p=314,error,0,,,URLError: <urlopen error [Errno 111] Connection refused>
http://forum.clash.y0.pl/viewtopic.php?f=2&p=332&t=33,https://web.archive.org/web/20191212010436id_/http://forum.clash.y0.pl/viewtopic.php?f=2&t=33&p=332,error,0,,,URLError: <urlopen error [Errno 111] Connection refused>
http://forum.clash.y0.pl/viewtopic.php?f=2&p=338&t=32,https://web.archive.org/web/20191212004347id_/http://forum.clash.y0.pl/viewtopic.php?f=2&t=32&p=338,error,0,,,URLError: <urlopen error [Errno 111] Connection refused>
http://forum.clash.y0.pl/viewtopic.php?f=2&p=351&t=34,https://web.archive.org/web/20191212014205id_/http://forum.clash.y0.pl/viewtopic.php?f=2&t=34&p=351,error,0,,,URLError: <urlopen error [Errno 111] Connection refused>
http://forum.clash.y0.pl/viewtopic.php?f=2&p=453&t=9,https://web.archive.org/web/20191212011520id_/http://forum.clash.y0.pl/viewtopic.php?f=2&t=9&p=453,error,0,,,URLError: <urlopen error [Errno 111] Connection refused>
http://forum.clash.y0.pl/viewtopic.php?f=2&p=455&t=37,https://web.archive.org/web/20191212012044id_/http://forum.clash.y0.pl/viewtopic.php?f=2&t=37&p=455,error,0,,,URLError: <urlopen error [Errno 111] Connection refused>
http://forum.clash.y0.pl/viewtopic.php?f=2&p=484&t=10,https://web.archive.org/web/20191212002044id_/http://forum.clash.y0.pl/viewtopic.php?f=2&t=10&p=484,error,0,,,URLError: <urlopen error [Errno 111] Connection refused>
http://forum.clash.y0.pl/viewtopic.php?f=2&p=486&t=22,https://web.archive.org/web/20191212013015id_/http://forum.clash.y0.pl/viewtopic.php?f=2&t=22&p=486,error,0,,,URLError: <urlopen error [Errno 111] Connection refused>
http://forum.clash.y0.pl/viewtopic.php?f=2&p=506&t=8,https://web.archive.org/web/20191212002249id_/http://forum.clash.y0.pl/viewtopic.php?f=2&t=8&p=506,error,0,,,URLError: <urlopen error [Errno 111] Connection refused>
http://forum.clash.y0.pl/viewtopic.php?f=2&p=520&t=30,https://web.archive.org/web/20191212004601id_/http://forum.clash.y0.pl/viewtopic.php?f=2&t=30&p=520,error,0,,,URLError: <urlopen error timed out>
http://forum.clash.y0.pl/viewtopic.php?f=2&p=527&t=8,https://web.archive.org/web/20191212013550id_/http://forum.clash.y0.pl/viewtopic.php?f=2&t=8&p=527,error,0,,,URLError: <urlopen error [Errno 111] Connection refused>
http://forum.clash.y0.pl/viewtopic.php?f=2&p=541&t=5,https://web.archive.org/web/20191212002212id_/http://forum.clash.y0.pl/viewtopic.php?f=2&t=5&p=541,error,0,,,URLError: <urlopen error [Errno 111] Connection refused>
http://forum.clash.y0.pl/viewtopic.php?f=2&p=565&t=8,https://web.archive.org/web/20191212005309id_/http://forum.clash.y0.pl/viewtopic.php?f=2&t=8&p=565,error,0,,,URLError: <urlopen error [Errno 111] Connection refused>
http://forum.clash.y0.pl/viewtopic.php?f=2&p=642,https://web.archive.org/web/20191210154106id_/http://forum.clash.y0.pl/viewtopic.php?f=2&p=642,error,0,,,URLError: <urlopen error [Errno 111] Connection refused>
http://forum.clash.y0.pl/viewtopic.php?f=2&start=10&t=15,https://web.archive.org/web/20191212002456id_/http://forum.clash.y0.pl/viewtopic.php?f=2&t=15&start=10,error,0,,,URLError: <urlopen error [Errno 111] Connection refused>
http://forum.clash.y0.pl/viewtopic.php?f=2&start=10&t=16,https://web.archive.org/web/20191212011513id_/http://forum.clash.y0.pl/viewtopic.php?f=2&t=16&start=10,error,0,,,URLError: <urlopen error [Errno 111] Connection refused>
http://forum.clash.y0.pl/viewtopic.php?f=2&start=10&t=21,https://web.archive.org/web/20191212002232id_/http://forum.clash.y0.pl/viewtopic.php?f=2&t=21&start=10,error,0,,,URLError: <urlopen error [Errno 111] Connection refused>
http://forum.clash.y0.pl/viewtopic.php?f=2&start=10&t=29,https://web.archive.org/web/20191212012946id_/http://forum.clash.y0.pl/viewtopic.php?f=2&t=29&start=10,error,0,,,URLError: <urlopen error [Errno 111] Connection refused>
http://forum.clash.y0.pl/viewtopic.php?f=2&start=10&t=29&view=print,https://web.archive.org/web/20201030082004id_/http://forum.clash.y0.pl/viewtopic.php?f=2&t=29&start=10&view=print,error,0,,,URLError: <urlopen error [Errno 111] Connection refused>
http://forum.clash.y0.pl/viewtopic.php?f=2&start=100&t=9,https://web.archive.org/web/20200930101130id_/http://forum.clash.y0.pl/viewtopic.php?f=2&t=9&start=100,error,0,,,URLError: <urlopen error [Errno 111] Connection refused>
http://forum.clash.y0.pl/viewtopic.php?f=2&start=20&t=29,https://web.archive.org/web/20191212015212id_/http://forum.clash.y0.pl/viewtopic.php?f=2&t=29&start=20,error,0,,,URLError: <urlopen error [Errno 111] Connection refused>
http://forum.clash.y0.pl/viewtopic.php?f=2&start=30&t=29,https://web.archive.org/web/20191212002207id_/http://forum.clash.y0.pl/viewtopic.php?f=2&t=29&start=30,error,0,,,URLError: <urlopen error [Errno 111] Connection refused>
http://forum.clash.y0.pl/viewtopic.php?f=2&start=30&t=29&view=print,https://web.archive.org/web/20191212002548id_/http://forum.clash.y0.pl/viewtopic.php?f=2&t=29&start=30&view=print,error,0,,,URLError: <urlopen error [Errno 111] Connection refused>
http://forum.clash.y0.pl/viewtopic.php?f=2&start=30&t=8,https://web.archive.org/web/20191212013242id_/http://forum.clash.y0.pl/viewtopic.php?f=2&t=8&start=30,error,0,,,URLError: <urlopen error [Errno 111] Connection refused>
http://forum.clash.y0.pl/viewtopic.php?f=2&start=40&t=8,https://web.archive.org/web/20191212014714id_/http://forum.clash.y0.pl/viewtopic.php?f=2&t=8&start=40,error,0,,,URLError: <urlopen error [Errno 111] Connection refused>
http://forum.clash.y0.pl/viewtopic.php?f=2&start=50&t=8,https://web.archive.org/web/20191212001951id_/http://forum.clash.y0.pl/viewtopic.php?f=2&t=8&start=50,error,0,,,URLError: <urlopen error [Errno 111] Connection refused>
http://forum.clash.y0.pl/viewtopic.php?f=2&start=50&t=9,https://web.archive.org/web/20191212012246id_/http://forum.clash.y0.pl/viewtopic.php?f=2&t=9&start=50,error,0,,,URLError: <urlopen error [Errno 111] Connection refused>
http://forum.clash.y0.pl/viewtopic.php?f=2&start=60&t=8,https://web.archive.org/web/20191212002238id_/http://forum.clash.y0.pl/viewtopic.php?f=2&t=8&start=60,error,0,,,URLError: <urlopen error [Errno 111] Connection refused>
http://forum.clash.y0.pl/viewtopic.php?f=2&start=60&t=9,https://web.archive.org/web/20191212013712id_/http://forum.clash.y0.pl/viewtopic.php?f=2&t=9&start=60,error,0,,,URLError: <urlopen error [Errno 111] Connection refused>
http://forum.clash.y0.pl/viewtopic.php?f=2&start=70&t=8,https://web.archive.org/web/20191212002440id_/http://forum.clash.y0.pl/viewtopic.php?f=2&t=8&start=70,error,0,,,URLError: <urlopen error [Errno 111] Connection refused>
http://forum.clash.y0.pl/viewtopic.php?f=2&start=70&t=8&view=print,https://web.archive.org/web/20191212014059id_/http://forum.clash.y0.pl/viewtopic.php?f=2&t=8&start=70&view=print,error,0,,,URLError: <urlopen error [Errno 111] Connection refused>
http://forum.clash.y0.pl/viewtopic.php?f=2&start=70&t=9,https://web.archive.org/web/20191212015128id_/http://forum.clash.y0.pl/viewtopic.php?f=2&t=9&start=70,error,0,,,URLError: <urlopen error [Errno 111] Connection refused>
http://forum.clash.y0.pl/viewtopic.php?f=2&start=80&t=8,https://web.archive.org/web/20191212002706id_/http://forum.clash.y0.pl/viewtopic.php?f=2&t=8&start=80,error,0,,,URLError: <urlopen error [Errno 111] Connection refused>
http://forum.clash.y0.pl/viewtopic.php?f=2&start=80&t=9,https://web.archive.org/web/20191212002034id_/http://forum.clash.y0.pl/viewtopic.php?f=2&t=9&start=80,error,0,,,URLError: <urlopen error [Errno 111] Connection refused>
http://forum.clash.y0.pl/viewtopic.php?f=2&start=80&t=9&view=print,https://web.archive.org/web/20201030075123id_/http://forum.clash.y0.pl/viewtopic.php?f=2&t=9&start=80&view=print,error,0,,,URLError: <urlopen error [Errno 111] Connection refused>
http://forum.clash.y0.pl/viewtopic.php?f=2&start=90&t=9,https://web.archive.org/web/20200930085519id_/http://forum.clash.y0.pl/viewtopic.php?f=2&t=9&start=90,error,0,,,URLError: <urlopen error [Errno 111] Connection refused>
http://forum.clash.y0.pl/viewtopic.php?f=2&start=90&t=9&view=print,https://web.archive.org/web/20200930102105id_/http://forum.clash.y0.pl/viewtopic.php?f=2&t=9&start=90&view=print,error,0,,,URLError: <urlopen error [Errno 111] Connection refused>
http://forum.clash.y0.pl/viewtopic.php?f=2&t=10,https://web.archive.org/web/20191212012759id_/http://forum.clash.y0.pl/viewtopic.php?f=2&t=10,downloaded,60207,918135210f05a35eaff9a0c3050e5a6c8d89f688e91c9957675d38af0a5ab42e,text/html; charset=UTF-8,
http://forum.clash.y0.pl/viewtopic.php?f=2&t=14,https://web.archive.org/web/20191212010443id_/http://forum.clash.y0.pl/viewtopic.php?f=2&t=14,error,0,,,URLError: <urlopen error [Errno 111] Connection refused>
http://forum.clash.y0.pl/viewtopic.php?f=2&t=15,https://web.archive.org/web/20191212002118id_/http://forum.clash.y0.pl/viewtopic.php?f=2&t=15,error,0,,,URLError: <urlopen error [Errno 111] Connection refused>
http://forum.clash.y0.pl/viewtopic.php?f=2&t=16,https://web.archive.org/web/20191212005320id_/http://forum.clash.y0.pl/viewtopic.php?f=2&t=16,error,0,,,URLError: <urlopen error [Errno 111] Connection refused>
http://forum.clash.y0.pl/viewtopic.php?f=2&t=17,https://web.archive.org/web/20191212015735id_/http://forum.clash.y0.pl/viewtopic.php?f=2&t=17,error,0,,,URLError: <urlopen error [Errno 111] Connection refused>
http://forum.clash.y0.pl/viewtopic.php?f=2&t=2,https://web.archive.org/web/20191212011811id_/http://forum.clash.y0.pl/viewtopic.php?f=2&t=2,error,0,,,URLError: <urlopen error [Errno 111] Connection refused>
http://forum.clash.y0.pl/viewtopic.php?f=2&t=21,https://web.archive.org/web/20191212015337id_/http://forum.clash.y0.pl/viewtopic.php?f=2&t=21,error,0,,,URLError: <urlopen error [Errno 111] Connection refused>
http://forum.clash.y0.pl/viewtopic.php?f=2&t=22,https://web.archive.org/web/20191212003749id_/http://forum.clash.y0.pl/viewtopic.php?f=2&t=22,error,0,,,URLError: <urlopen error [Errno 111] Connection refused>
http://forum.clash.y0.pl/viewtopic.php?f=2&t=25,https://web.archive.org/web/20191212013029id_/http://forum.clash.y0.pl/viewtopic.php?f=2&t=25,error,0,,,URLError: <urlopen error [Errno 111] Connection refused>
http://forum.clash.y0.pl/viewtopic.php?f=2&t=26,https://web.archive.org/web/20191212002533id_/http://forum.clash.y0.pl/viewtopic.php?f=2&t=26,error,0,,,URLError: <urlopen error [Errno 111] Connection refused>
http://forum.clash.y0.pl/viewtopic.php?f=2&t=27,https://web.archive.org/web/20191212011904id_/http://forum.clash.y0.pl/viewtopic.php?f=2&t=27,error,0,,,URLError: <urlopen error [Errno 111] Connection refused>
http://forum.clash.y0.pl/viewtopic.php?f=2&t=27&view=print,https://web.archive.org/web/20191212015600id_/http://forum.clash.y0.pl/viewtopic.php?f=2&t=27&view=print,error,0,,,URLError: <urlopen error [Errno 111] Connection refused>
http://forum.clash.y0.pl/viewtopic.php?f=2&t=28,https://web.archive.org/web/20191212002413id_/http://forum.clash.y0.pl/viewtopic.php?f=2&t=28,error,0,,,URLError: <urlopen error [Errno 111] Connection refused>
http://forum.clash.y0.pl/viewtopic.php?f=2&t=29,https://web.archive.org/web/20191212010730id_/http://forum.clash.y0.pl/viewtopic.php?f=2&t=29,error,0,,,URLError: <urlopen error [Errno 111] Connection refused>
http://forum.clash.y0.pl/viewtopic.php?f=2&t=29&view=print,https://web.archive.org/web/20191212014433id_/http://forum.clash.y0.pl/viewtopic.php?f=2&t=29&view=print,error,0,,,URLError: <urlopen error [Errno 111] Connection refused>
http://forum.clash.y0.pl/viewtopic.php?f=2&t=30,https://web.archive.org/web/20191212002450id_/http://forum.clash.y0.pl/viewtopic.php?f=2&t=30,error,0,,,URLError: <urlopen error [Errno 111] Connection refused>
http://forum.clash.y0.pl/viewtopic.php?f=2&t=31,https://web.archive.org/web/20191212011453id_/http://forum.clash.y0.pl/viewtopic.php?f=2&t=31,error,0,,,URLError: <urlopen error [Errno 111] Connection refused>
http://forum.clash.y0.pl/viewtopic.php?f=2&t=32,https://web.archive.org/web/20191212002326id_/http://forum.clash.y0.pl/viewtopic.php?f=2&t=32,error,0,,,URLError: <urlopen error [Errno 111] Connection refused>
http://forum.clash.y0.pl/viewtopic.php?f=2&t=33,https://web.archive.org/web/20191212010321id_/http://forum.clash.y0.pl/viewtopic.php?f=2&t=33,error,0,,,URLError: <urlopen error [Errno 111] Connection refused>
http://forum.clash.y0.pl/viewtopic.php?f=2&t=34,https://web.archive.org/web/20191212002100id_/http://forum.clash.y0.pl/viewtopic.php?f=2&t=34,error,0,,,URLError: <urlopen error [Errno 111] Connection refused>
http://forum.clash.y0.pl/viewtopic.php?f=2&t=37,https://web.archive.org/web/20191212004021id_/http://forum.clash.y0.pl/viewtopic.php?f=2&t=37,error,0,,,URLError: <urlopen error [Errno 111] Connection refused>
http://forum.clash.y0.pl/viewtopic.php?f=2&t=38,https://web.archive.org/web/20191212014451id_/http://forum.clash.y0.pl/viewtopic.php?f=2&t=38,error,0,,,URLError: <urlopen error [Errno 111] Connection refused>
http://forum.clash.y0.pl/viewtopic.php?f=2&t=39,https://web.archive.org/web/20191212002906id_/http://forum.clash.y0.pl/viewtopic.php?f=2&t=39,error,0,,,URLError: <urlopen error [Errno 111] Connection refused>
http://forum.clash.y0.pl/viewtopic.php?f=2&t=4,https://web.archive.org/web/20191212002352id_/http://forum.clash.y0.pl/viewtopic.php?f=2&t=4,error,0,,,URLError: <urlopen error [Errno 111] Connection refused>
http://forum.clash.y0.pl/viewtopic.php?f=2&t=5,https://web.archive.org/web/20191212014235id_/http://forum.clash.y0.pl/viewtopic.php?f=2&t=5,error,0,,,URLError: <urlopen error [Errno 111] Connection refused>
http://forum.clash.y0.pl/viewtopic.php?f=2&t=758,https://web.archive.org/web/20200930102554id_/http://forum.clash.y0.pl/viewtopic.php?f=2&t=758,error,0,,,URLError: <urlopen error [Errno 111] Connection refused>
http://forum.clash.y0.pl/viewtopic.php?f=2&t=8,https://web.archive.org/web/20191212002055id_/http://forum.clash.y0.pl/viewtopic.php?f=2&t=8,error,0,,,URLError: <urlopen error [Errno 111] Connection refused>
http://forum.clash.y0.pl/viewtopic.php?f=2&t=9,https://web.archive.org/web/20191212012813id_/http://forum.clash.y0.pl/viewtopic.php?f=2&t=9,error,0,,,URLError: <urlopen error [Errno 111] Connection refused>
http://forum.clash.y0.pl/viewtopic.php?f=3&p=1380&t=111,https://web.archive.org/web/20210423042830id_/http://forum.clash.y0.pl/viewtopic.php?f=3&t=111&p=1380&sid=f75d7838fe56b8f0f94bf6ecff70b1ff,error,0,,,URLError: <urlopen error [Errno 111] Connection refused>
http://forum.clash.y0.pl/viewtopic.php?f=3&p=1381&t=23,https://web.archive.org/web/20210423053730id_/http://forum.clash.y0.pl/viewtopic.php?f=3&t=23&p=1381&sid=f75d7838fe56b8f0f94bf6ecff70b1ff,error,0,,,URLError: <urlopen error [Errno 111] Connection refused>
http://forum.clash.y0.pl/viewtopic.php?f=3&p=1421&t=749,https://web.archive.org/web/20210423054347id_/http://forum.clash.y0.pl/viewtopic.php?f=3&t=749&p=1421&sid=f75d7838fe56b8f0f94bf6ecff70b1ff,error,0,,,URLError: <urlopen error [Errno 111] Connection refused>
http://forum.clash.y0.pl/viewtopic.php?f=3&p=1424&t=753,https://web.archive.org/web/20231129052016id_/http://forum.clash.y0.pl/viewtopic.php?f=3&t=753&p=1424,error,0,,,URLError: <urlopen error [Errno 111] Connection refused>
http://forum.clash.y0.pl/viewtopic.php?f=3&p=1425&t=753,https://web.archive.org/web/20200930100213id_/http://forum.clash.y0.pl/viewtopic.php?f=3&t=753&p=1425,error,0,,,URLError: <urlopen error [Errno 111] Connection refused>
http://forum.clash.y0.pl/viewtopic.php?f=3&p=1427&t=753,https://web.archive.org/web/20200930104404id_/http://forum.clash.y0.pl/viewtopic.php?f=3&t=753&p=1427,error,0,,,URLError: <urlopen error [Errno 111] Connection refused>
http://forum.clash.y0.pl/viewtopic.php?f=3&p=1438&t=753,https://web.archive.org/web/20200930090728id_/http://forum.clash.y0.pl/viewtopic.php?f=3&t=753&p=1438,error,0,,,URLError: <urlopen error [Errno 111] Connection refused>
http://forum.clash.y0.pl/viewtopic.php?f=3&p=1453&t=36,https://web.archive.org/web/20200930095545id_/http://forum.clash.y0.pl/viewtopic.php?f=3&t=36&p=1453,error,0,,,URLError: <urlopen error [Errno 111] Connection refused>
http://forum.clash.y0.pl/viewtopic.php?f=3&p=1454&t=36,https://web.archive.org/web/20210423052839id_/http://forum.clash.y0.pl/viewtopic.php?f=3&t=36&p=1454&sid=f75d7838fe56b8f0f94bf6ecff70b1ff,error,0,,,URLError: <urlopen error [Errno 111] Connection refused>
http://forum.clash.y0.pl/viewtopic.php?f=3&p=1461&t=753,https://web.archive.org/web/20200930093521id_/http://forum.clash.y0.pl/viewtopic.php?f=3&t=753&p=1461,error,0,,,URLError: <urlopen error [Errno 111] Connection refused>
http://forum.clash.y0.pl/viewtopic.php?f=3&p=1465&t=753,https://web.archive.org/web/20200930081126id_/http://forum.clash.y0.pl/viewtopic.php?f=3&t=753&p=1465,error,0,,,URLError: <urlopen error [Errno 111] Connection refused>
http://forum.clash.y0.pl/viewtopic.php?f=3&p=1486,https://web.archive.org/web/20200814025618id_/http://forum.clash.y0.pl/viewtopic.php?f=3&p=1486,error,0,,,URLError: <urlopen error [Errno 111] Connection refused>
http://forum.clash.y0.pl/viewtopic.php?f=3&p=1495&t=24,https://web.archive.org/web/20210423044559id_/http://forum.clash.y0.pl/viewtopic.php?f=3&t=24&p=1495&sid=f75d7838fe56b8f0f94bf6ecff70b1ff,error,0,,,URLError: <urlopen error [Errno 111] Connection refused>
http://forum.clash.y0.pl/viewtopic.php?f=3&p=1506&t=753,https://web.archive.org/web/20210423041532id_/http://forum.clash.y0.pl/viewtopic.php?f=3&t=753&p=1506&sid=f75d7838fe56b8f0f94bf6ecff70b1ff,error,0,,,URLError: <urlopen error [Errno 111] Connection refused>
http://forum.clash.y0.pl/viewtopic.php?f=3&p=238&t=24,https://web.archive.org/web/20191212003805id_/http://forum.clash.y0.pl/viewtopic.php?f=3&t=24&p=238,error,0,,,URLError: <urlopen error [Errno 111] Connection refused>
http://forum.clash.y0.pl/viewtopic.php?f=3&p=263&t=20,https://web.archive.org/web/20191212003015id_/http://forum.clash.y0.pl/viewtopic.php?f=3&t=20&p=263,error,0,,,URLError: <urlopen error [Errno 111] Connection refused>
http://forum.clash.y0.pl/viewtopic.php?f=3&p=364&t=18,https://web.archive.org/web/20191212002259id_/http://forum.clash.y0.pl/viewtopic.php?f=3&t=18&p=364,error,0,,,URLError: <urlopen error [Errno 111] Connection refused>
http://forum.clash.y0.pl/viewtopic.php?f=3&p=365&t=7,https://web.archive.org/web/20191212015143id_/http://forum.clash.y0.pl/viewtopic.php?f=3&t=7&p=365,error,0,,,URLError: <urlopen error [Errno 111] Connection refused>
http://forum.clash.y0.pl/viewtopic.php?f=3&p=406&t=35,https://web.archive.org/web/20191212004732id_/http://forum.clash.y0.pl/viewtopic.php?f=3&t=35&p=406,error,0,,,URLError: <urlopen error [Errno 111] Connection refused>
http://forum.clash.y0.pl/viewtopic.php?f=3&p=509,https://web.archive.org/web/20191210154404id_/http://forum.clash.y0.pl/viewtopic.php?f=3&p=509,error,0,,,URLError: <urlopen error [Errno 111] Connection refused>
http://forum.clash.y0.pl/viewtopic.php?f=3&p=509&t=19,https://web.archive.org/web/20191212013039id_/http://forum.clash.y0.pl/viewtopic.php?f=3&t=19&p=509,error,0,,,URLError: <urlopen error [Errno 111] Connection refused>
http://forum.clash.y0.pl/viewtopic.php?f=3&p=653,https://web.archive.org/web/20191210173445id_/http://forum.clash.y0.pl/viewtopic.php?f=3&p=653,error,0,,,URLError: <urlopen error [Errno 111] Connection refused>
http://forum.clash.y0.pl/viewtopic.php?f=3&p=664&t=3,https://web.archive.org/web/20210423044843id_/http://forum.clash.y0.pl/viewtopic.php?f=3&t=3&p=664&sid=f75d7838fe56b8f0f94bf6ecff70b1ff,error,0,,,URLError: <urlopen error [Errno 111] Connection refused>
http://forum.clash.y0.pl/viewtopic.php?f=3&p=666&t=19,https://web.archive.org/web/20210423042006id_/http://forum.clash.y0.pl/viewtopic.php?f=3&t=19&p=666&sid=f75d7838fe56b8f0f94bf6ecff70b1ff,error,0,,,URLError: <urlopen error [Errno 111] Connection refused>
http://forum.clash.y0.pl/viewtopic.php?f=3&p=684&t=114,https://web.archive.org/web/20210423051318id_/http://forum.clash.y0.pl/viewtopic.php?f=3&t=114&p=684&sid=f75d7838fe56b8f0f94bf6ecff70b1ff,error,0,,,URLError: <urlopen error [Errno 111] Connection refused>
http://forum.clash.y0.pl/viewtopic.php?f=3&p=696&t=117,https://web.archive.org/web/20210423060646id_/http://forum.clash.y0.pl/viewtopic.php?f=3&t=117&p=696&sid=f75d7838fe56b8f0f94bf6ecff70b1ff,error,0,,,URLError: <urlopen error [Errno 111] Connection refused>
http://forum.clash.y0.pl/viewtopic.php?f=3&start=10&t=19,https://web.archive.org/web/20191212002145id_/http://forum.clash.y0.pl/viewtopic.php?f=3&t=19&start=10,error,0,,,URLError: <urlopen error [Errno 111] Connection refused>
http://forum.clash.y0.pl/viewtopic.php?f=3&start=10&t=23,https://web.archive.org/web/20191212002111id_/http://forum.clash.y0.pl/viewtopic.php?f=3&t=23&start=10,error,0,,,URLError: <urlopen error [Errno 111] Connection refused>
http://forum.clash.y0.pl/viewtopic.php?f=3&start=10&t=3,https://web.archive.org/web/20191212001945id_/http://forum.clash.y0.pl/viewtopic.php?f=3&t=3&start=10,error,0,,,URLError: <urlopen error [Errno 111] Connection refused>
http://forum.clash.y0.pl/viewtopic.php?f=3&start=10&t=36,https://web.archive.org/web/20191212002408id_/http://forum.clash.y0.pl/viewtopic.php?f=3&t=36&start=10,error,0,,,URLError: <urlopen error [Errno 111] Connection refused>
http://forum.clash.y0.pl/viewtopic.php?f=3&start=10&t=7,https://web.archive.org/web/20191212014700id_/http://forum.clash.y0.pl/viewtopic.php?f=3&t=7&start=10,error,0,,,URLError: <urlopen error [Errno 111] Connection refused>
http://forum.clash.y0.pl/viewtopic.php?f=3&start=10&t=7&view=print,https://web.archive.org/web/20210514171748id_/http://forum.clash.y0.pl/viewtopic.php?f=3&t=7&start=10&sid=bfb4a9bdd1ee4f5b8c7524bfdd5b8438&view=print,error,0,,,URLError: <urlopen error [Errno 111] Connection refused>
http://forum.clash.y0.pl/viewtopic.php?f=3&start=10&t=749,https://web.archive.org/web/20210423043208id_/http://forum.clash.y0.pl/viewtopic.php?f=3&t=749&sid=f75d7838fe56b8f0f94bf6ecff70b1ff&start=10,error,0,,,URLError: <urlopen error [Errno 111] Connection refused>
http://forum.clash.y0.pl/viewtopic.php?f=3&start=10&t=753,https://web.archive.org/web/20200930095646id_/http://forum.clash.y0.pl/viewtopic.php?f=3&t=753&start=10,error,0,,,URLError: <urlopen error [Errno 111] Connection refused>
http://forum.clash.y0.pl/viewtopic.php?f=3&start=20&t=19,https://web.archive.org/web/20191212002527id_/http://forum.clash.y0.pl/viewtopic.php?f=3&t=19&start=20,error,0,,,URLError: <urlopen error [Errno 111] Connection refused>
http://forum.clash.y0.pl/viewtopic.php?f=3&start=20&t=19&view=print,https://web.archive.org/web/20191212003618id_/http://forum.clash.y0.pl/viewtopic.php?f=3&t=19&start=20&view=print,error,0,,,URLError: <urlopen error [Errno 111] Connection refused>
http://forum.clash.y0.pl/viewtopic.php?f=3&start=20&t=23,https://web.archive.org/web/20191212002445id_/http://forum.clash.y0.pl/viewtopic.php?f=3&t=23&start=20,error,0,,,URLError: <urlopen error [Errno 111] Connection refused>
http://forum.clash.y0.pl/viewtopic.php?f=3&start=20&t=23&view=print,https://web.archive.org/web/20210514160050id_/http://forum.clash.y0.pl/viewtopic.php?f=3&t=23&start=20&sid=b7533a12ca45c4a09adfd8e311b43733&view=print,error,0,,,URLError: <urlopen error [Errno 111] Connection refused>
http://forum.clash.y0.pl/viewtopic.php?f=3&start=20&t=3,https://web.archive.org/web/20191212002222id_/http://forum.clash.y0.pl/viewtopic.php?f=3&t=3&start=20,error,0,,,URLError: <urlopen error [Errno 111] Connection refused>
http://forum.clash.y0.pl/viewtopic.php?f=3&start=20&t=36,https://web.archive.org/web/20191212002711id_/http://forum.clash.y0.pl/viewtopic.php?f=3&t=36&start=20,error,0,,,URLError: <urlopen error [Errno 111] Connection refused>
http://forum.clash.y0.pl/viewtopic.php?f=3&start=20&t=7,https://web.archive.org/web/20191212001940id_/http://forum.clash.y0.pl/viewtopic.php?f=3&t=7&start=20,error,0,,,URLError: <urlopen error [Errno 111] Connection refused>
http://forum.clash.y0.pl/viewtopic.php?f=3&start=20&t=753,https://web.archive.org/web/20200930100026id_/http://forum.clash.y0.pl/viewtopic.php?f=3&t=753&start=20,error,0,,,URLError: <urlopen error [Errno 111] Connection refused>
http://forum.clash.y0.pl/viewtopic.php?f=3&start=20&t=753&view=print,https://web.archive.org/web/20200930093414id_/http://forum.clash.y0.pl/viewtopic.php?f=3&t=753&start=20&view=print,error,0,,,URLError: <urlopen error [Errno 111] Connection refused>
http://forum.clash.y0.pl/viewtopic.php?f=3&start=30&t=19,https://web.archive.org/web/20200814020902id_/http://forum.clash.y0.pl/viewtopic.php?f=3&t=19&start=30,error,0,,,URLError: <urlopen error [Errno 111] Connection refused>
http://forum.clash.y0.pl/viewtopic.php?f=3&start=30&t=23,https://web.archive.org/web/20191212003330id_/http://forum.clash.y0.pl/viewtopic.php?f=3&t=23&start=30,error,0,,,URLError: <urlopen error [Errno 111] Connection refused>
http://forum.clash.y0.pl/viewtopic.php?f=3&start=30&t=7,https://web.archive.org/web/20191212002217id_/http://forum.clash.y0.pl/viewtopic.php?f=3&t=7&start=30,error,0,,,URLError: <urlopen error [Errno 111] Connection refused>
http://forum.clash.y0.pl/viewtopic.php?f=3&start=30&t=753,https://web.archive.org/web/20200930100120id_/http://forum.clash.y0.pl/viewtopic.php?f=3&t=753&start=30,error,0,,,URLError: <urlopen error [Errno 111] Connection refused>
http://forum.clash.y0.pl/viewtopic.php?f=3&start=40&t=19,https://web.archive.org/web/20200814022227id_/http://forum.clash.y0.pl/viewtopic.php?f=3&t=19&start=40,error,0,,,URLError: <urlopen error [Errno 111] Connection refused>
http://forum.clash.y0.pl/viewtopic.php?f=3&start=40&t=23,https://web.archive.org/web/20210423041631id_/http://forum.clash.y0.pl/viewtopic.php?f=3&t=23&sid=f75d7838fe56b8f0f94bf6ecff70b1ff&start=40,error,0,,,URLError: <urlopen error [Errno 111] Connection refused>
http://forum.clash.y0.pl/viewtopic.php?f=3&start=40&t=23&view=print,https://web.archive.org/web/20210514154517id_/http://forum.clash.y0.pl/viewtopic.php?f=3&t=23&start=40&sid=8988bfff0df5526858a134d3099d5c02&view=print,error,0,,,URLError: <urlopen error [Errno 111] Connection refused>
http://forum.clash.y0.pl/viewtopic.php?f=3&t=111,https://web.archive.org/web/20191212002150id_/http://forum.clash.y0.pl/viewtopic.php?f=3&t=111,error,0,,,URLError: <urlopen error [Errno 111] Connection refused>
http://forum.clash.y0.pl/viewtopic.php?f=3&t=114,https://web.archive.org/web/20210423043125id_/http://forum.clash.y0.pl/viewtopic.php?f=3&t=114&sid=f75d7838fe56b8f0f94bf6ecff70b1ff,error,0,,,URLError: <urlopen error [Errno 111] Connection refused>
http://forum.clash.y0.pl/viewtopic.php?f=3&t=117,https://web.archive.org/web/20210423055257id_/http://forum.clash.y0.pl/viewtopic.php?f=3&t=117&sid=f75d7838fe56b8f0f94bf6ecff70b1ff,error,0,,,URLError: <urlopen error [Errno 111] Connection refused>
http://forum.clash.y0.pl/viewtopic.php?f=3&t=18,https://web.archive.org/web/20191212004535id_/http://forum.clash.y0.pl/viewtopic.php?f=3&t=18,error,0,,,URLError: <urlopen error [Errno 111] Connection refused>
http://forum.clash.y0.pl/viewtopic.php?f=3&t=19,https://web.archive.org/web/20191212015016id_/http://forum.clash.y0.pl/viewtopic.php?f=3&t=19,error,0,,,URLError: <urlopen error [Errno 111] Connection refused>
http://forum.clash.y0.pl/viewtopic.php?f=3&t=20,https://web.archive.org/web/20191212005315id_/http://forum.clash.y0.pl/viewtopic.php?f=3&t=20,error,0,,,URLError: <urlopen error [Errno 111] Connection refused>
http://forum.clash.y0.pl/viewtopic.php?f=3&t=23,https://web.archive.org/web/20191212014614id_/http://forum.clash.y0.pl/viewtopic.php?f=3&t=23,error,0,,,URLError: <urlopen error [Errno 111] Connection refused>
http://forum.clash.y0.pl/viewtopic.php?f=3&t=24,https://web.archive.org/web/20191212003027id_/http://forum.clash.y0.pl/viewtopic.php?f=3&t=24,error,0,,,URLError: <urlopen error [Errno 111] Connection refused>
http://forum.clash.y0.pl/viewtopic.php?f=3&t=3,https://web.archive.org/web/20191212004330id_/http://forum.clash.y0.pl/viewtopic.php?f=3&t=3,error,0,,,URLError: <urlopen error [Errno 111] Connection refused>
http://forum.clash.y0.pl/viewtopic.php?f=3&t=35,https://web.archive.org/web/20191212005546id_/http://forum.clash.y0.pl/viewtopic.php?f=3&t=35,error,0,,,URLError: <urlopen error [Errno 111] Connection refused>
http://forum.clash.y0.pl/viewtopic.php?f=3&t=36,https://web.archive.org/web/20191212001917id_/http://forum.clash.y0.pl/viewtopic.php?f=3&t=36,error,0,,,URLError: <urlopen error [Errno 111] Connection refused>
http://forum.clash.y0.pl/viewtopic.php?f=3&t=7,https://web.archive.org/web/20191212002928id_/http://forum.clash.y0.pl/viewtopic.php?f=3&t=7,error,0,,,URLError: <urlopen error [Errno 111] Connection refused>
http://forum.clash.y0.pl/viewtopic.php?f=3&t=748,https://web.archive.org/web/20231129051357id_/http://forum.clash.y0.pl/viewtopic.php?f=3&t=748,error,0,,,URLError: <urlopen error [Errno 111] Connection refused>
http://forum.clash.y0.pl/viewtopic.php?f=3&t=749,https://web.archive.org/web/20210423041432id_/http://forum.clash.y0.pl/viewtopic.php?f=3&t=749&sid=f75d7838fe56b8f0f94bf6ecff70b1ff,error,0,,,URLError: <urlopen error [Errno 111] Connection refused>
http://forum.clash.y0.pl/viewtopic.php?f=3&t=753,https://web.archive.org/web/20200930101348id_/http://forum.clash.y0.pl/viewtopic.php?f=3&t=753,error,0,,,URLError: <urlopen error [Errno 111] Connection refused>
http://forum.clash.y0.pl/viewtopic.php?f=4&p=1502&t=748,https://web.archive.org/web/20210423042620id_/http://forum.clash.y0.pl/viewtopic.php?f=4&t=748&p=1502&sid=f75d7838fe56b8f0f94bf6ecff70b1ff,error,0,,,URLError: <urlopen error [Errno 111] Connection refused>
http://forum.clash.y0.pl/viewtopic.php?f=4&start=10&t=748,https://web.archive.org/web/20210423060908id_/http://forum.clash.y0.pl/viewtopic.php?f=4&t=748&sid=f75d7838fe56b8f0f94bf6ecff70b1ff&start=10,error,0,,,URLError: <urlopen error [Errno 111] Connection refused>
http://forum.clash.y0.pl/viewtopic.php?f=4&start=20&t=748,https://web.archive.org/web/20210423055648id_/http://forum.clash.y0.pl/viewtopic.php?f=4&t=748&sid=f75d7838fe56b8f0f94bf6ecff70b1ff&start=20,error,0,,,URLError: <urlopen error [Errno 111] Connection refused>
http://forum.clash.y0.pl/viewtopic.php?f=4&t=748,https://web.archive.org/web/20210423055030id_/http://forum.clash.y0.pl/viewtopic.php?f=4&t=748&sid=f75d7838fe56b8f0f94bf6ecff70b1ff,error,0,,,URLError: <urlopen error [Errno 111] Connection refused>
http://forum.clash.y0.pl/viewtopic.php?p=124,https://web.archive.org/web/20210514172201id_/http://forum.clash.y0.pl/viewtopic.php?p=124&sid=bfb4a9bdd1ee4f5b8c7524bfdd5b8438,error,0,,,URLError: <urlopen error [Errno 111] Connection refused>
http://forum.clash.y0.pl/viewtopic.php?p=125,https://web.archive.org/web/20210514165911id_/http://forum.clash.y0.pl/viewtopic.php?p=125&sid=bfb4a9bdd1ee4f5b8c7524bfdd5b8438,error,0,,,URLError: <urlopen error [Errno 111] Connection refused>
http://forum.clash.y0.pl/viewtopic.php?p=126,https://web.archive.org/web/20210514163424id_/http://forum.clash.y0.pl/viewtopic.php?p=126&sid=bfb4a9bdd1ee4f5b8c7524bfdd5b8438,error,0,,,URLError: <urlopen error [Errno 111] Connection refused>
http://forum.clash.y0.pl/viewtopic.php?p=127,https://web.archive.org/web/20210514155243id_/http://forum.clash.y0.pl/viewtopic.php?p=127&sid=bfb4a9bdd1ee4f5b8c7524bfdd5b8438,error,0,,,URLError: <urlopen error [Errno 111] Connection refused>
http://forum.clash.y0.pl/viewtopic.php?p=131,https://web.archive.org/web/20210514164452id_/http://forum.clash.y0.pl/viewtopic.php?p=131&sid=bfb4a9bdd1ee4f5b8c7524bfdd5b8438,error,0,,,URLError: <urlopen error [Errno 111] Connection refused>
http://forum.clash.y0.pl/viewtopic.php?p=132,https://web.archive.org/web/20210514161057id_/http://forum.clash.y0.pl/viewtopic.php?p=132&sid=bfb4a9bdd1ee4f5b8c7524bfdd5b8438,error,0,,,URLError: <urlopen error [Errno 111] Connection refused>
http://forum.clash.y0.pl/viewtopic.php?p=133,https://web.archive.org/web/20210514173748id_/http://forum.clash.y0.pl/viewtopic.php?p=133&sid=bfb4a9bdd1ee4f5b8c7524bfdd5b8438,error,0,,,URLError: <urlopen error [Errno 111] Connection refused>
http://forum.clash.y0.pl/viewtopic.php?p=134,https://web.archive.org/web/20210514171109id_/http://forum.clash.y0.pl/viewtopic.php?p=134&sid=bfb4a9bdd1ee4f5b8c7524bfdd5b8438,error,0,,,URLError: <urlopen error [Errno 111] Connection refused>
http://forum.clash.y0.pl/viewtopic.php?p=1346&t=747,https://web.archive.org/web/20200814024408id_/http://forum.clash.y0.pl/viewtopic.php?t=747&p=1346,error,0,,,URLError: <urlopen error [Errno 111] Connection refused>
http://forum.clash.y0.pl/viewtopic.php?p=135,https://web.archive.org/web/20210514164958id_/http://forum.clash.y0.pl/viewtopic.php?p=135&sid=bfb4a9bdd1ee4f5b8c7524bfdd5b8438,error,0,,,URLError: <urlopen error [Errno 111] Connection refused>
http://forum.clash.y0.pl/viewtopic.php?p=1350&t=748,https://web.archive.org/web/20200814025807id_/http://forum.clash.y0.pl/viewtopic.php?t=748&p=1350,error,0,,,URLError: <urlopen error [Errno 111] Connection refused>
http://forum.clash.y0.pl/viewtopic.php?p=136,https://web.archive.org/web/20210514161843id_/http://forum.clash.y0.pl/viewtopic.php?p=136&sid=bfb4a9bdd1ee4f5b8c7524bfdd5b8438,error,0,,,URLError: <urlopen error [Errno 111] Connection refused>
http://forum.clash.y0.pl/viewtopic.php?p=1367,https://web.archive.org/web/20210514160605id_/http://forum.clash.y0.pl/viewtopic.php?p=1367&sid=8988bfff0df5526858a134d3099d5c02,error,0,,,URLError: <urlopen error [Errno 111] Connection refused>
http://forum.clash.y0.pl/viewtopic.php?p=1368,https://web.archive.org/web/20210514171524id_/http://forum.clash.y0.pl/viewtopic.php?p=1368&sid=8988bfff0df5526858a134d3099d5c02,error,0,,,URLError: <urlopen error [Errno 111] Connection refused>
http://forum.clash.y0.pl/viewtopic.php?p=1373,https://web.archive.org/web/20210514165309id_/http://forum.clash.y0.pl/viewtopic.php?p=1373&sid=8988bfff0df5526858a134d3099d5c02,error,0,,,URLError: <urlopen error [Errno 111] Connection refused>
http://forum.clash.y0.pl/viewtopic.php?p=1374,https://web.archive.org/web/20210514155446id_/http://forum.clash.y0.pl/viewtopic.php?p=1374&sid=8988bfff0df5526858a134d3099d5c02,error,0,,,URLError: <urlopen error [Errno 111] Connection refused>
http://forum.clash.y0.pl/viewtopic.php?p=1375,https://web.archive.org/web/20210514171145id_/http://forum.clash.y0.pl/viewtopic.php?p=1375&sid=8988bfff0df5526858a134d3099d5c02,error,0,,,URLError: <urlopen error [Errno 111] Connection refused>
http://forum.clash.y0.pl/viewtopic.php?p=1377,https://web.archive.org/web/20240614101439id_/http://forum.clash.y0.pl/viewtopic.php?p=1377&sid=d02d4cf7b1ff50dd75555b1edc556ce9,error,0,,,URLError: <urlopen error [Errno 111] Connection refused>
http://forum.clash.y0.pl/viewtopic.php?p=1377&t=749,https://web.archive.org/web/20200814020358id_/http://forum.clash.y0.pl/viewtopic.php?t=749&p=1377,error,0,,,URLError: <urlopen error [Errno 111] Connection refused>
http://forum.clash.y0.pl/viewtopic.php?p=1379,https://web.archive.org/web/20210514155952id_/http://forum.clash.y0.pl/viewtopic.php?p=1379&sid=8988bfff0df5526858a134d3099d5c02,error,0,,,URLError: <urlopen error [Errno 111] Connection refused>
http://forum.clash.y0.pl/viewtopic.php?p=1380,https://web.archive.org/web/20240624055141id_/http://forum.clash.y0.pl/viewtopic.php?p=1380&sid=c20b76a3e3e2da6fb08623b37092bcad,error,0,,,URLError: <urlopen error [Errno 111] Connection refused>
http://forum.clash.y0.pl/viewtopic.php?p=1381,https://web.archive.org/web/20210514153943id_/http://forum.clash.y0.pl/viewtopic.php?p=1381&sid=8988bfff0df5526858a134d3099d5c02,error,0,,,URLError: <urlopen error [Errno 111] Connection refused>
http://forum.clash.y0.pl/viewtopic.php?p=1382,https://web.archive.org/web/20240614062619id_/http://forum.clash.y0.pl/viewtopic.php?p=1382&sid=d02d4cf7b1ff50dd75555b1edc556ce9,error,0,,,URLError: <urlopen error [Errno 111] Connection refused>
http://forum.clash.y0.pl/viewtopic.php?p=1383,https://web.archive.org/web/20240614052729id_/http://forum.clash.y0.pl/viewtopic.php?p=1383&sid=d02d4cf7b1ff50dd75555b1edc556ce9,error,0,,,URLError: <urlopen error [Errno 111] Connection refused>
http://forum.clash.y0.pl/viewtopic.php?p=1384,https://web.archive.org/web/20240620101029id_/http://forum.clash.y0.pl/viewtopic.php?p=1384&sid=d02d4cf7b1ff50dd75555b1edc556ce9,error,0,,,URLError: <urlopen error [Errno 111] Connection refused>
http://forum.clash.y0.pl/viewtopic.php?p=1387,https://web.archive.org/web/20240614093903id_/http://forum.clash.y0.pl/viewtopic.php?p=1387&sid=d02d4cf7b1ff50dd75555b1edc556ce9,error,0,,,URLError: <urlopen error [Errno 111] Connection refused>
http://forum.clash.y0.pl/viewtopic.php?p=1390,https://web.archive.org/web/20240621071429id_/http://forum.clash.y0.pl/viewtopic.php?p=1390&sid=d02d4cf7b1ff50dd75555b1edc556ce9,error,0,,,URLError: <urlopen error [Errno 111] Connection refused>
http://forum.clash.y0.pl/viewtopic.php?p=1391,https://web.archive.org/web/20240614095923id_/http://forum.clash.y0.pl/viewtopic.php?p=1391&sid=d02d4cf7b1ff50dd75555b1edc556ce9,error,0,,,URLError: <urlopen error [Errno 111] Connection refused>
http://forum.clash.y0.pl/viewtopic.php?p=1397&t=750,https://web.archive.org/web/20200814015910id_/http://forum.clash.y0.pl/viewtopic.php?t=750&p=1397,error,0,,,URLError: <urlopen error [Errno 111] Connection refused>
http://forum.clash.y0.pl/viewtopic.php?p=1399,https://web.archive.org/web/20240614093516id_/http://forum.clash.y0.pl/viewtopic.php?p=1399&sid=d02d4cf7b1ff50dd75555b1edc556ce9,error,0,,,URLError: <urlopen error [Errno 111] Connection refused>
http://forum.clash.y0.pl/viewtopic.php?p=1400,https://web.archive.org/web/20240614083936id_/http://forum.clash.y0.pl/viewtopic.php?p=1400&sid=d02d4cf7b1ff50dd75555b1edc556ce9,error,0,,,URLError: <urlopen error [Errno 111] Connection refused>
http://forum.clash.y0.pl/viewtopic.php?p=1402,https://web.archive.org/web/20240620090828id_/http://forum.clash.y0.pl/viewtopic.php?p=1402&sid=d02d4cf7b1ff50dd75555b1edc556ce9,error,0,,,URLError: <urlopen error [Errno 111] Connection refused>
http://forum.clash.y0.pl/viewtopic.php?p=1424,https://web.archive.org/web/20240624073508id_/http://forum.clash.y0.pl/viewtopic.php?p=1424&sid=126c9991e96ea479a6b2185133120d61,error,0,,,URLError: <urlopen error [Errno 111] Connection refused>
http://forum.clash.y0.pl/viewtopic.php?p=1424&t=753,https://web.archive.org/web/20200814014614id_/http://forum.clash.y0.pl/viewtopic.php?t=753&p=1424,error,0,,,URLError: <urlopen error [Errno 111] Connection refused>
http://forum.clash.y0.pl/viewtopic.php?p=1425,https://web.archive.org/web/20240614084857id_/http://forum.clash.y0.pl/viewtopic.php?p=1425&sid=126c9991e96ea479a6b2185133120d61,error,0,,,URLError: <urlopen error [Errno 111] Connection refused>
http://forum.clash.y0.pl/viewtopic.php?p=1426,https://web.archive.org/web/20240624061356id_/http://forum.clash.y0.pl/viewtopic.php?p=1426&sid=b8166bff977d78e99fd278daa33c1862,error,0,,,URLError: <urlopen error [Errno 111] Connection refused>
http://forum.clash.y0.pl/viewtopic.php?p=1427,https://web.archive.org/web/20200930101727id_/http://forum.clash.y0.pl/viewtopic.php?p=1427,error,0,,,URLError: <urlopen error [Errno 111] Connection refused>
http://forum.clash.y0.pl/viewtopic.php?p=1428,https://web.archive.org/web/20200930093633id_/http://forum.clash.y0.pl/viewtopic.php?p=1428,error,0,,,URLError: <urlopen error [Errno 111] Connection refused>
http://forum.clash.y0.pl/viewtopic.php?p=1429,https://web.archive.org/web/20240624053813id_/http://forum.clash.y0.pl/viewtopic.php?p=1429&sid=b8166bff977d78e99fd278daa33c1862,error,0,,,URLError: <urlopen error [Errno 111] Connection refused>
http://forum.clash.y0.pl/viewtopic.php?p=1430,https://web.archive.org/web/20240624060255id_/http://forum.clash.y0.pl/viewtopic.php?p=1430&sid=126c9991e96ea479a6b2185133120d61,error,0,,,URLError: <urlopen error [Errno 111] Connection refused>
http://forum.clash.y0.pl/viewtopic.php?p=1431,https://web.archive.org/web/20240624072816id_/http://forum.clash.y0.pl/viewtopic.php?p=1431&sid=126c9991e96ea479a6b2185133120d61,error,0,,,URLError: <urlopen error [Errno 111] Connection refused>
http://forum.clash.y0.pl/viewtopic.php?p=1433,https://web.archive.org/web/20240614101256id_/http://forum.clash.y0.pl/viewtopic.php?p=1433&sid=126c9991e96ea479a6b2185133120d61,error,0,,,URLError: <urlopen error [Errno 111] Connection refused>
http://forum.clash.y0.pl/viewtopic.php?p=1434,https://web.archive.org/web/20240624065812id_/http://forum.clash.y0.pl/viewtopic.php?p=1434&sid=126c9991e96ea479a6b2185133120d61,error,0,,,URLError: <urlopen error [Errno 111] Connection refused>
http://forum.clash.y0.pl/viewtopic.php?p=1439,https://web.archive.org/web/20240619005017id_/http://forum.clash.y0.pl/viewtopic.php?p=1439&sid=58e13061ee0c15c58aa0955630b877d7,error,0,,,URLError: <urlopen error [Errno 111] Connection refused>
http://forum.clash.y0.pl/viewtopic.php?p=1444,https://web.archive.org/web/20200930094917id_/http://forum.clash.y0.pl/viewtopic.php?p=1444,error,0,,,URLError: <urlopen error [Errno 111] Connection refused>
http://forum.clash.y0.pl/viewtopic.php?p=1445,https://web.archive.org/web/20200930083535id_/http://forum.clash.y0.pl/viewtopic.php?p=1445,error,0,,,URLError: <urlopen error [Errno 111] Connection refused>
http://forum.clash.y0.pl/viewtopic.php?p=1446,https://web.archive.org/web/20200930101048id_/http://forum.clash.y0.pl/viewtopic.php?p=1446,error,0,,,URLError: <urlopen error [Errno 111] Connection refused>
http://forum.clash.y0.pl/viewtopic.php?p=1447,https://web.archive.org/web/20200930092258id_/http://forum.clash.y0.pl/viewtopic.php?p=1447,error,0,,,URLError: <urlopen error [Errno 111] Connection refused>
http://forum.clash.y0.pl/viewtopic.php?p=1448,https://web.archive.org/web/20200930103945id_/http://forum.clash.y0.pl/viewtopic.php?p=1448,error,0,,,URLError: <urlopen error [Errno 111] Connection refused>
http://forum.clash.y0.pl/viewtopic.php?p=1449,https://web.archive.org/web/20240521044314id_/http://forum.clash.y0.pl/viewtopic.php?p=1449&sid=761a5e1b050f16e72b599d40fac2af02,error,0,,,URLError: <urlopen error [Errno 111] Connection refused>
http://forum.clash.y0.pl/viewtopic.php?p=1451,https://web.archive.org/web/20200930094314id_/http://forum.clash.y0.pl/viewtopic.php?p=1451,error,0,,,URLError: <urlopen error [Errno 111] Connection refused>
http://forum.clash.y0.pl/viewtopic.php?p=1451&t=753,https://web.archive.org/web/20200814015058id_/http://forum.clash.y0.pl/viewtopic.php?t=753&p=1451,error,0,,,URLError: <urlopen error [Errno 111] Connection refused>
http://forum.clash.y0.pl/viewtopic.php?p=1453,https://web.archive.org/web/20240521045708id_/http://forum.clash.y0.pl/viewtopic.php?p=1453&sid=761a5e1b050f16e72b599d40fac2af02,error,0,,,URLError: <urlopen error [Errno 111] Connection refused>
http://forum.clash.y0.pl/viewtopic.php?p=1453&t=36,https://web.archive.org/web/20200814015719id_/http://forum.clash.y0.pl/viewtopic.php?t=36&p=1453,error,0,,,URLError: <urlopen error [Errno 111] Connection refused>
http://forum.clash.y0.pl/viewtopic.php?p=1454,https://web.archive.org/web/20240422125527id_/http://forum.clash.y0.pl/viewtopic.php?p=1454&sid=76cbc0bf46a9b004d2dbbc61b46a0ffc,error,0,,,URLError: <urlopen error [Errno 111] Connection refused>
http://forum.clash.y0.pl/viewtopic.php?p=1454&t=36,https://web.archive.org/web/20200814015308id_/http://forum.clash.y0.pl/viewtopic.php?t=36&p=1454,error,0,,,URLError: <urlopen error [Errno 111] Connection refused>
http://forum.clash.y0.pl/viewtopic.php?p=1459,https://web.archive.org/web/20200930091851id_/http://forum.clash.y0.pl/viewtopic.php?p=1459,error,0,,,URLError: <urlopen error [Errno 111] Connection refused>
http://forum.clash.y0.pl/viewtopic.php?p=1459&t=753,https://web.archive.org/web/20200814020102id_/http://forum.clash.y0.pl/viewtopic.php?t=753&p=1459,error,0,,,URLError: <urlopen error [Errno 111] Connection refused>
http://forum.clash.y0.pl/viewtopic.php?p=1460,https://web.archive.org/web/20200930095740id_/http://forum.clash.y0.pl/viewtopic.php?p=1460,error,0,,,URLError: <urlopen error [Errno 111] Connection refused>
http://forum.clash.y0.pl/viewtopic.php?p=1460&t=753,https://web.archive.org/web/20200814030144id_/http://forum.clash.y0.pl/viewtopic.php?t=753&p=1460,error,0,,,URLError: <urlopen error [Errno 111] Connection refused>
http://forum.clash.y0.pl/viewtopic.php?p=1461,https://web.archive.org/web/20200930090913id_/http://forum.clash.y0.pl/viewtopic.php?p=1461,error,0,,,URLError: <urlopen error [Errno 111] Connection refused>
http://forum.clash.y0.pl/viewtopic.php?p=1461&t=753,https://web.archive.org/web/20200814014506id_/http://forum.clash.y0.pl/viewtopic.php?t=753&p=1461,error,0,,,URLError: <urlopen error [Errno 111] Connection refused>
http://forum.clash.y0.pl/viewtopic.php?p=1464,https://web.archive.org/web/20200930080758id_/http://forum.clash.y0.pl/viewtopic.php?p=1464,error,0,,,URLError: <urlopen error [Errno 111] Connection refused>
http://forum.clash.y0.pl/viewtopic.php?p=1464&t=753,https://web.archive.org/web/20200814030922id_/http://forum.clash.y0.pl/viewtopic.php?t=753&p=1464,error,0,,,URLError: <urlopen error [Errno 111] Connection refused>
http://forum.clash.y0.pl/viewtopic.php?p=1465,https://web.archive.org/web/20200930100352id_/http://forum.clash.y0.pl/viewtopic.php?p=1465,error,0,,,URLError: <urlopen error [Errno 111] Connection refused>
http://forum.clash.y0.pl/viewtopic.php?p=1465&t=753,https://web.archive.org/web/20200814014956id_/http://forum.clash.y0.pl/viewtopic.php?t=753&p=1465,error,0,,,URLError: <urlopen error [Errno 111] Connection refused>
http://forum.clash.y0.pl/viewtopic.php?p=1466&t=753,https://web.archive.org/web/20200814021135id_/http://forum.clash.y0.pl/viewtopic.php?t=753&p=1466,error,0,,,URLError: <urlopen error [Errno 111] Connection refused>
http://forum.clash.y0.pl/viewtopic.php?p=1467&t=753,https://web.archive.org/web/20200814024345id_/http://forum.clash.y0.pl/viewtopic.php?t=753&p=1467,error,0,,,URLError: <urlopen error [Errno 111] Connection refused>
http://forum.clash.y0.pl/viewtopic.php?p=1469,https://web.archive.org/web/20240615133313id_/http://forum.clash.y0.pl/viewtopic.php?p=1469&sid=bda0433e02a40db3eddf5d2572ced247,error,0,,,URLError: <urlopen error [Errno 111] Connection refused>
http://forum.clash.y0.pl/viewtopic.php?p=1470,https://web.archive.org/web/20240615141251id_/http://forum.clash.y0.pl/viewtopic.php?p=1470&sid=bda0433e02a40db3eddf5d2572ced247,error,0,,,URLError: <urlopen error [Errno 111] Connection refused>
http://forum.clash.y0.pl/viewtopic.php?p=1476,https://web.archive.org/web/20200930105342id_/http://forum.clash.y0.pl/viewtopic.php?p=1476,error,0,,,URLError: <urlopen error [Errno 111] Connection refused>
http://forum.clash.y0.pl/viewtopic.php?p=1478,https://web.archive.org/web/20200930090533id_/http://forum.clash.y0.pl/viewtopic.php?p=1478,error,0,,,URLError: <urlopen error [Errno 111] Connection refused>
http://forum.clash.y0.pl/viewtopic.php?p=1479,https://web.archive.org/web/20200930102022id_/http://forum.clash.y0.pl/viewtopic.php?p=1479,error,0,,,URLError: <urlopen error [Errno 111] Connection refused>
http://forum.clash.y0.pl/viewtopic.php?p=1480,https://web.archive.org/web/20200930084334id_/http://forum.clash.y0.pl/viewtopic.php?p=1480,error,0,,,URLError: <urlopen error [Errno 111] Connection refused>
http://forum.clash.y0.pl/viewtopic.php?p=1481,https://web.archive.org/web/20200930101304id_/http://forum.clash.y0.pl/viewtopic.php?p=1481,error,0,,,URLError: <urlopen error [Errno 111] Connection refused>
http://forum.clash.y0.pl/viewtopic.php?p=1481&t=9,https://web.archive.org/web/20200814025026id_/http://forum.clash.y0.pl/viewtopic.php?t=9&p=1481,error,0,,,URLError: <urlopen error [Errno 111] Connection refused>
http://forum.clash.y0.pl/viewtopic.php?p=1482,https://web.archive.org/web/20200930092809id_/http://forum.clash.y0.pl/viewtopic.php?p=1482,error,0,,,URLError: <urlopen error [Errno 111] Connection refused>
http://forum.clash.y0.pl/viewtopic.php?p=1482&t=9,https://web.archive.org/web/20200814025005id_/http://forum.clash.y0.pl/viewtopic.php?t=9&p=1482,error,0,,,URLError: <urlopen error [Errno 111] Connection refused>
http://forum.clash.y0.pl/viewtopic.php?p=1483,https://web.archive.org/web/20200930104440id_/http://forum.clash.y0.pl/viewtopic.php?p=1483,error,0,,,URLError: <urlopen error [Errno 111] Connection refused>
http://forum.clash.y0.pl/viewtopic.php?p=1483&t=9,https://web.archive.org/web/20200814024944id_/http://forum.clash.y0.pl/viewtopic.php?t=9&p=1483,error,0,,,URLError: <urlopen error [Errno 111] Connection refused>
http://forum.clash.y0.pl/viewtopic.php?p=1484&t=9,https://web.archive.org/web/20200814024924id_/http://forum.clash.y0.pl/viewtopic.php?t=9&p=1484,error,0,,,URLError: <urlopen error [Errno 111] Connection refused>
http://forum.clash.y0.pl/viewtopic.php?p=1485&t=753,https://web.archive.org/web/20200814014051id_/http://forum.clash.y0.pl/viewtopic.php?t=753&p=1485,error,0,,,URLError: <urlopen error [Errno 111] Connection refused>
http://forum.clash.y0.pl/viewtopic.php?p=1486&t=753,https://web.archive.org/web/20200814020450id_/http://forum.clash.y0.pl/viewtopic.php?t=753&p=1486,error,0,,,URLError: <urlopen error [Errno 111] Connection refused>
http://forum.clash.y0.pl/viewtopic.php?p=1487&t=9,https://web.archive.org/web/20200814024844id_/http://forum.clash.y0.pl/viewtopic.php?t=9&p=1487,error,0,,,URLError: <urlopen error [Errno 111] Connection refused>
http://forum.clash.y0.pl/viewtopic.php?p=1489&t=9,https://web.archive.org/web/20200814024823id_/http://forum.clash.y0.pl/viewtopic.php?t=9&p=1489,error,0,,,URLError: <urlopen error [Errno 111] Connection refused>
http://forum.clash.y0.pl/viewtopic.php?p=1490&t=30,https://web.archive.org/web/20200814013215id_/http://forum.clash.y0.pl/viewtopic.php?t=30&p=1490,error,0,,,URLError: <urlopen error [Errno 111] Connection refused>
http://forum.clash.y0.pl/viewtopic.php?p=1491&t=750,https://web.archive.org/web/20200814023854id_/http://forum.clash.y0.pl/viewtopic.php?t=750&p=1491,error,0,,,URLError: <urlopen error [Errno 111] Connection refused>
http://forum.clash.y0.pl/viewtopic.php?p=1492&t=4,https://web.archive.org/web/20200814025923id_/http://forum.clash.y0.pl/viewtopic.php?t=4&p=1492,error,0,,,URLError: <urlopen error [Errno 111] Connection refused>
http://forum.clash.y0.pl/viewtopic.php?p=1493&t=30,https://web.archive.org/web/20200814030246id_/http://forum.clash.y0.pl/viewtopic.php?t=30&p=1493,error,0,,,URLError: <urlopen error [Errno 111] Connection refused>
http://forum.clash.y0.pl/viewtopic.php?p=1494&t=748,https://web.archive.org/web/20200814023714id_/http://forum.clash.y0.pl/viewtopic.php?t=748&p=1494,error,0,,,URLError: <urlopen error [Errno 111] Connection refused>
http://forum.clash.y0.pl/viewtopic.php?p=1495,https://web.archive.org/web/20240422120706id_/http://forum.clash.y0.pl/viewtopic.php?p=1495&sid=76cbc0bf46a9b004d2dbbc61b46a0ffc,error,0,,,URLError: <urlopen error [Errno 111] Connection refused>
http://forum.clash.y0.pl/viewtopic.php?p=1495&t=24,https://web.archive.org/web/20200814020207id_/http://forum.clash.y0.pl/viewtopic.php?t=24&p=1495,error,0,,,URLError: <urlopen error [Errno 111] Connection refused>
http://forum.clash.y0.pl/viewtopic.php?p=1496&t=748,https://web.archive.org/web/20200814015209id_/http://forum.clash.y0.pl/viewtopic.php?t=748&p=1496,error,0,,,URLError: <urlopen error [Errno 111] Connection refused>
http://forum.clash.y0.pl/viewtopic.php?p=150,https://web.archive.org/web/20240620080947id_/http://forum.clash.y0.pl/viewtopic.php?p=150&sid=72217aa2ac3dc063d0b91e5b4f50c5cc,error,0,,,URLError: <urlopen error [Errno 111] Connection refused>
http://forum.clash.y0.pl/viewtopic.php?p=1503,https://web.archive.org/web/20210925003718id_/http://forum.clash.y0.pl/viewtopic.php?p=1503&sid=dc53ab951c1474591cd4ab1978167fbc,error,0,,,URLError: <urlopen error [Errno 111] Connection refused>
http://forum.clash.y0.pl/viewtopic.php?p=1505,https://web.archive.org/web/20210925010255id_/http://forum.clash.y0.pl/viewtopic.php?p=1505&sid=dc53ab951c1474591cd4ab1978167fbc,error,0,,,URLError: <urlopen error [Errno 111] Connection refused>
http://forum.clash.y0.pl/viewtopic.php?p=151,https://web.archive.org/web/20240614064450id_/http://forum.clash.y0.pl/viewtopic.php?p=151&sid=72217aa2ac3dc063d0b91e5b4f50c5cc,error,0,,,URLError: <urlopen error [Errno 111] Connection refused>
http://forum.clash.y0.pl/viewtopic.php?p=1510,https://web.archive.org/web/20210925003055id_/http://forum.clash.y0.pl/viewtopic.php?p=1510&sid=dc53ab951c1474591cd4ab1978167fbc,error,0,,,URLError: <urlopen error [Errno 111] Connection refused>
http://forum.clash.y0.pl/viewtopic.php?p=1519,https://web.archive.org/web/20240911165852id_/http://forum.clash.y0.pl/viewtopic.php?p=1519&sid=2dc53cf41a301bc1628debd6f66b307f,error,0,,,URLError: <urlopen error [Errno 111] Connection refused>
http://forum.clash.y0.pl/viewtopic.php?p=152,https://web.archive.org/web/20240620093042id_/http://forum.clash.y0.pl/viewtopic.php?p=152&sid=72217aa2ac3dc063d0b91e5b4f50c5cc,error,0,,,URLError: <urlopen error [Errno 111] Connection refused>
http://forum.clash.y0.pl/viewtopic.php?p=1525,https://web.archive.org/web/20240908165240id_/http://forum.clash.y0.pl/viewtopic.php?p=1525&sid=5e4f71c44dfc52e45713ed95d2fadf58,error,0,,,URLError: <urlopen error [Errno 111] Connection refused>
http://forum.clash.y0.pl/viewtopic.php?p=1528,https://web.archive.org/web/20240908152606id_/http://forum.clash.y0.pl/viewtopic.php?p=1528&sid=85f13b86c50af75cb93e0fcafcee35da,error,0,,,URLError: <urlopen error [Errno 111] Connection refused>
http://forum.clash.y0.pl/viewtopic.php?p=1529,https://web.archive.org/web/20240908170306id_/http://forum.clash.y0.pl/viewtopic.php?p=1529&sid=475585355aa7e8f8683e83a33b6d6415,error,0,,,URLError: <urlopen error [Errno 111] Connection refused>
http://forum.clash.y0.pl/viewtopic.php?p=1530,https://web.archive.org/web/20240908154540id_/http://forum.clash.y0.pl/viewtopic.php?p=1530&sid=37c4d65967e45c72f525bb3a101a8ec4,error,0,,,URLError: <urlopen error [Errno 111] Connection refused>
http://forum.clash.y0.pl/viewtopic.php?p=1532,https://web.archive.org/web/20240908161151id_/http://forum.clash.y0.pl/viewtopic.php?p=1532&sid=37c4d65967e45c72f525bb3a101a8ec4,error,0,,,URLError: <urlopen error [Errno 111] Connection refused>
http://forum.clash.y0.pl/viewtopic.php?p=1534,https://web.archive.org/web/20240615145129id_/http://forum.clash.y0.pl/viewtopic.php?p=1534&sid=bda0433e02a40db3eddf5d2572ced247,error,0,,,URLError: <urlopen error [Errno 111] Connection refused>
http://forum.clash.y0.pl/viewtopic.php?p=1535,https://web.archive.org/web/20240908151551id_/http://forum.clash.y0.pl/viewtopic.php?p=1535&sid=85f13b86c50af75cb93e0fcafcee35da,error,0,,,URLError: <urlopen error [Errno 111] Connection refused>
http://forum.clash.y0.pl/viewtopic.php?p=1538,https://web.archive.org/web/20240908152821id_/http://forum.clash.y0.pl/viewtopic.php?p=1538&sid=37c4d65967e45c72f525bb3a101a8ec4,error,0,,,URLError: <urlopen error [Errno 111] Connection refused>
http://forum.clash.y0.pl/viewtopic.php?p=1539,https://web.archive.org/web/20240615145342id_/http://forum.clash.y0.pl/viewtopic.php?p=1539&sid=bda0433e02a40db3eddf5d2572ced247,error,0,,,URLError: <urlopen error [Errno 111] Connection refused>
http://forum.clash.y0.pl/viewtopic.php?p=1542,https://web.archive.org/web/20240422124351id_/http://forum.clash.y0.pl/viewtopic.php?p=1542&sid=76cbc0bf46a9b004d2dbbc61b46a0ffc,error,0,,,URLError: <urlopen error [Errno 111] Connection refused>
http://forum.clash.y0.pl/viewtopic.php?p=1550,https://web.archive.org/web/20240618155233id_/http://forum.clash.y0.pl/viewtopic.php?p=1550&sid=dc0eea1b54ed1b71e8abc3a9cbdaa552,error,0,,,URLError: <urlopen error [Errno 111] Connection refused>
http://forum.clash.y0.pl/viewtopic.php?p=1551,https://web.archive.org/web/20240618145004id_/http://forum.clash.y0.pl/viewtopic.php?p=1551&sid=afea8e0f1c381e3aebf4d5bdb3c25994,error,0,,,URLError: <urlopen error [Errno 111] Connection refused>
http://forum.clash.y0.pl/viewtopic.php?p=1552,https://web.archive.org/web/20240618161721id_/http://forum.clash.y0.pl/viewtopic.php?p=1552&sid=dc0eea1b54ed1b71e8abc3a9cbdaa552,error,0,,,URLError: <urlopen error [Errno 111] Connection refused>
http://forum.clash.y0.pl/viewtopic.php?p=1553,https://web.archive.org/web/20240618151848id_/http://forum.clash.y0.pl/viewtopic.php?p=1553&sid=afea8e0f1c381e3aebf4d5bdb3c25994,error,0,,,URLError: <urlopen error [Errno 111] Connection refused>
http://forum.clash.y0.pl/viewtopic.php?p=1554,https://web.archive.org/web/20240618142355id_/http://forum.clash.y0.pl/viewtopic.php?p=1554&sid=dc0eea1b54ed1b71e8abc3a9cbdaa552,error,0,,,URLError: <urlopen error [Errno 111] Connection refused>
http://forum.clash.y0.pl/viewtopic.php?p=1555,https://web.archive.org/web/20240618155150id_/http://forum.clash.y0.pl/viewtopic.php?p=1555&sid=afea8e0f1c381e3aebf4d5bdb3c25994,error,0,,,URLError: <urlopen error [Errno 111] Connection refused>
http://forum.clash.y0.pl/viewtopic.php?p=1556,https://web.archive.org/web/20240618145328id_/http://forum.clash.y0.pl/viewtopic.php?p=1556&sid=afea8e0f1c381e3aebf4d5bdb3c25994,error,0,,,URLError: <urlopen error [Errno 111] Connection refused>
http://forum.clash.y0.pl/viewtopic.php?p=1557,https://web.archive.org/web/20240624074243id_/http://forum.clash.y0.pl/viewtopic.php?p=1557&sid=afea8e0f1c381e3aebf4d5bdb3c25994,error,0,,,URLError: <urlopen error [Errno 111] Connection refused>
http://forum.clash.y0.pl/viewtopic.php?p=1558,https://web.archive.org/web/20240618151954id_/http://forum.clash.y0.pl/viewtopic.php?p=1558&sid=afea8e0f1c381e3aebf4d5bdb3c25994,error,0,,,URLError: <urlopen error [Errno 111] Connection refused>
http://forum.clash.y0.pl/viewtopic.php?p=1559,https://web.archive.org/web/20240521033240id_/http://forum.clash.y0.pl/viewtopic.php?p=1559&sid=500e00cb5d19104148e07f5f33cc23f8,error,0,,,URLError: <urlopen error [Errno 111] Connection refused>
http://forum.clash.y0.pl/viewtopic.php?p=1560,https://web.archive.org/web/20240422132946id_/http://forum.clash.y0.pl/viewtopic.php?p=1560&sid=76cbc0bf46a9b004d2dbbc61b46a0ffc,error,0,,,URLError: <urlopen error [Errno 111] Connection refused>
http://forum.clash.y0.pl/viewtopic.php?p=157,https://web.archive.org/web/20240620085557id_/http://forum.clash.y0.pl/viewtopic.php?p=157&sid=72217aa2ac3dc063d0b91e5b4f50c5cc,error,0,,,URLError: <urlopen error [Errno 111] Connection refused>
http://forum.clash.y0.pl/viewtopic.php?p=1582,https://web.archive.org/web/20240527183731id_/http://forum.clash.y0.pl/viewtopic.php?p=1582&sid=799407f88ae273e9b7bab554894ee2c1,error,0,,,URLError: <urlopen error [Errno 111] Connection refused>
http://forum.clash.y0.pl/viewtopic.php?p=1583,https://web.archive.org/web/20240527195141id_/http://forum.clash.y0.pl/viewtopic.php?p=1583&sid=799407f88ae273e9b7bab554894ee2c1,error,0,,,URLError: <urlopen error [Errno 111] Connection refused>
http://forum.clash.y0.pl/viewtopic.php?p=1584,https://web.archive.org/web/20240527190206id_/http://forum.clash.y0.pl/viewtopic.php?p=1584&sid=799407f88ae273e9b7bab554894ee2c1,error,0,,,URLError: <urlopen error [Errno 111] Connection refused>
http://forum.clash.y0.pl/viewtopic.php?p=1585,https://web.archive.org/web/20240527181222id_/http://forum.clash.y0.pl/viewtopic.php?p=1585&sid=799407f88ae273e9b7bab554894ee2c1,error,0,,,URLError: <urlopen error [Errno 111] Connection refused>
http://forum.clash.y0.pl/viewtopic.php?p=1586,https://web.archive.org/web/20240527192703id_/http://forum.clash.y0.pl/viewtopic.php?p=1586&sid=799407f88ae273e9b7bab554894ee2c1,error,0,,,URLError: <urlopen error [Errno 111] Connection refused>
http://forum.clash.y0.pl/viewtopic.php?p=1587,https://web.archive.org/web/20240527184030id_/http://forum.clash.y0.pl/viewtopic.php?p=1587&sid=799407f88ae273e9b7bab554894ee2c1,error,0,,,URLError: <urlopen error [Errno 111] Connection refused>
http://forum.clash.y0.pl/viewtopic.php?p=1591,https://web.archive.org/web/20240527185803id_/http://forum.clash.y0.pl/viewtopic.php?p=1591&sid=799407f88ae273e9b7bab554894ee2c1,error,0,,,URLError: <urlopen error [Errno 111] Connection refused>
http://forum.clash.y0.pl/viewtopic.php?p=1603,https://web.archive.org/web/20240527193447id_/http://forum.clash.y0.pl/viewtopic.php?p=1603&sid=e023a287118c5eda9d4366727597a8af,error,0,,,URLError: <urlopen error [Errno 111] Connection refused>
http://forum.clash.y0.pl/viewtopic.php?p=1604,https://web.archive.org/web/20240527184553id_/http://forum.clash.y0.pl/viewtopic.php?p=1604&sid=e023a287118c5eda9d4366727597a8af,error,0,,,URLError: <urlopen error [Errno 111] Connection refused>
http://forum.clash.y0.pl/viewtopic.php?p=1605,https://web.archive.org/web/20240519183625id_/http://forum.clash.y0.pl/viewtopic.php?p=1605&sid=e023a287118c5eda9d4366727597a8af,error,0,,,URLError: <urlopen error [Errno 111] Connection refused>
http://forum.clash.y0.pl/viewtopic.php?p=1606,https://web.archive.org/web/20240527190820id_/http://forum.clash.y0.pl/viewtopic.php?p=1606&sid=e023a287118c5eda9d4366727597a8af,error,0,,,URLError: <urlopen error [Errno 111] Connection refused>
http://forum.clash.y0.pl/viewtopic.php?p=1607,https://web.archive.org/web/20240519164859id_/http://forum.clash.y0.pl/viewtopic.php?p=1607&sid=e023a287118c5eda9d4366727597a8af,error,0,,,URLError: <urlopen error [Errno 111] Connection refused>
http://forum.clash.y0.pl/viewtopic.php?p=1608,https://web.archive.org/web/20240519181328id_/http://forum.clash.y0.pl/viewtopic.php?p=1608&sid=e023a287118c5eda9d4366727597a8af,error,0,,,URLError: <urlopen error [Errno 111] Connection refused>
http://forum.clash.y0.pl/viewtopic.php?p=1609,https://web.archive.org/web/20240519171954id_/http://forum.clash.y0.pl/viewtopic.php?p=1609&sid=e023a287118c5eda9d4366727597a8af,error,0,,,URLError: <urlopen error [Errno 111] Connection refused>
http://forum.clash.y0.pl/viewtopic.php?p=1611,https://web.archive.org/web/20240519170942id_/http://forum.clash.y0.pl/viewtopic.php?p=1611&sid=e023a287118c5eda9d4366727597a8af,error,0,,,URLError: <urlopen error [Errno 111] Connection refused>
http://forum.clash.y0.pl/viewtopic.php?p=1630,https://web.archive.org/web/20240519165809id_/http://forum.clash.y0.pl/viewtopic.php?p=1630&sid=e023a287118c5eda9d4366727597a8af,error,0,,,URLError: <urlopen error [Errno 111] Connection refused>
http://forum.clash.y0.pl/viewtopic.php?p=1631,https://web.archive.org/web/20240519181952id_/http://forum.clash.y0.pl/viewtopic.php?p=1631&sid=e023a287118c5eda9d4366727597a8af,error,0,,,URLError: <urlopen error [Errno 111] Connection refused>
http://forum.clash.y0.pl/viewtopic.php?p=1632,https://web.archive.org/web/20240527185730id_/http://forum.clash.y0.pl/viewtopic.php?p=1632&sid=e023a287118c5eda9d4366727597a8af,error,0,,,URLError: <urlopen error [Errno 111] Connection refused>
http://forum.clash.y0.pl/viewtopic.php?p=1633,https://web.archive.org/web/20240622215754id_/http://forum.clash.y0.pl/viewtopic.php?p=1633&sid=a2d00e3d56cad43a44dc4e161f61b132,error,0,,,URLError: <urlopen error [Errno 111] Connection refused>
http://forum.clash.y0.pl/viewtopic.php?p=1635,https://web.archive.org/web/20240622222846id_/http://forum.clash.y0.pl/viewtopic.php?p=1635&sid=a2d00e3d56cad43a44dc4e161f61b132,error,0,,,URLError: <urlopen error [Errno 111] Connection refused>
http://forum.clash.y0.pl/viewtopic.php?p=1636,https://web.archive.org/web/20240622213137id_/http://forum.clash.y0.pl/viewtopic.php?p=1636&sid=a2d00e3d56cad43a44dc4e161f61b132,error,0,,,URLError: <urlopen error [Errno 111] Connection refused>
http://forum.clash.y0.pl/viewtopic.php?p=1637,https://web.archive.org/web/20240622230738id_/http://forum.clash.y0.pl/viewtopic.php?p=1637&sid=a2d00e3d56cad43a44dc4e161f61b132,error,0,,,URLError: <urlopen error [Errno 111] Connection refused>
http://forum.clash.y0.pl/viewtopic.php?p=1638,https://web.archive.org/web/20240622220238id_/http://forum.clash.y0.pl/viewtopic.php?p=1638&sid=a2d00e3d56cad43a44dc4e161f61b132,error,0,,,URLError: <urlopen error [Errno 111] Connection refused>
http://forum.clash.y0.pl/viewtopic.php?p=1639,https://web.archive.org/web/20240422133659id_/http://forum.clash.y0.pl/viewtopic.php?p=1639&sid=76cbc0bf46a9b004d2dbbc61b46a0ffc,error,0,,,URLError: <urlopen error [Errno 111] Connection refused>
http://forum.clash.y0.pl/viewtopic.php?p=1643,https://web.archive.org/web/20240422135614id_/http://forum.clash.y0.pl/viewtopic.php?p=1643&sid=76cbc0bf46a9b004d2dbbc61b46a0ffc,error,0,,,URLError: <urlopen error [Errno 111] Connection refused>
http://forum.clash.y0.pl/viewtopic.php?p=1646,https://web.archive.org/web/20240527190751id_/http://forum.clash.y0.pl/viewtopic.php?p=1646&sid=799407f88ae273e9b7bab554894ee2c1,error,0,,,URLError: <urlopen error [Errno 111] Connection refused>
http://forum.clash.y0.pl/viewtopic.php?p=1647,https://web.archive.org/web/20240527182146id_/http://forum.clash.y0.pl/viewtopic.php?p=1647&sid=799407f88ae273e9b7bab554894ee2c1,error,0,,,URLError: <urlopen error [Errno 111] Connection refused>
http://forum.clash.y0.pl/viewtopic.php?p=1649,https://web.archive.org/web/20240422130216id_/http://forum.clash.y0.pl/viewtopic.php?p=1649&sid=76cbc0bf46a9b004d2dbbc61b46a0ffc,error,0,,,URLError: <urlopen error [Errno 111] Connection refused>
http://forum.clash.y0.pl/viewtopic.php?p=1650,https://web.archive.org/web/20240623141044id_/http://forum.clash.y0.pl/viewtopic.php?p=1650&sid=39ae0a1a4e951dbe6ce35af3df5145b3,error,0,,,URLError: <urlopen error [Errno 111] Connection refused>
http://forum.clash.y0.pl/viewtopic.php?p=1651,https://web.archive.org/web/20240623153700id_/http://forum.clash.y0.pl/viewtopic.php?p=1651&sid=39ae0a1a4e951dbe6ce35af3df5145b3,error,0,,,URLError: <urlopen error [Errno 111] Connection refused>
http://forum.clash.y0.pl/viewtopic.php?p=1652,https://web.archive.org/web/20240623143429id_/http://forum.clash.y0.pl/viewtopic.php?p=1652&sid=39ae0a1a4e951dbe6ce35af3df5145b3,error,0,,,URLError: <urlopen error [Errno 111] Connection refused>
http://forum.clash.y0.pl/viewtopic.php?p=1653,https://web.archive.org/web/20240521043113id_/http://forum.clash.y0.pl/viewtopic.php?p=1653&sid=e69d19879901a14aa77f5c456987c177,error,0,,,URLError: <urlopen error [Errno 111] Connection refused>
http://forum.clash.y0.pl/viewtopic.php?p=1654,https://web.archive.org/web/20240521035405id_/http://forum.clash.y0.pl/viewtopic.php?p=1654&sid=e69d19879901a14aa77f5c456987c177,error,0,,,URLError: <urlopen error [Errno 111] Connection refused>
http://forum.clash.y0.pl/viewtopic.php?p=1655,https://web.archive.org/web/20240619013517id_/http://forum.clash.y0.pl/viewtopic.php?p=1655&sid=fd009a5c3c323343290ddebeae00332d,error,0,,,URLError: <urlopen error [Errno 111] Connection refused>
http://forum.clash.y0.pl/viewtopic.php?p=1656,https://web.archive.org/web/20240623153804id_/http://forum.clash.y0.pl/viewtopic.php?p=1656&sid=39ae0a1a4e951dbe6ce35af3df5145b3,error,0,,,URLError: <urlopen error [Errno 111] Connection refused>
http://forum.clash.y0.pl/viewtopic.php?p=1657,https://web.archive.org/web/20240521032548id_/http://forum.clash.y0.pl/viewtopic.php?p=1657&sid=e69d19879901a14aa77f5c456987c177,error,0,,,URLError: <urlopen error [Errno 111] Connection refused>
http://forum.clash.y0.pl/viewtopic.php?p=1658,https://web.archive.org/web/20240521043515id_/http://forum.clash.y0.pl/viewtopic.php?p=1658&sid=e69d19879901a14aa77f5c456987c177,error,0,,,URLError: <urlopen error [Errno 111] Connection refused>
http://forum.clash.y0.pl/viewtopic.php?p=1659,https://web.archive.org/web/20240521035533id_/http://forum.clash.y0.pl/viewtopic.php?p=1659&sid=e69d19879901a14aa77f5c456987c177,error,0,,,URLError: <urlopen error [Errno 111] Connection refused>
http://forum.clash.y0.pl/viewtopic.php?p=1660,https://web.archive.org/web/20240521042357id_/http://forum.clash.y0.pl/viewtopic.php?p=1660&sid=e69d19879901a14aa77f5c456987c177,error,0,,,URLError: <urlopen error [Errno 111] Connection refused>
http://forum.clash.y0.pl/viewtopic.php?p=1661,https://web.archive.org/web/20240615143305id_/http://forum.clash.y0.pl/viewtopic.php?p=1661&sid=39ae0a1a4e951dbe6ce35af3df5145b3,error,0,,,URLError: <urlopen error [Errno 111] Connection refused>
http://forum.clash.y0.pl/viewtopic.php?p=1662,https://web.archive.org/web/20231129062750id_/http://forum.clash.y0.pl/viewtopic.php?p=1662&sid=d2ccbf92460dea3ffb362e89f6712a85,error,0,,,URLError: <urlopen error [Errno 111] Connection refused>
http://forum.clash.y0.pl/viewtopic.php?p=1665,https://web.archive.org/web/20240619005554id_/http://forum.clash.y0.pl/viewtopic.php?p=1665&sid=fd009a5c3c323343290ddebeae00332d,error,0,,,URLError: <urlopen error [Errno 111] Connection refused>
http://forum.clash.y0.pl/viewtopic.php?p=1669,https://web.archive.org/web/20240615145911id_/http://forum.clash.y0.pl/viewtopic.php?p=1669&sid=fd009a5c3c323343290ddebeae00332d,error,0,,,URLError: <urlopen error [Errno 111] Connection refused>
http://forum.clash.y0.pl/viewtopic.php?p=1670,https://web.archive.org/web/20240612144120id_/http://forum.clash.y0.pl/viewtopic.php?p=1670&sid=fd009a5c3c323343290ddebeae00332d,error,0,,,URLError: <urlopen error [Errno 111] Connection refused>
http://forum.clash.y0.pl/viewtopic.php?p=1674,https://web.archive.org/web/20240615125408id_/http://forum.clash.y0.pl/viewtopic.php?p=1674&sid=923ca53abb27b311d54a20382799732b,error,0,,,URLError: <urlopen error [Errno 111] Connection refused>
http://forum.clash.y0.pl/viewtopic.php?p=1675,https://web.archive.org/web/20240615134558id_/http://forum.clash.y0.pl/viewtopic.php?p=1675&sid=2194288e81900e63b91b50be22b80a84,error,0,,,URLError: <urlopen error [Errno 111] Connection refused>
http://forum.clash.y0.pl/viewtopic.php?p=1677,https://web.archive.org/web/20240619005150id_/http://forum.clash.y0.pl/viewtopic.php?p=1677&sid=fd009a5c3c323343290ddebeae00332d,error,0,,,URLError: <urlopen error [Errno 111] Connection refused>
http://forum.clash.y0.pl/viewtopic.php?p=1678,https://web.archive.org/web/20240615132459id_/http://forum.clash.y0.pl/viewtopic.php?p=1678&sid=2194288e81900e63b91b50be22b80a84,error,0,,,URLError: <urlopen error [Errno 111] Connection refused>
http://forum.clash.y0.pl/viewtopic.php?p=168,https://web.archive.org/web/20240614081338id_/http://forum.clash.y0.pl/viewtopic.php?p=168&sid=72217aa2ac3dc063d0b91e5b4f50c5cc,error,0,,,URLError: <urlopen error [Errno 111] Connection refused>
http://forum.clash.y0.pl/viewtopic.php?p=1680,https://web.archive.org/web/20240615140103id_/http://forum.clash.y0.pl/viewtopic.php?p=1680&sid=feaa812794741ed285c281cb12bf3714,error,0,,,URLError: <urlopen error [Errno 111] Connection refused>
http://forum.clash.y0.pl/viewtopic.php?p=1681,https://web.archive.org/web/20240612153725id_/http://forum.clash.y0.pl/viewtopic.php?p=1681&sid=fd009a5c3c323343290ddebeae00332d,error,0,,,URLError: <urlopen error [Errno 111] Connection refused>
http://forum.clash.y0.pl/viewtopic.php?p=1682,https://web.archive.org/web/20240615143423id_/http://forum.clash.y0.pl/viewtopic.php?p=1682&sid=feaa812794741ed285c281cb12bf3714,error,0,,,URLError: <urlopen error [Errno 111] Connection refused>
http://forum.clash.y0.pl/viewtopic.php?p=1683,https://web.archive.org/web/20240615133626id_/http://forum.clash.y0.pl/viewtopic.php?p=1683&sid=feaa812794741ed285c281cb12bf3714,error,0,,,URLError: <urlopen error [Errno 111] Connection refused>
http://forum.clash.y0.pl/viewtopic.php?p=1684,https://web.archive.org/web/20240623153415id_/http://forum.clash.y0.pl/viewtopic.php?p=1684&sid=feaa812794741ed285c281cb12bf3714,error,0,,,URLError: <urlopen error [Errno 111] Connection refused>
http://forum.clash.y0.pl/viewtopic.php?p=1685,https://web.archive.org/web/20240615140350id_/http://forum.clash.y0.pl/viewtopic.php?p=1685&sid=feaa812794741ed285c281cb12bf3714,error,0,,,URLError: <urlopen error [Errno 111] Connection refused>
http://forum.clash.y0.pl/viewtopic.php?p=1686,https://web.archive.org/web/20240623134841id_/http://forum.clash.y0.pl/viewtopic.php?p=1686&sid=feaa812794741ed285c281cb12bf3714,error,0,,,URLError: <urlopen error [Errno 111] Connection refused>
http://forum.clash.y0.pl/viewtopic.php?p=1687,https://web.archive.org/web/20240623151426id_/http://forum.clash.y0.pl/viewtopic.php?p=1687&sid=feaa812794741ed285c281cb12bf3714,error,0,,,URLError: <urlopen error [Errno 111] Connection refused>
http://forum.clash.y0.pl/viewtopic.php?p=1688,https://web.archive.org/web/20240623141011id_/http://forum.clash.y0.pl/viewtopic.php?p=1688&sid=feaa812794741ed285c281cb12bf3714,error,0,,,URLError: <urlopen error [Errno 111] Connection refused>
http://forum.clash.y0.pl/viewtopic.php?p=1689,https://web.archive.org/web/20240623153553id_/http://forum.clash.y0.pl/viewtopic.php?p=1689&sid=feaa812794741ed285c281cb12bf3714,error,0,,,URLError: <urlopen error [Errno 111] Connection refused>
http://forum.clash.y0.pl/viewtopic.php?p=1690,https://web.archive.org/web/20240619014004id_/http://forum.clash.y0.pl/viewtopic.php?p=1690&sid=fd009a5c3c323343290ddebeae00332d,error,0,,,URLError: <urlopen error [Errno 111] Connection refused>
http://forum.clash.y0.pl/viewtopic.php?p=1691,https://web.archive.org/web/20240623152840id_/http://forum.clash.y0.pl/viewtopic.php?p=1691&sid=feaa812794741ed285c281cb12bf3714,error,0,,,URLError: <urlopen error [Errno 111] Connection refused>
http://forum.clash.y0.pl/viewtopic.php?p=1693,https://web.archive.org/web/20231129061329id_/http://forum.clash.y0.pl/viewtopic.php?p=1693&sid=d2ccbf92460dea3ffb362e89f6712a85,error,0,,,URLError: <urlopen error [Errno 111] Connection refused>
http://forum.clash.y0.pl/viewtopic.php?p=1694,https://web.archive.org/web/20231129052213id_/http://forum.clash.y0.pl/viewtopic.php?p=1694&sid=d2ccbf92460dea3ffb362e89f6712a85,error,0,,,URLError: <urlopen error [Errno 111] Connection refused>
http://forum.clash.y0.pl/viewtopic.php?p=1697,https://web.archive.org/web/20250512172131id_/http://forum.clash.y0.pl/viewtopic.php?p=1697&sid=70c6793f38d978d4e51a495d544723d1,error,0,,,URLError: <urlopen error [Errno 111] Connection refused>
http://forum.clash.y0.pl/viewtopic.php?p=1698,https://web.archive.org/web/20250514051734id_/http://forum.clash.y0.pl/viewtopic.php?p=1698&sid=d186b4a335af96a1f2ded2fdcbd7abaf,error,0,,,URLError: <urlopen error [Errno 111] Connection refused>
http://forum.clash.y0.pl/viewtopic.php?p=1709,https://web.archive.org/web/20250714223001id_/http://forum.clash.y0.pl/viewtopic.php?p=1709&sid=1b550486481ef5a16ada0b177f00ef08,error,0,,,URLError: <urlopen error [Errno 111] Connection refused>
http://forum.clash.y0.pl/viewtopic.php?p=1748,https://web.archive.org/web/20260413011903id_/http://forum.clash.y0.pl/viewtopic.php?p=1748&sid=14099c2d9f16c351fce935ed15b3c544,error,0,,,URLError: <urlopen error [Errno 111] Connection refused>
http://forum.clash.y0.pl/viewtopic.php?p=1759,https://web.archive.org/web/20260413015642id_/http://forum.clash.y0.pl/viewtopic.php?p=1759&sid=14099c2d9f16c351fce935ed15b3c544,error,0,,,URLError: <urlopen error [Errno 111] Connection refused>
http://forum.clash.y0.pl/viewtopic.php?p=1771,https://web.archive.org/web/20260413012604id_/http://forum.clash.y0.pl/viewtopic.php?p=1771&sid=14099c2d9f16c351fce935ed15b3c544,error,0,,,URLError: <urlopen error [Errno 111] Connection refused>
http://forum.clash.y0.pl/viewtopic.php?p=1773,https://web.archive.org/web/20260513164212id_/http://forum.clash.y0.pl/viewtopic.php?p=1773&sid=f95125b913a49fe5e5ede84ac8b0a313,error,0,,,URLError: <urlopen error [Errno 111] Connection refused>
http://forum.clash.y0.pl/viewtopic.php?p=1780,https://web.archive.org/web/20260513163535id_/http://forum.clash.y0.pl/viewtopic.php?p=1780&sid=2474e96f867e675273f97480898885e8,error,0,,,URLError: <urlopen error [Errno 111] Connection refused>
http://forum.clash.y0.pl/viewtopic.php?p=1782,https://web.archive.org/web/20260513165841id_/http://forum.clash.y0.pl/viewtopic.php?p=1782&sid=2474e96f867e675273f97480898885e8,error,0,,,URLError: <urlopen error [Errno 111] Connection refused>
http://forum.clash.y0.pl/viewtopic.php?p=188,https://web.archive.org/web/20240621085231id_/http://forum.clash.y0.pl/viewtopic.php?p=188&sid=72217aa2ac3dc063d0b91e5b4f50c5cc,error,0,,,URLError: <urlopen error [Errno 111] Connection refused>
http://forum.clash.y0.pl/viewtopic.php?p=189,https://web.archive.org/web/20240614092327id_/http://forum.clash.y0.pl/viewtopic.php?p=189&sid=72217aa2ac3dc063d0b91e5b4f50c5cc,error,0,,,URLError: <urlopen error [Errno 111] Connection refused>
http://forum.clash.y0.pl/viewtopic.php?p=190,https://web.archive.org/web/20240621082616id_/http://forum.clash.y0.pl/viewtopic.php?p=190&sid=72217aa2ac3dc063d0b91e5b4f50c5cc,error,0,,,URLError: <urlopen error [Errno 111] Connection refused>
http://forum.clash.y0.pl/viewtopic.php?p=192,https://web.archive.org/web/20240620082407id_/http://forum.clash.y0.pl/viewtopic.php?p=192&sid=72217aa2ac3dc063d0b91e5b4f50c5cc,error,0,,,URLError: <urlopen error [Errno 111] Connection refused>
http://forum.clash.y0.pl/viewtopic.php?p=197,https://web.archive.org/web/20191212012053id_/http://forum.clash.y0.pl/viewtopic.php?p=197,error,0,,,URLError: <urlopen error [Errno 111] Connection refused>
http://forum.clash.y0.pl/viewtopic.php?p=200,https://web.archive.org/web/20240614061939id_/http://forum.clash.y0.pl/viewtopic.php?p=200&sid=72217aa2ac3dc063d0b91e5b4f50c5cc,error,0,,,URLError: <urlopen error [Errno 111] Connection refused>
http://forum.clash.y0.pl/viewtopic.php?p=203,https://web.archive.org/web/20240527200247id_/http://forum.clash.y0.pl/viewtopic.php?p=203&sid=e9a4f5d6993bd842fad3ec5db249deee,error,0,,,URLError: <urlopen error [Errno 111] Connection refused>
http://forum.clash.y0.pl/viewtopic.php?p=205,https://web.archive.org/web/20240527190416id_/http://forum.clash.y0.pl/viewtopic.php?p=205&sid=e9a4f5d6993bd842fad3ec5db249deee,error,0,,,URLError: <urlopen error [Errno 111] Connection refused>
http://forum.clash.y0.pl/viewtopic.php?p=263,https://web.archive.org/web/20240422123147id_/http://forum.clash.y0.pl/viewtopic.php?p=263&sid=76cbc0bf46a9b004d2dbbc61b46a0ffc,error,0,,,URLError: <urlopen error [Errno 111] Connection refused>
http://forum.clash.y0.pl/viewtopic.php?p=299,https://web.archive.org/web/20191212002559id_/http://forum.clash.y0.pl/viewtopic.php?p=299,error,0,,,URLError: <urlopen error [Errno 111] Connection refused>
http://forum.clash.y0.pl/viewtopic.php?p=306,https://web.archive.org/web/20191212015359id_/http://forum.clash.y0.pl/viewtopic.php?p=306,error,0,,,URLError: <urlopen error [Errno 111] Connection refused>
http://forum.clash.y0.pl/viewtopic.php?p=307,https://web.archive.org/web/20191212012039id_/http://forum.clash.y0.pl/viewtopic.php?p=307,error,0,,,URLError: <urlopen error [Errno 111] Connection refused>
http://forum.clash.y0.pl/viewtopic.php?p=319,https://web.archive.org/web/20191212002320id_/http://forum.clash.y0.pl/viewtopic.php?p=319,error,0,,,URLError: <urlopen error [Errno 111] Connection refused>
http://forum.clash.y0.pl/viewtopic.php?p=324&t=33,https://web.archive.org/web/20191210163525id_/http://forum.clash.y0.pl/viewtopic.php?t=33&p=324,error,0,,,URLError: <urlopen error [Errno 111] Connection refused>
http://forum.clash.y0.pl/viewtopic.php?p=328,https://web.archive.org/web/20240527191506id_/http://forum.clash.y0.pl/viewtopic.php?p=328&sid=e9a4f5d6993bd842fad3ec5db249deee,error,0,,,URLError: <urlopen error [Errno 111] Connection refused>
http://forum.clash.y0.pl/viewtopic.php?p=331,https://web.archive.org/web/20240527182701id_/http://forum.clash.y0.pl/viewtopic.php?p=331&sid=e9a4f5d6993bd842fad3ec5db249deee,error,0,,,URLError: <urlopen error [Errno 111] Connection refused>
http://forum.clash.y0.pl/viewtopic.php?p=340&t=34,https://web.archive.org/web/20191210173443id_/http://forum.clash.y0.pl/viewtopic.php?t=34&p=340,error,0,,,URLError: <urlopen error [Errno 111] Connection refused>
http://forum.clash.y0.pl/viewtopic.php?p=341,https://web.archive.org/web/20191212012227id_/http://forum.clash.y0.pl/viewtopic.php?p=341,error,0,,,URLError: <urlopen error [Errno 111] Connection refused>
http://forum.clash.y0.pl/viewtopic.php?p=343,https://web.archive.org/web/20191212002543id_/http://forum.clash.y0.pl/viewtopic.php?p=343,error,0,,,URLError: <urlopen error [Errno 111] Connection refused>
http://forum.clash.y0.pl/viewtopic.php?p=345,https://web.archive.org/web/20191212012845id_/http://forum.clash.y0.pl/viewtopic.php?p=345,error,0,,,URLError: <urlopen error [Errno 111] Connection refused>
http://forum.clash.y0.pl/viewtopic.php?p=347,https://web.archive.org/web/20191212002701id_/http://forum.clash.y0.pl/viewtopic.php?p=347,error,0,,,URLError: <urlopen error [Errno 111] Connection refused>
http://forum.clash.y0.pl/viewtopic.php?p=348,https://web.archive.org/web/20240615143957id_/http://forum.clash.y0.pl/viewtopic.php?p=348&sid=a94a6aeaa21ccf81e5f3b00d779469d5,error,0,,,URLError: <urlopen error [Errno 111] Connection refused>
http://forum.clash.y0.pl/viewtopic.php?p=350,https://web.archive.org/web/20240615140703id_/http://forum.clash.y0.pl/viewtopic.php?p=350&sid=a94a6aeaa21ccf81e5f3b00d779469d5,error,0,,,URLError: <urlopen error [Errno 111] Connection refused>
http://forum.clash.y0.pl/viewtopic.php?p=353&t=35,https://web.archive.org/web/20191210154039id_/http://forum.clash.y0.pl/viewtopic.php?t=35&p=353,error,0,,,URLError: <urlopen error [Errno 111] Connection refused>
http://forum.clash.y0.pl/viewtopic.php?p=355,https://web.archive.org/web/20240527175952id_/http://forum.clash.y0.pl/viewtopic.php?p=355&sid=e9a4f5d6993bd842fad3ec5db249deee,error,0,,,URLError: <urlopen error [Errno 111] Connection refused>
http://forum.clash.y0.pl/viewtopic.php?p=356,https://web.archive.org/web/20240527193835id_/http://forum.clash.y0.pl/viewtopic.php?p=356&sid=e9a4f5d6993bd842fad3ec5db249deee,error,0,,,URLError: <urlopen error [Errno 111] Connection refused>
http://forum.clash.y0.pl/viewtopic.php?p=364,https://web.archive.org/web/20240908054033id_/http://forum.clash.y0.pl/viewtopic.php?p=364&sid=5ab4983683b26bf2dc7d405a895b8870,error,0,,,URLError: <urlopen error [Errno 111] Connection refused>
http://forum.clash.y0.pl/viewtopic.php?p=365,https://web.archive.org/web/20240422135428id_/http://forum.clash.y0.pl/viewtopic.php?p=365&sid=76cbc0bf46a9b004d2dbbc61b46a0ffc,error,0,,,URLError: <urlopen error [Errno 111] Connection refused>
http://forum.clash.y0.pl/viewtopic.php?p=368,https://web.archive.org/web/20240614050752id_/http://forum.clash.y0.pl/viewtopic.php?p=368&sid=4c8ca3d75f376556719aa936bf07d9e5,error,0,,,URLError: <urlopen error [Errno 111] Connection refused>
http://forum.clash.y0.pl/viewtopic.php?p=368&t=36,https://web.archive.org/web/20191210154055id_/http://forum.clash.y0.pl/viewtopic.php?t=36&p=368,error,0,,,URLError: <urlopen error [Errno 111] Connection refused>
http://forum.clash.y0.pl/viewtopic.php?p=370,https://web.archive.org/web/20240614065635id_/http://forum.clash.y0.pl/viewtopic.php?p=370&sid=4c8ca3d75f376556719aa936bf07d9e5,error,0,,,URLError: <urlopen error [Errno 111] Connection refused>
http://forum.clash.y0.pl/viewtopic.php?p=371,https://web.archive.org/web/20240614062701id_/http://forum.clash.y0.pl/viewtopic.php?p=371&sid=4c8ca3d75f376556719aa936bf07d9e5,error,0,,,URLError: <urlopen error [Errno 111] Connection refused>
http://forum.clash.y0.pl/viewtopic.php?p=372,https://web.archive.org/web/20240614064010id_/http://forum.clash.y0.pl/viewtopic.php?p=372&sid=69de98cabd3cca6bc50382c3b8eb4bbd,error,0,,,URLError: <urlopen error [Errno 111] Connection refused>
http://forum.clash.y0.pl/viewtopic.php?p=373,https://web.archive.org/web/20240614060320id_/http://forum.clash.y0.pl/viewtopic.php?p=373&sid=69de98cabd3cca6bc50382c3b8eb4bbd,error,0,,,URLError: <urlopen error [Errno 111] Connection refused>
http://forum.clash.y0.pl/viewtopic.php?p=374,https://web.archive.org/web/20240620084221id_/http://forum.clash.y0.pl/viewtopic.php?p=374&sid=69de98cabd3cca6bc50382c3b8eb4bbd,error,0,,,URLError: <urlopen error [Errno 111] Connection refused>
http://forum.clash.y0.pl/viewtopic.php?p=376,https://web.archive.org/web/20240527191037id_/http://forum.clash.y0.pl/viewtopic.php?p=376&sid=e9a4f5d6993bd842fad3ec5db249deee,error,0,,,URLError: <urlopen error [Errno 111] Connection refused>
http://forum.clash.y0.pl/viewtopic.php?p=378,https://web.archive.org/web/20240614080423id_/http://forum.clash.y0.pl/viewtopic.php?p=378&sid=4c8ca3d75f376556719aa936bf07d9e5,error,0,,,URLError: <urlopen error [Errno 111] Connection refused>
http://forum.clash.y0.pl/viewtopic.php?p=386,https://web.archive.org/web/20240620094724id_/http://forum.clash.y0.pl/viewtopic.php?p=386&sid=69de98cabd3cca6bc50382c3b8eb4bbd,error,0,,,URLError: <urlopen error [Errno 111] Connection refused>
http://forum.clash.y0.pl/viewtopic.php?p=387,https://web.archive.org/web/20240614055615id_/http://forum.clash.y0.pl/viewtopic.php?p=387&sid=69de98cabd3cca6bc50382c3b8eb4bbd,error,0,,,URLError: <urlopen error [Errno 111] Connection refused>
http://forum.clash.y0.pl/viewtopic.php?p=389,https://web.archive.org/web/20240614080530id_/http://forum.clash.y0.pl/viewtopic.php?p=389&sid=69de98cabd3cca6bc50382c3b8eb4bbd,error,0,,,URLError: <urlopen error [Errno 111] Connection refused>
http://forum.clash.y0.pl/viewtopic.php?p=397,https://web.archive.org/web/20210514162636id_/http://forum.clash.y0.pl/viewtopic.php?p=397&sid=b7533a12ca45c4a09adfd8e311b43733,downloaded,59028,d15b477f2cd19b0a31de5fd89ac3e8706ed805517854501a79932ccf203f4da9,text/html; charset=UTF-8,
http://forum.clash.y0.pl/viewtopic.php?p=398,https://web.archive.org/web/20210514154156id_/http://forum.clash.y0.pl/viewtopic.php?p=398&sid=b7533a12ca45c4a09adfd8e311b43733,error,0,,,URLError: <urlopen error [Errno 111] Connection refused>
http://forum.clash.y0.pl/viewtopic.php?p=399,https://web.archive.org/web/20210514172314id_/http://forum.clash.y0.pl/viewtopic.php?p=399&sid=b7533a12ca45c4a09adfd8e311b43733,error,0,,,URLError: <urlopen error [Errno 111] Connection refused>
http://forum.clash.y0.pl/viewtopic.php?p=400,https://web.archive.org/web/20210514173640id_/http://forum.clash.y0.pl/viewtopic.php?p=400&sid=b7533a12ca45c4a09adfd8e311b43733,error,0,,,URLError: <urlopen error [Errno 111] Connection refused>
http://forum.clash.y0.pl/viewtopic.php?p=401,https://web.archive.org/web/20210514170958id_/http://forum.clash.y0.pl/viewtopic.php?p=401&sid=b7533a12ca45c4a09adfd8e311b43733,error,0,,,URLError: <urlopen error [Errno 111] Connection refused>
http://forum.clash.y0.pl/viewtopic.php?p=402,https://web.archive.org/web/20210514164844id_/http://forum.clash.y0.pl/viewtopic.php?p=402&sid=b7533a12ca45c4a09adfd8e311b43733,error,0,,,URLError: <urlopen error [Errno 111] Connection refused>
http://forum.clash.y0.pl/viewtopic.php?p=403,https://web.archive.org/web/20210514161646id_/http://forum.clash.y0.pl/viewtopic.php?p=403&sid=b7533a12ca45c4a09adfd8e311b43733,error,0,,,URLError: <urlopen error [Errno 111] Connection refused>
http://forum.clash.y0.pl/viewtopic.php?p=406,https://web.archive.org/web/20240422122735id_/http://forum.clash.y0.pl/viewtopic.php?p=406&sid=76cbc0bf46a9b004d2dbbc61b46a0ffc,error,0,,,URLError: <urlopen error [Errno 111] Connection refused>
http://forum.clash.y0.pl/viewtopic.php?p=407,https://web.archive.org/web/20210514162241id_/http://forum.clash.y0.pl/viewtopic.php?p=407&sid=b7533a12ca45c4a09adfd8e311b43733,error,0,,,URLError: <urlopen error [Errno 111] Connection refused>
http://forum.clash.y0.pl/viewtopic.php?p=410,https://web.archive.org/web/20210514172424id_/http://forum.clash.y0.pl/viewtopic.php?p=410&sid=b7533a12ca45c4a09adfd8e311b43733,error,0,,,URLError: <urlopen error [Errno 111] Connection refused>
http://forum.clash.y0.pl/viewtopic.php?p=411,https://web.archive.org/web/20210514170229id_/http://forum.clash.y0.pl/viewtopic.php?p=411&sid=b7533a12ca45c4a09adfd8e311b43733,error,0,,,URLError: <urlopen error [Errno 111] Connection refused>
http://forum.clash.y0.pl/viewtopic.php?p=419,https://web.archive.org/web/20240615144939id_/http://forum.clash.y0.pl/viewtopic.php?p=419&sid=a94a6aeaa21ccf81e5f3b00d779469d5,error,0,,,URLError: <urlopen error [Errno 111] Connection refused>
http://forum.clash.y0.pl/viewtopic.php?p=421&t=37,https://web.archive.org/web/20191210164304id_/http://forum.clash.y0.pl/viewtopic.php?t=37&p=421,error,0,,,URLError: <urlopen error [Errno 111] Connection refused>
http://forum.clash.y0.pl/viewtopic.php?p=433,https://web.archive.org/web/20240615125804id_/http://forum.clash.y0.pl/viewtopic.php?p=433&sid=a94a6aeaa21ccf81e5f3b00d779469d5,error,0,,,URLError: <urlopen error [Errno 111] Connection refused>
http://forum.clash.y0.pl/viewtopic.php?p=451,https://web.archive.org/web/20201030074715id_/http://forum.clash.y0.pl/viewtopic.php?p=451,error,0,,,URLError: <urlopen error [Errno 111] Connection refused>
http://forum.clash.y0.pl/viewtopic.php?p=453,https://web.archive.org/web/20201030070035id_/http://forum.clash.y0.pl/viewtopic.php?p=453,error,0,,,URLError: <urlopen error [Errno 111] Connection refused>
http://forum.clash.y0.pl/viewtopic.php?p=456,https://web.archive.org/web/20191212004433id_/http://forum.clash.y0.pl/viewtopic.php?p=456,error,0,,,URLError: <urlopen error [Errno 111] Connection refused>
http://forum.clash.y0.pl/viewtopic.php?p=457,https://web.archive.org/web/20191212002501id_/http://forum.clash.y0.pl/viewtopic.php?p=457,error,0,,,URLError: <urlopen error [Errno 111] Connection refused>
http://forum.clash.y0.pl/viewtopic.php?p=465,https://web.archive.org/web/20240521034918id_/http://forum.clash.y0.pl/viewtopic.php?p=465&sid=761a5e1b050f16e72b599d40fac2af02,error,0,,,URLError: <urlopen error [Errno 111] Connection refused>
http://forum.clash.y0.pl/viewtopic.php?p=466,https://web.archive.org/web/20240521031818id_/http://forum.clash.y0.pl/viewtopic.php?p=466&sid=761a5e1b050f16e72b599d40fac2af02,error,0,,,URLError: <urlopen error [Errno 111] Connection refused>
http://forum.clash.y0.pl/viewtopic.php?p=467,https://web.archive.org/web/20240521044738id_/http://forum.clash.y0.pl/viewtopic.php?p=467&sid=761a5e1b050f16e72b599d40fac2af02,error,0,,,URLError: <urlopen error [Errno 111] Connection refused>
http://forum.clash.y0.pl/viewtopic.php?p=472,https://web.archive.org/web/20191212002434id_/http://forum.clash.y0.pl/viewtopic.php?p=472,error,0,,,URLError: <urlopen error [Errno 111] Connection refused>
http://forum.clash.y0.pl/viewtopic.php?p=473,https://web.archive.org/web/20191212015551id_/http://forum.clash.y0.pl/viewtopic.php?p=473,error,0,,,URLError: <urlopen error [Errno 111] Connection refused>
http://forum.clash.y0.pl/viewtopic.php?p=474,https://web.archive.org/web/20191212012225id_/http://forum.clash.y0.pl/viewtopic.php?p=474,error,0,,,URLError: <urlopen error [Errno 111] Connection refused>
http://forum.clash.y0.pl/viewtopic.php?p=476&t=38,https://web.archive.org/web/20191210164540id_/http://forum.clash.y0.pl/viewtopic.php?t=38&p=476,error,0,,,URLError: <urlopen error [Errno 111] Connection refused>
http://forum.clash.y0.pl/viewtopic.php?p=477&t=39,https://web.archive.org/web/20191210162747id_/http://forum.clash.y0.pl/viewtopic.php?t=39&p=477,error,0,,,URLError: <urlopen error [Errno 111] Connection refused>
http://forum.clash.y0.pl/viewtopic.php?p=479,https://web.archive.org/web/20191212005509id_/http://forum.clash.y0.pl/viewtopic.php?p=479,error,0,,,URLError: <urlopen error [Errno 111] Connection refused>
http://forum.clash.y0.pl/viewtopic.php?p=480,https://web.archive.org/web/20191212010111id_/http://forum.clash.y0.pl/viewtopic.php?p=480,error,0,,,URLError: <urlopen error [Errno 111] Connection refused>
http://forum.clash.y0.pl/viewtopic.php?p=485,https://web.archive.org/web/20191212003434id_/http://forum.clash.y0.pl/viewtopic.php?p=485,error,0,,,URLError: <urlopen error [Errno 111] Connection refused>
http://forum.clash.y0.pl/viewtopic.php?p=492,https://web.archive.org/web/20240521042919id_/http://forum.clash.y0.pl/viewtopic.php?p=492&sid=761a5e1b050f16e72b599d40fac2af02,error,0,,,URLError: <urlopen error [Errno 111] Connection refused>
http://forum.clash.y0.pl/viewtopic.php?p=494,https://web.archive.org/web/20191212005301id_/http://forum.clash.y0.pl/viewtopic.php?p=494,error,0,,,URLError: <urlopen error [Errno 111] Connection refused>
http://forum.clash.y0.pl/viewtopic.php?p=495,https://web.archive.org/web/20240527191643id_/http://forum.clash.y0.pl/viewtopic.php?p=495&sid=e9a4f5d6993bd842fad3ec5db249deee,error,0,,,URLError: <urlopen error [Errno 111] Connection refused>
http://forum.clash.y0.pl/viewtopic.php?p=496,https://web.archive.org/web/20191212002050id_/http://forum.clash.y0.pl/viewtopic.php?p=496,error,0,,,URLError: <urlopen error [Errno 111] Connection refused>
http://forum.clash.y0.pl/viewtopic.php?p=497,https://web.archive.org/web/20191212013250id_/http://forum.clash.y0.pl/viewtopic.php?p=497,error,0,,,URLError: <urlopen error [Errno 111] Connection refused>
http://forum.clash.y0.pl/viewtopic.php?p=498,https://web.archive.org/web/20191212005910id_/http://forum.clash.y0.pl/viewtopic.php?p=498,error,0,,,URLError: <urlopen error [Errno 111] Connection refused>
http://forum.clash.y0.pl/viewtopic.php?p=499,https://web.archive.org/web/20191212002717id_/http://forum.clash.y0.pl/viewtopic.php?p=499,error,0,,,URLError: <urlopen error [Errno 111] Connection refused>
http://forum.clash.y0.pl/viewtopic.php?p=500,https://web.archive.org/web/20191212004222id_/http://forum.clash.y0.pl/viewtopic.php?p=500,error,0,,,URLError: <urlopen error [Errno 111] Connection refused>
http://forum.clash.y0.pl/viewtopic.php?p=501,https://web.archive.org/web/20191212002429id_/http://forum.clash.y0.pl/viewtopic.php?p=501,error,0,,,URLError: <urlopen error [Errno 111] Connection refused>
http://forum.clash.y0.pl/viewtopic.php?p=502,https://web.archive.org/web/20240615142608id_/http://forum.clash.y0.pl/viewtopic.php?p=502&sid=a94a6aeaa21ccf81e5f3b00d779469d5,error,0,,,URLError: <urlopen error [Errno 111] Connection refused>
http://forum.clash.y0.pl/viewtopic.php?p=503,https://web.archive.org/web/20191212012215id_/http://forum.clash.y0.pl/viewtopic.php?p=503,error,0,,,URLError: <urlopen error [Errno 111] Connection refused>
http://forum.clash.y0.pl/viewtopic.php?p=504,https://web.archive.org/web/20191212004827id_/http://forum.clash.y0.pl/viewtopic.php?p=504,error,0,,,URLError: <urlopen error [Errno 111] Connection refused>
http://forum.clash.y0.pl/viewtopic.php?p=505,https://web.archive.org/web/20191212002538id_/http://forum.clash.y0.pl/viewtopic.php?p=505,error,0,,,URLError: <urlopen error [Errno 111] Connection refused>
http://forum.clash.y0.pl/viewtopic.php?p=507,https://web.archive.org/web/20191212012835id_/http://forum.clash.y0.pl/viewtopic.php?p=507,error,0,,,URLError: <urlopen error [Errno 111] Connection refused>
http://forum.clash.y0.pl/viewtopic.php?p=508,https://web.archive.org/web/20191212005459id_/http://forum.clash.y0.pl/viewtopic.php?p=508,error,0,,,URLError: <urlopen error [Errno 111] Connection refused>
http://forum.clash.y0.pl/viewtopic.php?p=508&t=19,https://web.archive.org/web/20200814020625id_/http://forum.clash.y0.pl/viewtopic.php?t=19&p=508,error,0,,,URLError: <urlopen error [Errno 111] Connection refused>
http://forum.clash.y0.pl/viewtopic.php?p=509,https://web.archive.org/web/20191212002655id_/http://forum.clash.y0.pl/viewtopic.php?p=509,error,0,,,URLError: <urlopen error [Errno 111] Connection refused>
http://forum.clash.y0.pl/viewtopic.php?p=509&t=19,https://web.archive.org/web/20200814020538id_/http://forum.clash.y0.pl/viewtopic.php?t=19&p=509,error,0,,,URLError: <urlopen error [Errno 111] Connection refused>
http://forum.clash.y0.pl/viewtopic.php?p=510,https://web.archive.org/web/20191212002759id_/http://forum.clash.y0.pl/viewtopic.php?p=510,error,0,,,URLError: <urlopen error [Errno 111] Connection refused>
http://forum.clash.y0.pl/viewtopic.php?p=511,https://web.archive.org/web/20201030065349id_/http://forum.clash.y0.pl/viewtopic.php?p=511,error,0,,,URLError: <urlopen error [Errno 111] Connection refused>
http://forum.clash.y0.pl/viewtopic.php?p=514,https://web.archive.org/web/20201030071440id_/http://forum.clash.y0.pl/viewtopic.php?p=514,error,0,,,URLError: <urlopen error [Errno 111] Connection refused>
http://forum.clash.y0.pl/viewtopic.php?p=516,https://web.archive.org/web/20201030081639id_/http://forum.clash.y0.pl/viewtopic.php?p=516,error,0,,,URLError: <urlopen error [Errno 111] Connection refused>
http://forum.clash.y0.pl/viewtopic.php?p=521,https://web.archive.org/web/20191212001912id_/http://forum.clash.y0.pl/viewtopic.php?p=521,error,0,,,URLError: <urlopen error [Errno 111] Connection refused>
http://forum.clash.y0.pl/viewtopic.php?p=523,https://web.archive.org/web/20201030073108id_/http://forum.clash.y0.pl/viewtopic.php?p=523,error,0,,,URLError: <urlopen error [Errno 111] Connection refused>
http://forum.clash.y0.pl/viewtopic.php?p=524,https://web.archive.org/web/20201030070559id_/http://forum.clash.y0.pl/viewtopic.php?p=524,error,0,,,URLError: <urlopen error [Errno 111] Connection refused>
http://forum.clash.y0.pl/viewtopic.php?p=526,https://web.archive.org/web/20201030080434id_/http://forum.clash.y0.pl/viewtopic.php?p=526,downloaded,63302,4c70c0689eb8785114436441cf1df41d0cc66d180b30d9598b41701975f3e1dd,text/html; charset=UTF-8,
http://forum.clash.y0.pl/viewtopic.php?p=528,https://web.archive.org/web/20201030071036id_/http://forum.clash.y0.pl/viewtopic.php?p=528,error,0,,,URLError: <urlopen error [Errno 111] Connection refused>
http://forum.clash.y0.pl/viewtopic.php?p=529,https://web.archive.org/web/20201030065157id_/http://forum.clash.y0.pl/viewtopic.php?p=529,error,0,,,URLError: <urlopen error [Errno 111] Connection refused>
http://forum.clash.y0.pl/viewtopic.php?p=530,https://web.archive.org/web/20201030065536id_/http://forum.clash.y0.pl/viewtopic.php?p=530,error,0,,,URLError: <urlopen error [Errno 111] Connection refused>
http://forum.clash.y0.pl/viewtopic.php?p=531,https://web.archive.org/web/20201030081446id_/http://forum.clash.y0.pl/viewtopic.php?p=531,error,0,,,URLError: <urlopen error [Errno 111] Connection refused>
http://forum.clash.y0.pl/viewtopic.php?p=542,https://web.archive.org/web/20191212005651id_/http://forum.clash.y0.pl/viewtopic.php?p=542,error,0,,,URLError: <urlopen error [Errno 111] Connection refused>
http://forum.clash.y0.pl/viewtopic.php?p=544,https://web.archive.org/web/20191212002128id_/http://forum.clash.y0.pl/viewtopic.php?p=544,error,0,,,URLError: <urlopen error [Errno 111] Connection refused>
http://forum.clash.y0.pl/viewtopic.php?p=545,https://web.archive.org/web/20191212013703id_/http://forum.clash.y0.pl/viewtopic.php?p=545,error,0,,,URLError: <urlopen error [Errno 111] Connection refused>
http://forum.clash.y0.pl/viewtopic.php?p=546,https://web.archive.org/web/20191212010323id_/http://forum.clash.y0.pl/viewtopic.php?p=546,error,0,,,URLError: <urlopen error [Errno 111] Connection refused>
http://forum.clash.y0.pl/viewtopic.php?p=547,https://web.archive.org/web/20191212003012id_/http://forum.clash.y0.pl/viewtopic.php?p=547,error,0,,,URLError: <urlopen error [Errno 111] Connection refused>
http://forum.clash.y0.pl/viewtopic.php?p=595&t=10,https://web.archive.org/web/20191210155352id_/http://forum.clash.y0.pl/viewtopic.php?t=10&p=595,error,0,,,URLError: <urlopen error [Errno 111] Connection refused>
http://forum.clash.y0.pl/viewtopic.php?p=614,https://web.archive.org/web/20200930094103id_/http://forum.clash.y0.pl/viewtopic.php?p=614,error,0,,,URLError: <urlopen error [Errno 111] Connection refused>
http://forum.clash.y0.pl/viewtopic.php?p=614&t=29,https://web.archive.org/web/20191212002155id_/http://forum.clash.y0.pl/viewtopic.php?t=29&p=614,error,0,,,URLError: <urlopen error [Errno 111] Connection refused>
http://forum.clash.y0.pl/viewtopic.php?p=626&t=38,https://web.archive.org/web/20191210161033id_/http://forum.clash.y0.pl/viewtopic.php?t=38&p=626,error,0,,,URLError: <urlopen error [Errno 111] Connection refused>
http://forum.clash.y0.pl/viewtopic.php?p=627&t=19,https://web.archive.org/web/20200814015816id_/http://forum.clash.y0.pl/viewtopic.php?t=19&p=627,error,0,,,URLError: <urlopen error [Errno 111] Connection refused>
http://forum.clash.y0.pl/viewtopic.php?p=630&t=16,https://web.archive.org/web/20191212013748id_/http://forum.clash.y0.pl/viewtopic.php?t=16&p=630,error,0,,,URLError: <urlopen error [Errno 111] Connection refused>
http://forum.clash.y0.pl/viewtopic.php?p=631&t=19,https://web.archive.org/web/20200814021707id_/http://forum.clash.y0.pl/viewtopic.php?t=19&p=631,error,0,,,URLError: <urlopen error [Errno 111] Connection refused>
http://forum.clash.y0.pl/viewtopic.php?p=632&t=16,https://web.archive.org/web/20191212013718id_/http://forum.clash.y0.pl/viewtopic.php?t=16&p=632,error,0,,,URLError: <urlopen error [Errno 111] Connection refused>
http://forum.clash.y0.pl/viewtopic.php?p=633&t=39,https://web.archive.org/web/20191212010054id_/http://forum.clash.y0.pl/viewtopic.php?t=39&p=633,error,0,,,URLError: <urlopen error [Errno 111] Connection refused>
http://forum.clash.y0.pl/viewtopic.php?p=634,https://web.archive.org/web/20201030070157id_/http://forum.clash.y0.pl/viewtopic.php?p=634,error,0,,,URLError: <urlopen error [Errno 111] Connection refused>
http://forum.clash.y0.pl/viewtopic.php?p=634&t=9,https://web.archive.org/web/20191212002424id_/http://forum.clash.y0.pl/viewtopic.php?t=9&p=634,error,0,,,URLError: <urlopen error [Errno 111] Connection refused>
http://forum.clash.y0.pl/viewtopic.php?p=635&t=31,https://web.archive.org/web/20191212003737id_/http://forum.clash.y0.pl/viewtopic.php?t=31&p=635,error,0,,,URLError: <urlopen error [Errno 111] Connection refused>
http://forum.clash.y0.pl/viewtopic.php?p=636&t=27,https://web.archive.org/web/20191212012535id_/http://forum.clash.y0.pl/viewtopic.php?t=27&p=636,error,0,,,URLError: <urlopen error [Errno 111] Connection refused>
http://forum.clash.y0.pl/viewtopic.php?p=637&t=22,https://web.archive.org/web/20191212002609id_/http://forum.clash.y0.pl/viewtopic.php?t=22&p=637,error,0,,,URLError: <urlopen error [Errno 111] Connection refused>
http://forum.clash.y0.pl/viewtopic.php?p=638&t=22,https://web.archive.org/web/20191210154117id_/http://forum.clash.y0.pl/viewtopic.php?t=22&p=638,error,0,,,URLError: <urlopen error [Errno 111] Connection refused>
http://forum.clash.y0.pl/viewtopic.php?p=639&t=22,https://web.archive.org/web/20191210154111id_/http://forum.clash.y0.pl/viewtopic.php?t=22&p=639,error,0,,,URLError: <urlopen error [Errno 111] Connection refused>
http://forum.clash.y0.pl/viewtopic.php?p=640&t=22,https://web.archive.org/web/20191210162024id_/http://forum.clash.y0.pl/viewtopic.php?t=22&p=640,error,0,,,URLError: <urlopen error [Errno 111] Connection refused>
http://forum.clash.y0.pl/viewtopic.php?p=641&t=39,https://web.archive.org/web/20191210170945id_/http://forum.clash.y0.pl/viewtopic.php?t=39&p=641,error,0,,,URLError: <urlopen error [Errno 111] Connection refused>
http://forum.clash.y0.pl/viewtopic.php?p=642&t=22,https://web.archive.org/web/20191210161951id_/http://forum.clash.y0.pl/viewtopic.php?t=22&p=642,error,0,,,URLError: <urlopen error [Errno 111] Connection refused>
http://forum.clash.y0.pl/viewtopic.php?p=643,https://web.archive.org/web/20240624061710id_/http://forum.clash.y0.pl/viewtopic.php?p=643&sid=c20b76a3e3e2da6fb08623b37092bcad,error,0,,,URLError: <urlopen error [Errno 111] Connection refused>
http://forum.clash.y0.pl/viewtopic.php?p=643&t=111,https://web.archive.org/web/20191210155051id_/http://forum.clash.y0.pl/viewtopic.php?t=111&p=643,error,0,,,URLError: <urlopen error [Errno 111] Connection refused>
http://forum.clash.y0.pl/viewtopic.php?p=644,https://web.archive.org/web/20240624075854id_/http://forum.clash.y0.pl/viewtopic.php?p=644&sid=c20b76a3e3e2da6fb08623b37092bcad,error,0,,,URLError: <urlopen error [Errno 111] Connection refused>
http://forum.clash.y0.pl/viewtopic.php?p=645,https://web.archive.org/web/20240624072942id_/http://forum.clash.y0.pl/viewtopic.php?p=645&sid=c20b76a3e3e2da6fb08623b37092bcad,error,0,,,URLError: <urlopen error [Errno 111] Connection refused>
http://forum.clash.y0.pl/viewtopic.php?p=646&t=19,https://web.archive.org/web/20200814024326id_/http://forum.clash.y0.pl/viewtopic.php?t=19&p=646,error,0,,,URLError: <urlopen error [Errno 111] Connection refused>
http://forum.clash.y0.pl/viewtopic.php?p=647&t=19,https://web.archive.org/web/20200814024306id_/http://forum.clash.y0.pl/viewtopic.php?t=19&p=647,error,0,,,URLError: <urlopen error [Errno 111] Connection refused>
http://forum.clash.y0.pl/viewtopic.php?p=648&t=19,https://web.archive.org/web/20200814024246id_/http://forum.clash.y0.pl/viewtopic.php?t=19&p=648,error,0,,,URLError: <urlopen error [Errno 111] Connection refused>
http://forum.clash.y0.pl/viewtopic.php?p=649&t=19,https://web.archive.org/web/20200814024226id_/http://forum.clash.y0.pl/viewtopic.php?t=19&p=649,error,0,,,URLError: <urlopen error [Errno 111] Connection refused>
http://forum.clash.y0.pl/viewtopic.php?p=650&t=19,https://web.archive.org/web/20200814031330id_/http://forum.clash.y0.pl/viewtopic.php?t=19&p=650,error,0,,,URLError: <urlopen error [Errno 111] Connection refused>
http://forum.clash.y0.pl/viewtopic.php?p=651&t=19,https://web.archive.org/web/20200814031306id_/http://forum.clash.y0.pl/viewtopic.php?t=19&p=651,error,0,,,URLError: <urlopen error [Errno 111] Connection refused>
http://forum.clash.y0.pl/viewtopic.php?p=652&t=19,https://web.archive.org/web/20200814031243id_/http://forum.clash.y0.pl/viewtopic.php?t=19&p=652,error,0,,,URLError: <urlopen error [Errno 111] Connection refused>
http://forum.clash.y0.pl/viewtopic.php?p=653&t=19,https://web.archive.org/web/20200814031222id_/http://forum.clash.y0.pl/viewtopic.php?t=19&p=653,error,0,,,URLError: <urlopen error [Errno 111] Connection refused>
http://forum.clash.y0.pl/viewtopic.php?p=657&t=19,https://web.archive.org/web/20200814031113id_/http://forum.clash.y0.pl/viewtopic.php?t=19&p=657,error,0,,,URLError: <urlopen error [Errno 111] Connection refused>
http://forum.clash.y0.pl/viewtopic.php?p=658&t=8,https://web.archive.org/web/20191210154032id_/http://forum.clash.y0.pl/viewtopic.php?t=8&p=658,error,0,,,URLError: <urlopen error [Errno 111] Connection refused>
http://forum.clash.y0.pl/viewtopic.php?p=659&t=8,https://web.archive.org/web/20191210154100id_/http://forum.clash.y0.pl/viewtopic.php?t=8&p=659,error,0,,,URLError: <urlopen error [Errno 111] Connection refused>
http://forum.clash.y0.pl/viewtopic.php?p=660&t=4,https://web.archive.org/web/20191212005410id_/http://forum.clash.y0.pl/viewtopic.php?t=4&p=660,error,0,,,URLError: <urlopen error [Errno 111] Connection refused>
http://forum.clash.y0.pl/viewtopic.php?p=661&t=2,https://web.archive.org/web/20191210003021id_/http://forum.clash.y0.pl/viewtopic.php?t=2&p=661,error,0,,,URLError: <urlopen error [Errno 111] Connection refused>
http://forum.clash.y0.pl/viewtopic.php?p=662&t=5,https://web.archive.org/web/20191212001956id_/http://forum.clash.y0.pl/viewtopic.php?t=5&p=662,error,0,,,URLError: <urlopen error [Errno 111] Connection refused>
http://forum.clash.y0.pl/viewtopic.php?p=663&t=10,https://web.archive.org/web/20191212002331id_/http://forum.clash.y0.pl/viewtopic.php?t=10&p=663,error,0,,,URLError: <urlopen error [Errno 111] Connection refused>
http://forum.clash.y0.pl/viewtopic.php?p=665&t=19,https://web.archive.org/web/20200814014837id_/http://forum.clash.y0.pl/viewtopic.php?t=19&p=665,error,0,,,URLError: <urlopen error [Errno 111] Connection refused>
http://forum.clash.y0.pl/viewtopic.php?p=666,https://web.archive.org/web/20240422133205id_/http://forum.clash.y0.pl/viewtopic.php?p=666&sid=76cbc0bf46a9b004d2dbbc61b46a0ffc,error,0,,,URLError: <urlopen error [Errno 111] Connection refused>
http://forum.clash.y0.pl/viewtopic.php?p=666&t=19,https://web.archive.org/web/20200814014731id_/http://forum.clash.y0.pl/viewtopic.php?t=19&p=666,error,0,,,URLError: <urlopen error [Errno 111] Connection refused>
http://forum.clash.y0.pl/viewtopic.php?p=667&t=4,https://web.archive.org/web/20191210154048id_/http://forum.clash.y0.pl/viewtopic.php?t=4&p=667,error,0,,,URLError: <urlopen error [Errno 111] Connection refused>
http://forum.clash.y0.pl/viewtopic.php?p=668&t=2,https://web.archive.org/web/20191212002624id_/http://forum.clash.y0.pl/viewtopic.php?t=2&p=668,error,0,,,URLError: <urlopen error [Errno 111] Connection refused>
http://forum.clash.y0.pl/viewtopic.php?p=669&t=10,https://web.archive.org/web/20191209231816id_/http://forum.clash.y0.pl/viewtopic.php?t=10&p=669,error,0,,,URLError: <urlopen error [Errno 111] Connection refused>
http://forum.clash.y0.pl/viewtopic.php?p=673&t=4,https://web.archive.org/web/20191212011314id_/http://forum.clash.y0.pl/viewtopic.php?t=4&p=673,error,0,,,URLError: <urlopen error [Errno 111] Connection refused>
http://forum.clash.y0.pl/viewtopic.php?p=674&t=10,https://web.archive.org/web/20191210155525id_/http://forum.clash.y0.pl/viewtopic.php?t=10&p=674,error,0,,,URLError: <urlopen error [Errno 111] Connection refused>
http://forum.clash.y0.pl/viewtopic.php?p=675,https://web.archive.org/web/20240619005702id_/http://forum.clash.y0.pl/viewtopic.php?p=675&sid=58e13061ee0c15c58aa0955630b877d7,error,0,,,URLError: <urlopen error [Errno 111] Connection refused>
http://forum.clash.y0.pl/viewtopic.php?p=676,https://web.archive.org/web/20240521030205id_/http://forum.clash.y0.pl/viewtopic.php?p=676&sid=761a5e1b050f16e72b599d40fac2af02,error,0,,,URLError: <urlopen error [Errno 111] Connection refused>
http://forum.clash.y0.pl/viewtopic.php?p=678,https://web.archive.org/web/20210514164130id_/http://forum.clash.y0.pl/viewtopic.php?p=678&sid=8988bfff0df5526858a134d3099d5c02,error,0,,,URLError: <urlopen error [Errno 111] Connection refused>
http://forum.clash.y0.pl/viewtopic.php?p=679&t=114,https://web.archive.org/web/20191210154149id_/http://forum.clash.y0.pl/viewtopic.php?t=114&p=679,error,0,,,URLError: <urlopen error [Errno 111] Connection refused>
http://forum.clash.y0.pl/viewtopic.php?p=680,https://web.archive.org/web/20240619011206id_/http://forum.clash.y0.pl/viewtopic.php?p=680&sid=58e13061ee0c15c58aa0955630b877d7,error,0,,,URLError: <urlopen error [Errno 111] Connection refused>
http://forum.clash.y0.pl/viewtopic.php?p=683,https://web.archive.org/web/20210514165152id_/http://forum.clash.y0.pl/viewtopic.php?p=683&sid=8988bfff0df5526858a134d3099d5c02,error,0,,,URLError: <urlopen error [Errno 111] Connection refused>
http://forum.clash.y0.pl/viewtopic.php?p=684,https://web.archive.org/web/20240422115039id_/http://forum.clash.y0.pl/viewtopic.php?p=684&sid=76cbc0bf46a9b004d2dbbc61b46a0ffc,error,0,,,URLError: <urlopen error [Errno 111] Connection refused>
http://forum.clash.y0.pl/viewtopic.php?p=685,https://web.archive.org/web/20240303100302id_/http://forum.clash.y0.pl/viewtopic.php?p=685&sid=6c65241fb6541e4eaee3a8c44883cd84,error,0,,,URLError: <urlopen error [Errno 111] Connection refused>
http://forum.clash.y0.pl/viewtopic.php?p=685&t=117,https://web.archive.org/web/20191210170534id_/http://forum.clash.y0.pl/viewtopic.php?t=117&p=685,error,0,,,URLError: <urlopen error [Errno 111] Connection refused>
http://forum.clash.y0.pl/viewtopic.php?p=687,https://web.archive.org/web/20240303084933id_/http://forum.clash.y0.pl/viewtopic.php?p=687&sid=6c65241fb6541e4eaee3a8c44883cd84,error,0,,,URLError: <urlopen error [Errno 111] Connection refused>
http://forum.clash.y0.pl/viewtopic.php?p=691,https://web.archive.org/web/20201030070930id_/http://forum.clash.y0.pl/viewtopic.php?p=691,error,0,,,URLError: <urlopen error [Errno 111] Connection refused>
http://forum.clash.y0.pl/viewtopic.php?p=692,https://web.archive.org/web/20201030064959id_/http://forum.clash.y0.pl/viewtopic.php?p=692,error,0,,,URLError: <urlopen error [Errno 111] Connection refused>
http://forum.clash.y0.pl/viewtopic.php?p=693,https://web.archive.org/web/20201030080629id_/http://forum.clash.y0.pl/viewtopic.php?p=693,error,0,,,URLError: <urlopen error [Errno 111] Connection refused>
http://forum.clash.y0.pl/viewtopic.php?p=694,https://web.archive.org/web/20240303102201id_/http://forum.clash.y0.pl/viewtopic.php?p=694&sid=6c65241fb6541e4eaee3a8c44883cd84,error,0,,,URLError: <urlopen error [Errno 111] Connection refused>
http://forum.clash.y0.pl/viewtopic.php?p=696,https://web.archive.org/web/20240303091316id_/http://forum.clash.y0.pl/viewtopic.php?p=696&sid=6c65241fb6541e4eaee3a8c44883cd84,error,0,,,URLError: <urlopen error [Errno 111] Connection refused>
http://forum.clash.y0.pl/viewtopic.php?p=697,https://web.archive.org/web/20201030081136id_/http://forum.clash.y0.pl/viewtopic.php?p=697,error,0,,,URLError: <urlopen error [Errno 111] Connection refused>
http://forum.clash.y0.pl/viewtopic.php?p=698,https://web.archive.org/web/20201030074355id_/http://forum.clash.y0.pl/viewtopic.php?p=698,error,0,,,URLError: <urlopen error [Errno 111] Connection refused>
http://forum.clash.y0.pl/viewtopic.php?p=699,https://web.archive.org/web/20201030071537id_/http://forum.clash.y0.pl/viewtopic.php?p=699,error,0,,,URLError: <urlopen error [Errno 111] Connection refused>
http://forum.clash.y0.pl/viewtopic.php?p=700,https://web.archive.org/web/20200930095115id_/http://forum.clash.y0.pl/viewtopic.php?p=700,error,0,,,URLError: <urlopen error [Errno 111] Connection refused>
http://forum.clash.y0.pl/viewtopic.php?p=701,https://web.archive.org/web/20200930091715id_/http://forum.clash.y0.pl/viewtopic.php?p=701,error,0,,,URLError: <urlopen error [Errno 111] Connection refused>
http://forum.clash.y0.pl/viewtopic.php?p=702,https://web.archive.org/web/20200930081754id_/http://forum.clash.y0.pl/viewtopic.php?p=702,error,0,,,URLError: <urlopen error [Errno 111] Connection refused>
http://forum.clash.y0.pl/viewtopic.php?p=703,https://web.archive.org/web/20200930101938id_/http://forum.clash.y0.pl/viewtopic.php?p=703,error,0,,,URLError: <urlopen error [Errno 111] Connection refused>
http://forum.clash.y0.pl/viewtopic.php?p=704,https://web.archive.org/web/20200930095401id_/http://forum.clash.y0.pl/viewtopic.php?p=704,error,0,,,URLError: <urlopen error [Errno 111] Connection refused>
http://forum.clash.y0.pl/viewtopic.php?p=705,https://web.archive.org/web/20240624061113id_/http://forum.clash.y0.pl/viewtopic.php?p=705&sid=c20b76a3e3e2da6fb08623b37092bcad,error,0,,,URLError: <urlopen error [Errno 111] Connection refused>
http://forum.clash.y0.pl/viewtopic.php?p=706,https://web.archive.org/web/20240624075509id_/http://forum.clash.y0.pl/viewtopic.php?p=706&sid=c20b76a3e3e2da6fb08623b37092bcad,error,0,,,URLError: <urlopen error [Errno 111] Connection refused>
http://forum.clash.y0.pl/viewtopic.php?p=709,https://web.archive.org/web/20200930093303id_/http://forum.clash.y0.pl/viewtopic.php?p=709,error,0,,,URLError: <urlopen error [Errno 111] Connection refused>
http://forum.clash.y0.pl/viewtopic.php?p=710,https://web.archive.org/web/20240624062506id_/http://forum.clash.y0.pl/viewtopic.php?p=710&sid=c20b76a3e3e2da6fb08623b37092bcad,error,0,,,URLError: <urlopen error [Errno 111] Connection refused>
http://forum.clash.y0.pl/viewtopic.php?p=711,https://web.archive.org/web/20240624054535id_/http://forum.clash.y0.pl/viewtopic.php?p=711&sid=c20b76a3e3e2da6fb08623b37092bcad,error,0,,,URLError: <urlopen error [Errno 111] Connection refused>
http://forum.clash.y0.pl/viewtopic.php?p=712,https://web.archive.org/web/20240619015721id_/http://forum.clash.y0.pl/viewtopic.php?p=712&sid=58e13061ee0c15c58aa0955630b877d7,error,0,,,URLError: <urlopen error [Errno 111] Connection refused>
http://forum.clash.y0.pl/viewtopic.php?p=713,https://web.archive.org/web/20240612155101id_/http://forum.clash.y0.pl/viewtopic.php?p=713&sid=58e13061ee0c15c58aa0955630b877d7,error,0,,,URLError: <urlopen error [Errno 111] Connection refused>
http://forum.clash.y0.pl/viewtopic.php?p=714,https://web.archive.org/web/20240624062945id_/http://forum.clash.y0.pl/viewtopic.php?p=714&sid=c20b76a3e3e2da6fb08623b37092bcad,error,0,,,URLError: <urlopen error [Errno 111] Connection refused>
http://forum.clash.y0.pl/viewtopic.php?start=10&t=10,https://web.archive.org/web/20240908154038id_/http://forum.clash.y0.pl/viewtopic.php?t=10&sid=d3f4d1684b52a51534d529d3d8a923c2&start=10,error,0,,,URLError: <urlopen error [Errno 111] Connection refused>
http://forum.clash.y0.pl/viewtopic.php?start=10&t=111,https://web.archive.org/web/20240422123600id_/http://forum.clash.y0.pl/viewtopic.php?t=111&sid=76cbc0bf46a9b004d2dbbc61b46a0ffc&start=10,error,0,,,URLError: <urlopen error [Errno 111] Connection refused>
http://forum.clash.y0.pl/viewtopic.php?start=10&t=19,https://web.archive.org/web/20240422114521id_/http://forum.clash.y0.pl/viewtopic.php?t=19&sid=76cbc0bf46a9b004d2dbbc61b46a0ffc&start=10,error,0,,,URLError: <urlopen error [Errno 111] Connection refused>
http://forum.clash.y0.pl/viewtopic.php?start=10&t=19&view=print,https://web.archive.org/web/20240527194831id_/http://forum.clash.y0.pl/viewtopic.php?t=19&start=10&sid=e9a4f5d6993bd842fad3ec5db249deee&view=print,error,0,,,URLError: <urlopen error [Errno 111] Connection refused>
http://forum.clash.y0.pl/viewtopic.php?start=10&t=23,https://web.archive.org/web/20240422132003id_/http://forum.clash.y0.pl/viewtopic.php?t=23&sid=76cbc0bf46a9b004d2dbbc61b46a0ffc&start=10,error,0,,,URLError: <urlopen error [Errno 111] Connection refused>
http://forum.clash.y0.pl/viewtopic.php?start=10&t=29,https://web.archive.org/web/20201030075935id_/http://forum.clash.y0.pl/viewtopic.php?t=29&start=10,error,0,,,URLError: <urlopen error [Errno 111] Connection refused>
http://forum.clash.y0.pl/viewtopic.php?start=10&t=3,https://web.archive.org/web/20240422134732id_/http://forum.clash.y0.pl/viewtopic.php?t=3&sid=76cbc0bf46a9b004d2dbbc61b46a0ffc&start=10,error,0,,,URLError: <urlopen error [Errno 111] Connection refused>
http://forum.clash.y0.pl/viewtopic.php?start=10&t=36,https://web.archive.org/web/20240422123731id_/http://forum.clash.y0.pl/viewtopic.php?t=36&sid=76cbc0bf46a9b004d2dbbc61b46a0ffc&start=10,error,0,,,URLError: <urlopen error [Errno 111] Connection refused>
http://forum.clash.y0.pl/viewtopic.php?start=10&t=7,https://web.archive.org/web/20210514160803id_/http://forum.clash.y0.pl/viewtopic.php?t=7&start=10,error,0,,,URLError: <urlopen error [Errno 111] Connection refused>
http://forum.clash.y0.pl/viewtopic.php?start=10&t=748,https://web.archive.org/web/20240422130630id_/http://forum.clash.y0.pl/viewtopic.php?t=748&sid=76cbc0bf46a9b004d2dbbc61b46a0ffc&start=10,error,0,,,URLError: <urlopen error [Errno 111] Connection refused>
http://forum.clash.y0.pl/viewtopic.php?start=10&t=749,https://web.archive.org/web/20240422122901id_/http://forum.clash.y0.pl/viewtopic.php?t=749&sid=76cbc0bf46a9b004d2dbbc61b46a0ffc&start=10,error,0,,,URLError: <urlopen error [Errno 111] Connection refused>
http://forum.clash.y0.pl/viewtopic.php?start=10&t=753,https://web.archive.org/web/20240624061239id_/http://forum.clash.y0.pl/viewtopic.php?t=753&sid=126c9991e96ea479a6b2185133120d61&start=10,error,0,,,URLError: <urlopen error [Errno 111] Connection refused>
http://forum.clash.y0.pl/viewtopic.php?start=10&t=762,https://web.archive.org/web/20240422133948id_/http://forum.clash.y0.pl/viewtopic.php?t=762&sid=76cbc0bf46a9b004d2dbbc61b46a0ffc&start=10,error,0,,,URLError: <urlopen error [Errno 111] Connection refused>
http://forum.clash.y0.pl/viewtopic.php?start=10&t=762&view=print,https://web.archive.org/web/20240521040347id_/http://forum.clash.y0.pl/viewtopic.php?t=762&start=10&sid=500e00cb5d19104148e07f5f33cc23f8&view=print,error,0,,,URLError: <urlopen error [Errno 111] Connection refused>
http://forum.clash.y0.pl/viewtopic.php?start=20&t=10,https://web.archive.org/web/20240716163919id_/http://forum.clash.y0.pl/viewtopic.php?t=10&start=20,error,0,,,URLError: <urlopen error [Errno 111] Connection refused>
http://forum.clash.y0.pl/viewtopic.php?start=20&t=10&view=print,https://web.archive.org/web/20240908162611id_/http://forum.clash.y0.pl/viewtopic.php?t=10&start=20&sid=d3f4d1684b52a51534d529d3d8a923c2&view=print,error,0,,,URLError: <urlopen error [Errno 111] Connection refused>
http://forum.clash.y0.pl/viewtopic.php?start=20&t=111,https://web.archive.org/web/20240422122405id_/http://forum.clash.y0.pl/viewtopic.php?t=111&sid=76cbc0bf46a9b004d2dbbc61b46a0ffc&start=20,error,0,,,URLError: <urlopen error [Errno 111] Connection refused>
http://forum.clash.y0.pl/viewtopic.php?start=20&t=19,https://web.archive.org/web/20191212001906id_/http://forum.clash.y0.pl/viewtopic.php?t=19&start=20,error,0,,,URLError: <urlopen error [Errno 111] Connection refused>
http://forum.clash.y0.pl/viewtopic.php?start=20&t=23,https://web.archive.org/web/20210514170651id_/http://forum.clash.y0.pl/viewtopic.php?t=23&start=20,error,0,,,URLError: <urlopen error [Errno 111] Connection refused>
http://forum.clash.y0.pl/viewtopic.php?start=20&t=23&view=print,https://web.archive.org/web/20240527191156id_/http://forum.clash.y0.pl/viewtopic.php?t=23&start=20&sid=caf9c22cd24168fe8f4a5808c07dd88f&view=print,error,0,,,URLError: <urlopen error [Errno 111] Connection refused>
http://forum.clash.y0.pl/viewtopic.php?start=20&t=3,https://web.archive.org/web/20240422122447id_/http://forum.clash.y0.pl/viewtopic.php?t=3&sid=76cbc0bf46a9b004d2dbbc61b46a0ffc&start=20,error,0,,,URLError: <urlopen error [Errno 111] Connection refused>
http://forum.clash.y0.pl/viewtopic.php?start=20&t=36,https://web.archive.org/web/20240422133532id_/http://forum.clash.y0.pl/viewtopic.php?t=36&sid=76cbc0bf46a9b004d2dbbc61b46a0ffc&start=20,error,0,,,URLError: <urlopen error [Errno 111] Connection refused>
http://forum.clash.y0.pl/viewtopic.php?start=20&t=36&view=print,https://web.archive.org/web/20240521032144id_/http://forum.clash.y0.pl/viewtopic.php?t=36&start=20&sid=761a5e1b050f16e72b599d40fac2af02&view=print,error,0,,,URLError: <urlopen error [Errno 111] Connection refused>
http://forum.clash.y0.pl/viewtopic.php?start=20&t=7,https://web.archive.org/web/20240422124311id_/http://forum.clash.y0.pl/viewtopic.php?t=7&sid=76cbc0bf46a9b004d2dbbc61b46a0ffc&start=20,error,0,,,URLError: <urlopen error [Errno 111] Connection refused>
http://forum.clash.y0.pl/viewtopic.php?start=20&t=748,https://web.archive.org/web/20240422125341id_/http://forum.clash.y0.pl/viewtopic.php?t=748&sid=76cbc0bf46a9b004d2dbbc61b46a0ffc&start=20,error,0,,,URLError: <urlopen error [Errno 111] Connection refused>
http://forum.clash.y0.pl/viewtopic.php?start=20&t=749,https://web.archive.org/web/20240422121600id_/http://forum.clash.y0.pl/viewtopic.php?t=749&sid=76cbc0bf46a9b004d2dbbc61b46a0ffc&start=20,error,0,,,URLError: <urlopen error [Errno 111] Connection refused>
http://forum.clash.y0.pl/viewtopic.php?start=20&t=753,https://web.archive.org/web/20200930092927id_/http://forum.clash.y0.pl/viewtopic.php?t=753&start=20,error,0,,,URLError: <urlopen error [Errno 111] Connection refused>
http://forum.clash.y0.pl/viewtopic.php?start=30&t=111,https://web.archive.org/web/20240422121207id_/http://forum.clash.y0.pl/viewtopic.php?t=111&sid=76cbc0bf46a9b004d2dbbc61b46a0ffc&start=30,error,0,,,URLError: <urlopen error [Errno 111] Connection refused>
http://forum.clash.y0.pl/viewtopic.php?start=30&t=111&view=print,https://web.archive.org/web/20240527184701id_/http://forum.clash.y0.pl/viewtopic.php?t=111&start=30&sid=799407f88ae273e9b7bab554894ee2c1&view=print,error,0,,,URLError: <urlopen error [Errno 111] Connection refused>
http://forum.clash.y0.pl/viewtopic.php?start=30&t=19,https://web.archive.org/web/20240422133743id_/http://forum.clash.y0.pl/viewtopic.php?t=19&sid=76cbc0bf46a9b004d2dbbc61b46a0ffc&start=30,error,0,,,URLError: <urlopen error [Errno 111] Connection refused>
http://forum.clash.y0.pl/viewtopic.php?start=30&t=23,https://web.archive.org/web/20240422124820id_/http://forum.clash.y0.pl/viewtopic.php?t=23&sid=76cbc0bf46a9b004d2dbbc61b46a0ffc&start=30,error,0,,,URLError: <urlopen error [Errno 111] Connection refused>
http://forum.clash.y0.pl/viewtopic.php?start=30&t=29,https://web.archive.org/web/20200930092009id_/http://forum.clash.y0.pl/viewtopic.php?t=29&start=30,error,0,,,URLError: <urlopen error [Errno 111] Connection refused>
http://forum.clash.y0.pl/viewtopic.php?start=30&t=3,https://web.archive.org/web/20240422132807id_/http://forum.clash.y0.pl/viewtopic.php?t=3&sid=76cbc0bf46a9b004d2dbbc61b46a0ffc&start=30,error,0,,,URLError: <urlopen error [Errno 111] Connection refused>
http://forum.clash.y0.pl/viewtopic.php?start=30&t=7,https://web.archive.org/web/20240422134545id_/http://forum.clash.y0.pl/viewtopic.php?t=7&sid=76cbc0bf46a9b004d2dbbc61b46a0ffc&start=30,error,0,,,URLError: <urlopen error [Errno 111] Connection refused>
http://forum.clash.y0.pl/viewtopic.php?start=30&t=748,https://web.archive.org/web/20240422123906id_/http://forum.clash.y0.pl/viewtopic.php?t=748&sid=76cbc0bf46a9b004d2dbbc61b46a0ffc&start=30,error,0,,,URLError: <urlopen error [Errno 111] Connection refused>
http://forum.clash.y0.pl/viewtopic.php?start=30&t=748&view=print,https://web.archive.org/web/20240615144440id_/http://forum.clash.y0.pl/viewtopic.php?t=748&start=30&sid=2194288e81900e63b91b50be22b80a84&view=print,error,0,,,URLError: <urlopen error [Errno 111] Connection refused>
http://forum.clash.y0.pl/viewtopic.php?start=30&t=753,https://web.archive.org/web/20240422125304id_/http://forum.clash.y0.pl/viewtopic.php?t=753&sid=76cbc0bf46a9b004d2dbbc61b46a0ffc&start=30,error,0,,,URLError: <urlopen error [Errno 111] Connection refused>
http://forum.clash.y0.pl/viewtopic.php?start=40&t=19,https://web.archive.org/web/20240422121022id_/http://forum.clash.y0.pl/viewtopic.php?t=19&sid=76cbc0bf46a9b004d2dbbc61b46a0ffc&start=40,error,0,,,URLError: <urlopen error [Errno 111] Connection refused>
http://forum.clash.y0.pl/viewtopic.php?start=40&t=23,https://web.archive.org/web/20210514161258id_/http://forum.clash.y0.pl/viewtopic.php?t=23&start=40,error,0,,,URLError: <urlopen error [Errno 111] Connection refused>
http://forum.clash.y0.pl/viewtopic.php?start=40&t=753,https://web.archive.org/web/20240422123820id_/http://forum.clash.y0.pl/viewtopic.php?t=753&sid=76cbc0bf46a9b004d2dbbc61b46a0ffc&start=40,error,0,,,URLError: <urlopen error [Errno 111] Connection refused>
http://forum.clash.y0.pl/viewtopic.php?start=50&t=753,https://web.archive.org/web/20240422122612id_/http://forum.clash.y0.pl/viewtopic.php?t=753&sid=76cbc0bf46a9b004d2dbbc61b46a0ffc&start=50,error,0,,,URLError: <urlopen error [Errno 111] Connection refused>
http://forum.clash.y0.pl/viewtopic.php?start=50&t=753&view=print,https://web.archive.org/web/20240519172310id_/http://forum.clash.y0.pl/viewtopic.php?t=753&start=50&sid=e023a287118c5eda9d4366727597a8af&view=print,error,0,,,URLError: <urlopen error [Errno 111] Connection refused>
http://forum.clash.y0.pl/viewtopic.php?start=60&t=753,https://web.archive.org/web/20240422121255id_/http://forum.clash.y0.pl/viewtopic.php?t=753&sid=76cbc0bf46a9b004d2dbbc61b46a0ffc&start=60,error,0,,,URLError: <urlopen error [Errno 111] Connection refused>
http://forum.clash.y0.pl/viewtopic.php?start=60&t=753&view=print,https://web.archive.org/web/20240622213448id_/http://forum.clash.y0.pl/viewtopic.php?t=753&start=60&sid=a2d00e3d56cad43a44dc4e161f61b132&view=print,error,0,,,URLError: <urlopen error [Errno 111] Connection refused>
http://forum.clash.y0.pl/viewtopic.php?start=70&t=8,https://web.archive.org/web/20191212013816id_/http://forum.clash.y0.pl/viewtopic.php?t=8&start=70,error,0,,,URLError: <urlopen error [Errno 111] Connection refused>
http://forum.clash.y0.pl/viewtopic.php?start=80&t=9,https://web.archive.org/web/20201030080608id_/http://forum.clash.y0.pl/viewtopic.php?t=9&start=80,error,0,,,URLError: <urlopen error [Errno 111] Connection refused>
http://forum.clash.y0.pl/viewtopic.php?start=90&t=9,https://web.archive.org/web/20200930101519id_/http://forum.clash.y0.pl/viewtopic.php?t=9&start=90,error,0,,,URLError: <urlopen error [Errno 111] Connection refused>
http://forum.clash.y0.pl/viewtopic.php?t=10,https://web.archive.org/web/20240908160144id_/http://forum.clash.y0.pl/viewtopic.php?t=10&sid=85f13b86c50af75cb93e0fcafcee35da,error,0,,,URLError: <urlopen error [Errno 111] Connection refused>
http://forum.clash.y0.pl/viewtopic.php?t=111,https://web.archive.org/web/20240422132209id_/http://forum.clash.y0.pl/viewtopic.php?t=111&sid=76cbc0bf46a9b004d2dbbc61b46a0ffc,error,0,,,URLError: <urlopen error [Errno 111] Connection refused>
http://forum.clash.y0.pl/viewtopic.php?t=111&view=print,https://web.archive.org/web/20240624063903id_/http://forum.clash.y0.pl/viewtopic.php?t=111&sid=c20b76a3e3e2da6fb08623b37092bcad&view=print,error,0,,,URLError: <urlopen error [Errno 111] Connection refused>
http://forum.clash.y0.pl/viewtopic.php?t=114,https://web.archive.org/web/20240422140322id_/http://forum.clash.y0.pl/viewtopic.php?t=114&sid=76cbc0bf46a9b004d2dbbc61b46a0ffc,error,0,,,URLError: <urlopen error [Errno 111] Connection refused>
http://forum.clash.y0.pl/viewtopic.php?t=117,https://web.archive.org/web/20240303084044id_/http://forum.clash.y0.pl/viewtopic.php?t=117&sid=6c65241fb6541e4eaee3a8c44883cd84,error,0,,,URLError: <urlopen error [Errno 111] Connection refused>
http://forum.clash.y0.pl/viewtopic.php?t=117&view=print,https://web.archive.org/web/20240303090908id_/http://forum.clash.y0.pl/viewtopic.php?t=117&sid=6c65241fb6541e4eaee3a8c44883cd84&view=print,error,0,,,URLError: <urlopen error [Errno 111] Connection refused>
http://forum.clash.y0.pl/viewtopic.php?t=18,https://web.archive.org/web/20240422113925id_/http://forum.clash.y0.pl/viewtopic.php?t=18&sid=76cbc0bf46a9b004d2dbbc61b46a0ffc,error,0,,,URLError: <urlopen error [Errno 111] Connection refused>
http://forum.clash.y0.pl/viewtopic.php?t=19,https://web.archive.org/web/20240422135243id_/http://forum.clash.y0.pl/viewtopic.php?t=19&sid=76cbc0bf46a9b004d2dbbc61b46a0ffc,error,0,,,URLError: <urlopen error [Errno 111] Connection refused>
http://forum.clash.y0.pl/viewtopic.php?t=20,https://web.archive.org/web/20240422134806id_/http://forum.clash.y0.pl/viewtopic.php?t=20&sid=76cbc0bf46a9b004d2dbbc61b46a0ffc,error,0,,,URLError: <urlopen error [Errno 111] Connection refused>
http://forum.clash.y0.pl/viewtopic.php?t=23,https://web.archive.org/web/20240422130358id_/http://forum.clash.y0.pl/viewtopic.php?t=23&sid=76cbc0bf46a9b004d2dbbc61b46a0ffc,error,0,,,URLError: <urlopen error [Errno 111] Connection refused>
http://forum.clash.y0.pl/viewtopic.php?t=24,https://web.archive.org/web/20240422125010id_/http://forum.clash.y0.pl/viewtopic.php?t=24&sid=76cbc0bf46a9b004d2dbbc61b46a0ffc,error,0,,,URLError: <urlopen error [Errno 111] Connection refused>
http://forum.clash.y0.pl/viewtopic.php?t=29,https://web.archive.org/web/20191212003444id_/http://forum.clash.y0.pl/viewtopic.php?t=29,error,0,,,URLError: <urlopen error [Errno 111] Connection refused>
http://forum.clash.y0.pl/viewtopic.php?t=3,https://web.archive.org/web/20240422134154id_/http://forum.clash.y0.pl/viewtopic.php?t=3&sid=76cbc0bf46a9b004d2dbbc61b46a0ffc,error,0,,,URLError: <urlopen error [Errno 111] Connection refused>
http://forum.clash.y0.pl/viewtopic.php?t=34,https://web.archive.org/web/20240615125525id_/http://forum.clash.y0.pl/viewtopic.php?t=34&sid=a94a6aeaa21ccf81e5f3b00d779469d5,error,0,,,URLError: <urlopen error [Errno 111] Connection refused>
http://forum.clash.y0.pl/viewtopic.php?t=35,https://web.archive.org/web/20240422123403id_/http://forum.clash.y0.pl/viewtopic.php?t=35&sid=76cbc0bf46a9b004d2dbbc61b46a0ffc,error,0,,,URLError: <urlopen error [Errno 111] Connection refused>
http://forum.clash.y0.pl/viewtopic.php?t=36,https://web.archive.org/web/20240422122028id_/http://forum.clash.y0.pl/viewtopic.php?t=36&sid=76cbc0bf46a9b004d2dbbc61b46a0ffc,error,0,,,URLError: <urlopen error [Errno 111] Connection refused>
http://forum.clash.y0.pl/viewtopic.php?t=36&view=print,https://web.archive.org/web/20240614062452id_/http://forum.clash.y0.pl/viewtopic.php?t=36&sid=4c8ca3d75f376556719aa936bf07d9e5&view=print,error,0,,,URLError: <urlopen error [Errno 111] Connection refused>
http://forum.clash.y0.pl/viewtopic.php?t=5,https://web.archive.org/web/20240612144647id_/http://forum.clash.y0.pl/viewtopic.php?t=5&sid=58e13061ee0c15c58aa0955630b877d7,error,0,,,URLError: <urlopen error [Errno 111] Connection refused>
http://forum.clash.y0.pl/viewtopic.php?t=7,https://web.archive.org/web/20240422135853id_/http://forum.clash.y0.pl/viewtopic.php?t=7&sid=76cbc0bf46a9b004d2dbbc61b46a0ffc,error,0,,,URLError: <urlopen error [Errno 111] Connection refused>
http://forum.clash.y0.pl/viewtopic.php?t=748,https://web.archive.org/web/20240422135022id_/http://forum.clash.y0.pl/viewtopic.php?t=748&sid=76cbc0bf46a9b004d2dbbc61b46a0ffc,error,0,,,URLError: <urlopen error [Errno 111] Connection refused>
http://forum.clash.y0.pl/viewtopic.php?t=749,https://web.archive.org/web/20240422131638id_/http://forum.clash.y0.pl/viewtopic.php?t=749&sid=76cbc0bf46a9b004d2dbbc61b46a0ffc,error,0,,,URLError: <urlopen error [Errno 111] Connection refused>
http://forum.clash.y0.pl/viewtopic.php?t=749&view=print,https://web.archive.org/web/20240614055851id_/http://forum.clash.y0.pl/viewtopic.php?t=749&sid=d02d4cf7b1ff50dd75555b1edc556ce9&view=print,error,0,,,URLError: <urlopen error [Errno 111] Connection refused>
http://forum.clash.y0.pl/viewtopic.php?t=753,https://web.archive.org/web/20240422140227id_/http://forum.clash.y0.pl/viewtopic.php?t=753&sid=76cbc0bf46a9b004d2dbbc61b46a0ffc,error,0,,,URLError: <urlopen error [Errno 111] Connection refused>
http://forum.clash.y0.pl/viewtopic.php?t=753&view=print,https://web.archive.org/web/20240624072101id_/http://forum.clash.y0.pl/viewtopic.php?t=753&sid=126c9991e96ea479a6b2185133120d61&view=print,error,0,,,URLError: <urlopen error [Errno 111] Connection refused>
http://forum.clash.y0.pl/viewtopic.php?t=758,https://web.archive.org/web/20240615132625id_/http://forum.clash.y0.pl/viewtopic.php?t=758&sid=bda0433e02a40db3eddf5d2572ced247,error,0,,,URLError: <urlopen error [Errno 111] Connection refused>
http://forum.clash.y0.pl/viewtopic.php?t=759,https://web.archive.org/web/20240615150732id_/http://forum.clash.y0.pl/viewtopic.php?t=759&sid=bda0433e02a40db3eddf5d2572ced247,error,0,,,URLError: <urlopen error [Errno 111] Connection refused>
http://forum.clash.y0.pl/viewtopic.php?t=762,https://web.archive.org/web/20240422120209id_/http://forum.clash.y0.pl/viewtopic.php?t=762&sid=76cbc0bf46a9b004d2dbbc61b46a0ffc,error,0,,,URLError: <urlopen error [Errno 111] Connection refused>
http://forum.clash.y0.pl/viewtopic.php?t=762&view=print,https://web.archive.org/web/20240618151629id_/http://forum.clash.y0.pl/viewtopic.php?t=762&sid=afea8e0f1c381e3aebf4d5bdb3c25994&view=print,error,0,,,URLError: <urlopen error [Errno 111] Connection refused>
http://forum.clash.y0.pl/viewtopic.php?t=763,https://web.archive.org/web/20240615142542id_/http://forum.clash.y0.pl/viewtopic.php?t=763&sid=39ae0a1a4e951dbe6ce35af3df5145b3,error,0,,,URLError: <urlopen error [Errno 111] Connection refused>
http://forum.clash.y0.pl/viewtopic.php?t=764,https://web.archive.org/web/20240422131419id_/http://forum.clash.y0.pl/viewtopic.php?t=764&sid=76cbc0bf46a9b004d2dbbc61b46a0ffc,error,0,,,URLError: <urlopen error [Errno 111] Connection refused>
http://forum.clash.y0.pl/viewtopic.php?t=764&view=print,https://web.archive.org/web/20240521040652id_/http://forum.clash.y0.pl/viewtopic.php?t=764&sid=e69d19879901a14aa77f5c456987c177&view=print,error,0,,,URLError: <urlopen error [Errno 111] Connection refused>
http://forum.clash.y0.pl/viewtopic.php?t=765,https://web.archive.org/web/20240612161434id_/http://forum.clash.y0.pl/viewtopic.php?t=765&sid=fd009a5c3c323343290ddebeae00332d,error,0,,,URLError: <urlopen error [Errno 111] Connection refused>
http://forum.clash.y0.pl/viewtopic.php?t=767,https://web.archive.org/web/20240619003544id_/http://forum.clash.y0.pl/viewtopic.php?t=767&sid=fd009a5c3c323343290ddebeae00332d,error,0,,,URLError: <urlopen error [Errno 111] Connection refused>
http://forum.clash.y0.pl/viewtopic.php?t=769,https://web.archive.org/web/20250708051330id_/http://forum.clash.y0.pl/viewtopic.php?t=769&sid=d3c7be464be003b5051e19613c15e813,error,0,,,URLError: <urlopen error [Errno 111] Connection refused>
http://forum.clash.y0.pl/viewtopic.php?t=9,https://web.archive.org/web/20240615143747id_/http://forum.clash.y0.pl/viewtopic.php?t=9&sid=a94a6aeaa21ccf81e5f3b00d779469d5,error,0,,,URLError: <urlopen error [Errno 111] Connection refused>
