canonical_url,original_url,first_capture,latest_capture,capture_count,representative_mimetype,representative_digest,representative_cdx_length,archive_url
http://clash.y0.pl/,http://clash.y0.pl:80/,20170426085203,20170426085203,2,text/html,WYYMV7GFSII3M3BRYSVJWCWA4WAK2DQP,81846,https://web.archive.org/web/20170426085203id_/http://clash.y0.pl:80/
http://clash.y0.pl/adresy-budynkow/,http://clash.y0.pl/adresy-budynkow/,20191112222008,20191112222008,2,text/html,JPFRR5BFVIABHMBLE3DWMHUGAQNW4MK3,7796,https://web.archive.org/web/20191112222008id_/http://clash.y0.pl/adresy-budynkow/
http://clash.y0.pl/adresy-jednostek/,http://clash.y0.pl/adresy-jednostek/,20191112222208,20191112222208,2,text/html,P6CT5LZJRBSECXRUFF75HXIQK7PVQKSP,16511,https://web.archive.org/web/20191112222208id_/http://clash.y0.pl/adresy-jednostek/
http://clash.y0.pl/adresy-zachcianek-krolowej/,http://clash.y0.pl/adresy-zachcianek-krolowej/,20191112222151,20191112222151,2,text/html,ZYVVU6XBMFQFLZDQRDVUO44FGDB72PN5,9555,https://web.archive.org/web/20191112222151id_/http://clash.y0.pl/adresy-zachcianek-krolowej/
http://clash.y0.pl/aktualnosci/,http://clash.y0.pl:80/aktualnosci/,20180806163744,20180806163744,2,text/html,JSPH2QEXIGV7H23KTMW7DSDLUXK3A7OS,10483,https://web.archive.org/web/20180806163744id_/http://clash.y0.pl:80/aktualnosci/
http://clash.y0.pl/author/boghute_ara/,http://clash.y0.pl/author/boghute_ara/,20210618181238,20210618181238,2,text/html,RGLX7MO5DO7R2QFTWAD2H6M5RBJ36EMJ,6241,https://web.archive.org/web/20210618181238id_/http://clash.y0.pl/author/boghute_ara/
http://clash.y0.pl/budowanie/,http://clash.y0.pl:80/budowanie/,20180813064701,20180813064701,2,text/html,QVDS4QW45ZHZ6NVMAH4SKAJYTXIR3XV2,7172,https://web.archive.org/web/20180813064701id_/http://clash.y0.pl:80/budowanie/
http://clash.y0.pl/chlopi-i-podatki/,http://clash.y0.pl:80/chlopi-i-podatki/,20180813064706,20180813064706,2,text/html,I4KP2DSQF5XUTVACGPWN2EXKER346TKB,6967,https://web.archive.org/web/20180813064706id_/http://clash.y0.pl:80/chlopi-i-podatki/
http://clash.y0.pl/clash-deluxe/,http://clash.y0.pl:80/clash-deluxe/,20180808183527,20180808183527,2,text/html,I6OEDMJOBSQ3YPHFBVJR4G7TYS625OLO,11440,https://web.archive.org/web/20180808183527id_/http://clash.y0.pl:80/clash-deluxe/
http://clash.y0.pl/clash-pod-dosbox/,http://clash.y0.pl:80/clash-pod-dosbox/,20180806153543,20180806153543,2,text/html,6HEJAHKMI4HTD5522NTAQTG36S43H5OA,7442,https://web.archive.org/web/20180806153543id_/http://clash.y0.pl:80/clash-pod-dosbox/
http://clash.y0.pl/comments/feed/,http://clash.y0.pl:80/comments/feed/,20180813064842,20180813064842,2,application/rss+xml,3WGEE6BPJE6LYIWEHICDENTTKQN2DZ6G,1138,https://web.archive.org/web/20180813064842id_/http://clash.y0.pl:80/comments/feed/
http://clash.y0.pl/download/,http://clash.y0.pl:80/download/,20180806153217,20180806153217,2,text/html,4N2COPNYT5TQ7GWV5WUNWPHMGR64JSQX,6520,https://web.archive.org/web/20180806153217id_/http://clash.y0.pl:80/download/
http://clash.y0.pl/dowodca/,http://clash.y0.pl:80/dowodca/,20180813064853,20180813064853,2,text/html,NSEAPXRFMD7EO2X5AKGLGSD5RECM4HXB,6321,https://web.archive.org/web/20180813064853id_/http://clash.y0.pl:80/dowodca/
http://clash.y0.pl/feed/,http://clash.y0.pl:80/feed/,20180813064716,20180813064716,2,application/rss+xml,RF4WNHMQQBQSUSY4TRO3XILCLME5S2DF,1152,https://web.archive.org/web/20180813064716id_/http://clash.y0.pl:80/feed/
http://clash.y0.pl/index.php/jednostki.html,http://clash.y0.pl:80/index.php/jednostki.html,20170425140755,20170425140755,2,text/html,BKPSY6Q6YWEFHNZFQFCJ5AL4VTXXIMI4,1975814,https://web.archive.org/web/20170425140755id_/http://clash.y0.pl:80/index.php/jednostki.html
http://clash.y0.pl/index.php/mury.html,http://clash.y0.pl:80/index.php/mury.html,20170427040331,20170427040331,2,text/html,AYCIJIX6Z2GE6FQ7YOM62MO2ENFNSA3R,177223,https://web.archive.org/web/20170427040331id_/http://clash.y0.pl:80/index.php/mury.html
http://clash.y0.pl/index.php/port.html,http://clash.y0.pl:80/index.php/port.html,20170427030025,20170427030025,2,text/html,O52GHPI5I5Q656VEVWSZPYMMZX36FCVP,222018,https://web.archive.org/web/20170427030025id_/http://clash.y0.pl:80/index.php/port.html
http://clash.y0.pl/index.php/zasadzka.html,http://clash.y0.pl:80/index.php/zasadzka.html,20170424231706,20170424231706,2,text/html,VGYIG3WF4D3OBC4L7FQ25FAHHANF3F5U,9491,https://web.archive.org/web/20170424231706id_/http://clash.y0.pl:80/index.php/zasadzka.html
http://clash.y0.pl/jednostki/,http://clash.y0.pl:80/jednostki/,20180813064721,20180813064721,2,text/html,IIMGVDUVFEA2O5LJAACGCYK2VJ2NDJOZ,16605,https://web.archive.org/web/20180813064721id_/http://clash.y0.pl:80/jednostki/
http://clash.y0.pl/kampania/,http://clash.y0.pl:80/kampania/,20180813065258,20180813065258,2,text/html,YJ74IA65HE5UVNN4JFHNJ7J7IHEAEU3O,9124,https://web.archive.org/web/20180813065258id_/http://clash.y0.pl:80/kampania/
http://clash.y0.pl/kody/,http://clash.y0.pl:80/kody/,20180813064726,20180813064726,2,text/html,3YMEXTXTBY3FQMKXHXQEKYIEJLFH2UVQ,6069,https://web.archive.org/web/20180813064726id_/http://clash.y0.pl:80/kody/
http://clash.y0.pl/kontakt/,http://clash.y0.pl:80/kontakt/,20180813064731,20180813064731,2,text/html,ADFYE2MFLBX3QTQIXJDSOJVHDKTHJ36Y,6350,https://web.archive.org/web/20180813064731id_/http://clash.y0.pl:80/kontakt/
http://clash.y0.pl/kopanie-skarbow/,http://clash.y0.pl:80/kopanie-skarbow/,20180813065304,20180813065304,2,text/html,2PSEINXZ7NYY5ULZE7HLSUQT5V3436A5,6932,https://web.archive.org/web/20180813065304id_/http://clash.y0.pl:80/kopanie-skarbow/
http://clash.y0.pl/krolowa/,http://clash.y0.pl:80/krolowa/,20180813065309,20180813065309,2,text/html,UV7B2PXYT5VVRPVEJJMQPETU6534SNLB,10375,https://web.archive.org/web/20180813065309id_/http://clash.y0.pl:80/krolowa/
http://clash.y0.pl/misje/,http://clash.y0.pl:80/misje/,20180813064736,20180813064736,2,text/html,DYTZRHL44I3EQFJ35EHNHH5RN27TSWZS,7591,https://web.archive.org/web/20180813064736id_/http://clash.y0.pl:80/misje/
http://clash.y0.pl/morale/,http://clash.y0.pl:80/morale/,20180813064742,20180813064742,2,text/html,Z35SYTEWGBNEPUWFWU4BJX555DVCIJ4K,6613,https://web.archive.org/web/20180813064742id_/http://clash.y0.pl:80/morale/
http://clash.y0.pl/mury/,http://clash.y0.pl:80/mury/,20180813064746,20180813064746,2,text/html,W2SQ366U565I5DJZ76VLNQFN6VXYVTZC,6348,https://web.archive.org/web/20180813064746id_/http://clash.y0.pl:80/mury/
http://clash.y0.pl/poczatek-rozgrywki/,http://clash.y0.pl:80/poczatek-rozgrywki/,20180813064751,20180813064751,2,text/html,RCQHZUS2M65CX65EJLW3KBUG35FZV26S,8426,https://web.archive.org/web/20180813064751id_/http://clash.y0.pl:80/poczatek-rozgrywki/
http://clash.y0.pl/port/,http://clash.y0.pl:80/port/,20180813065314,20180813065314,2,text/html,BUCVOLSSKZIJJRSNPCQOKDOPOGZESHHS,6633,https://web.archive.org/web/20180813065314id_/http://clash.y0.pl:80/port/
http://clash.y0.pl/poziomy-technologiczne/,http://clash.y0.pl:80/poziomy-technologiczne/,20180813065319,20180813065319,2,text/html,KQ2AC76LSOOKQMGE2AQR6BJXLUS2N7DJ,6537,https://web.archive.org/web/20180813065319id_/http://clash.y0.pl:80/poziomy-technologiczne/
http://clash.y0.pl/pulapka/,http://clash.y0.pl:80/pulapka/,20180813064756,20180813064756,2,text/html,5IJYDPT2MD2R7BD3YWUL46UMCTSXXRDF,6192,https://web.archive.org/web/20180813064756id_/http://clash.y0.pl:80/pulapka/
http://clash.y0.pl/robots.txt,http://clash.y0.pl/robots.txt,20170721132440,20170721132440,2,text/plain,CLN5MIWT3AVVTZN7BXQ2YGJZSGPTWXLU,487,https://web.archive.org/web/20170721132440id_/http://clash.y0.pl/robots.txt
http://clash.y0.pl/rozgrywka/,http://clash.y0.pl/rozgrywka/,20191112222225,20191112222225,2,text/html,B2VCMMP4CWJT4PNJVN3UINSIS3IPAPJU,10962,https://web.archive.org/web/20191112222225id_/http://clash.y0.pl/rozgrywka/
http://clash.y0.pl/status/,http://clash.y0.pl:80/status/,20180813064801,20180813064801,2,text/html,J6VPQPUGCA3TXYUZFC7ON6CTOOJ36QHO,6580,https://web.archive.org/web/20180813064801id_/http://clash.y0.pl:80/status/
http://clash.y0.pl/swiatynie-i-miejsca-kultu/,http://clash.y0.pl:80/swiatynie-i-miejsca-kultu/,20180813065324,20180813065324,2,text/html,ODSVOTMJHBT4AIL3AGAYV3MKRSFRZVOS,8916,https://web.archive.org/web/20180813065324id_/http://clash.y0.pl:80/swiatynie-i-miejsca-kultu/
http://clash.y0.pl/tereny/,http://clash.y0.pl:80/tereny/,20180813065329,20180813065329,2,text/html,7XIQ2J3DOG5GXGJ5SBUXFDPSVYGWZFFX,6819,https://web.archive.org/web/20180813065329id_/http://clash.y0.pl:80/tereny/
http://clash.y0.pl/walka/,http://clash.y0.pl:80/walka/,20180813065334,20180813065334,2,text/html,ECD72A7CDORQFCO2DFC5FHQNDCGZVDXO,8166,https://web.archive.org/web/20180813065334id_/http://clash.y0.pl:80/walka/
http://clash.y0.pl/wp-content/themes/creattica/css/lightSlider.min.css?ver=1.1.0,http://clash.y0.pl/wp-content/themes/creattica/css/lightSlider.min.css?ver=1.1.0,20250831160547,20250831160547,2,text/css,TII6BR4P2ARRCWAAER2U3UJARWLGNFR2,2108,https://web.archive.org/web/20250831160547id_/http://clash.y0.pl/wp-content/themes/creattica/css/lightSlider.min.css?ver=1.1.0
http://clash.y0.pl/wp-content/themes/creattica/hybrid/css/gallery.min.css?ver=4.0.0,http://clash.y0.pl/wp-content/themes/creattica/hybrid/css/gallery.min.css?ver=4.0.0,20250831160659,20250831160659,2,text/css,M4ZUGEEDA772UGBO4CM5NHBOTDMFKFXX,1456,https://web.archive.org/web/20250831160659id_/http://clash.y0.pl/wp-content/themes/creattica/hybrid/css/gallery.min.css?ver=4.0.0
http://clash.y0.pl/wp-content/themes/creattica/hybrid/extend/css/font-awesome.min.css?ver=5.15.4,http://clash.y0.pl/wp-content/themes/creattica/hybrid/extend/css/font-awesome.min.css?ver=5.15.4,20250831160703,20250831160703,2,text/css,W2XOMKAD7POM7ATGEKXG6YSYC4QGTK3T,14536,https://web.archive.org/web/20250831160703id_/http://clash.y0.pl/wp-content/themes/creattica/hybrid/extend/css/font-awesome.min.css?ver=5.15.4
http://clash.y0.pl/wp-content/themes/creattica/hybrid/extend/css/webfonts/fa-brands-400.woff2,http://clash.y0.pl/wp-content/themes/creattica/hybrid/extend/css/webfonts/fa-brands-400.woff2,20250831160622,20250831160622,2,font/woff2,7TQNUWJKHZJW23K56W2QZNITHGGYYULB,77510,https://web.archive.org/web/20250831160622id_/http://clash.y0.pl/wp-content/themes/creattica/hybrid/extend/css/webfonts/fa-brands-400.woff2
http://clash.y0.pl/wp-content/themes/creattica/hybrid/extend/css/webfonts/fa-regular-400.woff2,http://clash.y0.pl/wp-content/themes/creattica/hybrid/extend/css/webfonts/fa-regular-400.woff2,20250831160547,20250831160547,2,font/woff2,ARD4NMILX5Z7S6ZD3T6W42SIKEECFS3O,13995,https://web.archive.org/web/20250831160547id_/http://clash.y0.pl/wp-content/themes/creattica/hybrid/extend/css/webfonts/fa-regular-400.woff2
http://clash.y0.pl/wp-content/themes/creattica/hybrid/extend/css/webfonts/fa-solid-900.woff2,http://clash.y0.pl/wp-content/themes/creattica/hybrid/extend/css/webfonts/fa-solid-900.woff2,20250831160547,20250831160547,2,font/woff2,VGJCQQVBECT7D2WO2ZTUQDC6DBNBA3LJ,78805,https://web.archive.org/web/20250831160547id_/http://clash.y0.pl/wp-content/themes/creattica/hybrid/extend/css/webfonts/fa-solid-900.woff2
http://clash.y0.pl/wp-content/themes/creattica/hybrid/extend/images/patterns/4.png,http://clash.y0.pl/wp-content/themes/creattica/hybrid/extend/images/patterns/4.png,20250831170502,20250831170502,2,image/png,OLLUDR4LDD6O7VERVHZ3IPYJXYYOQFOV,15307,https://web.archive.org/web/20250831170502id_/http://clash.y0.pl/wp-content/themes/creattica/hybrid/extend/images/patterns/4.png
http://clash.y0.pl/wp-content/themes/creattica/include/blocks/wpblocks.css?ver=1.10.0,http://clash.y0.pl/wp-content/themes/creattica/include/blocks/wpblocks.css?ver=1.10.0,20250831160703,20250831160703,2,text/css,46WSZJBVYXFRZRNH2UYUHV7BF6RVRNSL,2316,https://web.archive.org/web/20250831160703id_/http://clash.y0.pl/wp-content/themes/creattica/include/blocks/wpblocks.css?ver=1.10.0
http://clash.y0.pl/wp-content/themes/creattica/include/blocks/wpblocks.css?ver=1.11.0,http://clash.y0.pl/wp-content/themes/creattica/include/blocks/wpblocks.css?ver=1.11.0,20250831160546,20250831160546,2,text/css,46WSZJBVYXFRZRNH2UYUHV7BF6RVRNSL,2317,https://web.archive.org/web/20250831160546id_/http://clash.y0.pl/wp-content/themes/creattica/include/blocks/wpblocks.css?ver=1.11.0
http://clash.y0.pl/wp-content/themes/creattica/include/blocks/wpblocks.css?ver=1.9.25,http://clash.y0.pl/wp-content/themes/creattica/include/blocks/wpblocks.css?ver=1.9.25,20250831161138,20250831161138,2,text/css,46WSZJBVYXFRZRNH2UYUHV7BF6RVRNSL,2320,https://web.archive.org/web/20250831161138id_/http://clash.y0.pl/wp-content/themes/creattica/include/blocks/wpblocks.css?ver=1.9.25
http://clash.y0.pl/wp-content/themes/creattica/js/hoot.theme.min.js?ver=1.10.0,http://clash.y0.pl/wp-content/themes/creattica/js/hoot.theme.min.js?ver=1.10.0,20250831170456,20250831170456,2,text/javascript,JK7LCUJL6BQQSHPVREARJ2RA4TIBTDDT,2060,https://web.archive.org/web/20250831170456id_/http://clash.y0.pl/wp-content/themes/creattica/js/hoot.theme.min.js?ver=1.10.0
http://clash.y0.pl/wp-content/themes/creattica/js/hoot.theme.min.js?ver=1.11.0,http://clash.y0.pl/wp-content/themes/creattica/js/hoot.theme.min.js?ver=1.11.0,20250831160614,20250831160614,2,text/javascript,JK7LCUJL6BQQSHPVREARJ2RA4TIBTDDT,2057,https://web.archive.org/web/20250831160614id_/http://clash.y0.pl/wp-content/themes/creattica/js/hoot.theme.min.js?ver=1.11.0
http://clash.y0.pl/wp-content/themes/creattica/js/hoot.theme.min.js?ver=1.9.25,http://clash.y0.pl/wp-content/themes/creattica/js/hoot.theme.min.js?ver=1.9.25,20250831161201,20250831161201,2,text/javascript,JK7LCUJL6BQQSHPVREARJ2RA4TIBTDDT,2061,https://web.archive.org/web/20250831161201id_/http://clash.y0.pl/wp-content/themes/creattica/js/hoot.theme.min.js?ver=1.9.25
http://clash.y0.pl/wp-content/themes/creattica/js/jquery.fitvids.min.js?ver=1.1,http://clash.y0.pl/wp-content/themes/creattica/js/jquery.fitvids.min.js?ver=1.1,20250831160600,20250831160600,2,text/javascript,3PV2UHSIDPAJEKAL33W6BYC5MVY4RSXU,1815,https://web.archive.org/web/20250831160600id_/http://clash.y0.pl/wp-content/themes/creattica/js/jquery.fitvids.min.js?ver=1.1
http://clash.y0.pl/wp-content/themes/creattica/js/jquery.lightSlider.min.js?ver=1.1.1,http://clash.y0.pl/wp-content/themes/creattica/js/jquery.lightSlider.min.js?ver=1.1.1,20250831170505,20250831170505,2,text/javascript,OMVFYOWAEAPCW2EXOU7LHLJALCZUNQB5,5517,https://web.archive.org/web/20250831170505id_/http://clash.y0.pl/wp-content/themes/creattica/js/jquery.lightSlider.min.js?ver=1.1.1
http://clash.y0.pl/wp-content/themes/creattica/js/jquery.parallax.min.js?ver=1.4.2,http://clash.y0.pl/wp-content/themes/creattica/js/jquery.parallax.min.js?ver=1.4.2,20250831160607,20250831160607,2,text/javascript,SOMSM3WQLYSTHXUE5QORQYNSKP4OAGNS,3121,https://web.archive.org/web/20250831160607id_/http://clash.y0.pl/wp-content/themes/creattica/js/jquery.parallax.min.js?ver=1.4.2
http://clash.y0.pl/wp-content/themes/creattica/js/jquery.superfish.min.js?ver=1.7.5,http://clash.y0.pl/wp-content/themes/creattica/js/jquery.superfish.min.js?ver=1.7.5,20250831161200,20250831161200,2,text/javascript,3DKKGSD655HEKDALJHRHEPFAALOKBJN6,2614,https://web.archive.org/web/20250831161200id_/http://clash.y0.pl/wp-content/themes/creattica/js/jquery.superfish.min.js?ver=1.7.5
http://clash.y0.pl/wp-content/themes/creattica/js/modernizr.custom.min.js?ver=2.8.3,http://clash.y0.pl/wp-content/themes/creattica/js/modernizr.custom.min.js?ver=2.8.3,20250831160704,20250831160704,2,text/javascript,QL3QNQWQNJXVXS3BVOHAWAL6SDIIH2AO,4974,https://web.archive.org/web/20250831160704id_/http://clash.y0.pl/wp-content/themes/creattica/js/modernizr.custom.min.js?ver=2.8.3
http://clash.y0.pl/wp-content/themes/creattica/style.min.css?ver=1.10.0,http://clash.y0.pl/wp-content/themes/creattica/style.min.css?ver=1.10.0,20250831160702,20250831160702,2,text/css,7MS7WCRQ5P5EBOHUHIWQE5PEVI2MUZCR,15448,https://web.archive.org/web/20250831160702id_/http://clash.y0.pl/wp-content/themes/creattica/style.min.css?ver=1.10.0
http://clash.y0.pl/wp-content/themes/creattica/style.min.css?ver=1.9.25,http://clash.y0.pl/wp-content/themes/creattica/style.min.css?ver=1.9.25,20250831161135,20250831161135,2,text/css,7MS7WCRQ5P5EBOHUHIWQE5PEVI2MUZCR,15451,https://web.archive.org/web/20250831161135id_/http://clash.y0.pl/wp-content/themes/creattica/style.min.css?ver=1.9.25
http://clash.y0.pl/wp-content/uploads/2017/12/Clash.jpg,http://clash.y0.pl/wp-content/uploads/2017/12/Clash.jpg,20250831170504,20250831170504,2,image/jpeg,BUJMHA7DGYKZA2SPE4DH2THP6B4RGYWC,299756,https://web.archive.org/web/20250831170504id_/http://clash.y0.pl/wp-content/uploads/2017/12/Clash.jpg
http://clash.y0.pl/wp-content/uploads/2017/12/Fly-Mounth.jpg,http://clash.y0.pl/wp-content/uploads/2017/12/Fly-Mounth.jpg,20250831160806,20250831160806,2,image/jpeg,QRNOEF3VHAS2AHRJGKFJHAWM2E3FS45S,138149,https://web.archive.org/web/20250831160806id_/http://clash.y0.pl/wp-content/uploads/2017/12/Fly-Mounth.jpg
http://clash.y0.pl/wp-content/uploads/2017/12/Never-Land.jpg,http://clash.y0.pl/wp-content/uploads/2017/12/Never-Land.jpg,20250831160820,20250831160820,2,image/jpeg,JUEK4IEJBSKKNBAGGH5HWGRFSI2SEKTW,87979,https://web.archive.org/web/20250831160820id_/http://clash.y0.pl/wp-content/uploads/2017/12/Never-Land.jpg
http://clash.y0.pl/wp-content/uploads/2017/12/Tronton.jpg,http://clash.y0.pl/wp-content/uploads/2017/12/Tronton.jpg,20250831160826,20250831160826,2,image/jpeg,EOTRTVE6ATU3F7V37BONTTPAFIBUVZ53,92232,https://web.archive.org/web/20250831160826id_/http://clash.y0.pl/wp-content/uploads/2017/12/Tronton.jpg
http://clash.y0.pl/wp-content/uploads/2017/12/Wotarland.jpg,http://clash.y0.pl/wp-content/uploads/2017/12/Wotarland.jpg,20250831160807,20250831160807,2,image/jpeg,LXVM5U7IRP4HAVT5YEZYNIVGJ4P5EFMK,102191,https://web.archive.org/web/20250831160807id_/http://clash.y0.pl/wp-content/uploads/2017/12/Wotarland.jpg
http://clash.y0.pl/wp-content/uploads/2017/12/armata.png,http://clash.y0.pl/wp-content/uploads/2017/12/armata.png,20250831163343,20250831163343,2,image/png,R65TWAIKPQ7JDXJCCQ3S4QIEIMBVGKLW,59495,https://web.archive.org/web/20250831163343id_/http://clash.y0.pl/wp-content/uploads/2017/12/armata.png
http://clash.y0.pl/wp-content/uploads/2017/12/cezka_jazda.png,http://clash.y0.pl/wp-content/uploads/2017/12/cezka_jazda.png,20250831163024,20250831163024,2,image/png,GJ6G34ZWDSM4DPE4EVMARFASYEYSE5AN,60065,https://web.archive.org/web/20250831163024id_/http://clash.y0.pl/wp-content/uploads/2017/12/cezka_jazda.png
http://clash.y0.pl/wp-content/uploads/2017/12/ciezka_piechota.png,http://clash.y0.pl/wp-content/uploads/2017/12/ciezka_piechota.png,20250831162132,20250831162132,2,image/png,GSUBFXBQEX7DVDUPO7OLOVQMXB44Q3JI,59216,https://web.archive.org/web/20250831162132id_/http://clash.y0.pl/wp-content/uploads/2017/12/ciezka_piechota.png
http://clash.y0.pl/wp-content/uploads/2017/12/clash-1.jpg,http://clash.y0.pl/wp-content/uploads/2017/12/clash-1.jpg,20250831160703,20250831160703,2,image/jpeg,QVZLF7IJIAHVMT4NVTZBGWVRPGWC73LW,14168,https://web.archive.org/web/20250831160703id_/http://clash.y0.pl/wp-content/uploads/2017/12/clash-1.jpg
http://clash.y0.pl/wp-content/uploads/2017/12/cyklop.png,http://clash.y0.pl/wp-content/uploads/2017/12/cyklop.png,20250831163132,20250831163132,2,image/png,DWNTKBBQCCHXX6ZX7YZSRJV2CPDNP3OK,59640,https://web.archive.org/web/20250831163132id_/http://clash.y0.pl/wp-content/uploads/2017/12/cyklop.png
http://clash.y0.pl/wp-content/uploads/2017/12/czerw.png,http://clash.y0.pl/wp-content/uploads/2017/12/czerw.png,20250831162809,20250831162809,2,image/png,WQA3SYTM4D4VO7HACSUWY7NCIQ6POIPC,61431,https://web.archive.org/web/20250831162809id_/http://clash.y0.pl/wp-content/uploads/2017/12/czerw.png
http://clash.y0.pl/wp-content/uploads/2017/12/dragon.png,http://clash.y0.pl/wp-content/uploads/2017/12/dragon.png,20250831163044,20250831163044,2,image/png,FBWODQAGHPZ3CVNAOG6SYTNIPGUZJYJC,59149,https://web.archive.org/web/20250831163044id_/http://clash.y0.pl/wp-content/uploads/2017/12/dragon.png
http://clash.y0.pl/wp-content/uploads/2017/12/drogi_i_mosty.png,http://clash.y0.pl/wp-content/uploads/2017/12/drogi_i_mosty.png,20250831165013,20250831165013,2,image/png,E72MFH3C3G5O6T6OR7VTO2P45G5W67FS,75024,https://web.archive.org/web/20250831165013id_/http://clash.y0.pl/wp-content/uploads/2017/12/drogi_i_mosty.png
http://clash.y0.pl/wp-content/uploads/2017/12/duch.png,http://clash.y0.pl/wp-content/uploads/2017/12/duch.png,20250831163443,20250831163443,2,image/png,3K2CVXDH3G2V6Y2O5XL6RKR46YKGB4QE,59308,https://web.archive.org/web/20250831163443id_/http://clash.y0.pl/wp-content/uploads/2017/12/duch.png
http://clash.y0.pl/wp-content/uploads/2017/12/goral.png,http://clash.y0.pl/wp-content/uploads/2017/12/goral.png,20250831162216,20250831162216,2,image/png,TNAZYMBEVXN47VZXGVQ6CCKSPQAGVRME,58912,https://web.archive.org/web/20250831162216id_/http://clash.y0.pl/wp-content/uploads/2017/12/goral.png
http://clash.y0.pl/wp-content/uploads/2017/12/halabardnik.png,http://clash.y0.pl/wp-content/uploads/2017/12/halabardnik.png,20250831162103,20250831162103,2,image/png,OTMMFPNSJIWT44KMPYJKJAEI2CTXJQY2,59168,https://web.archive.org/web/20250831162103id_/http://clash.y0.pl/wp-content/uploads/2017/12/halabardnik.png
http://clash.y0.pl/wp-content/uploads/2017/12/katapulta.png,http://clash.y0.pl/wp-content/uploads/2017/12/katapulta.png,20250831163256,20250831163256,2,image/png,JWTYO6D7PY73ZH6YD5KST3OOTIW62377,60469,https://web.archive.org/web/20250831163256id_/http://clash.y0.pl/wp-content/uploads/2017/12/katapulta.png
http://clash.y0.pl/wp-content/uploads/2017/12/kusznik.png,http://clash.y0.pl/wp-content/uploads/2017/12/kusznik.png,20250831162540,20250831162540,2,image/png,YY7IHOUXIAKES4IMXNBRH6L2VXZH62XM,59419,https://web.archive.org/web/20250831162540id_/http://clash.y0.pl/wp-content/uploads/2017/12/kusznik.png
http://clash.y0.pl/wp-content/uploads/2017/12/lekka_jazda.png,http://clash.y0.pl/wp-content/uploads/2017/12/lekka_jazda.png,20250831162250,20250831162250,2,image/png,44OW6AWHMLHG5LNK4ZMOC5MVKKEVSOHR,60036,https://web.archive.org/web/20250831162250id_/http://clash.y0.pl/wp-content/uploads/2017/12/lekka_jazda.png
http://clash.y0.pl/wp-content/uploads/2017/12/lekka_piechota.png,http://clash.y0.pl/wp-content/uploads/2017/12/lekka_piechota.png,20250831162018,20250831162018,2,image/png,I6RC42TUMX6BZFZYQNOYOLZAXK74MTEG,58988,https://web.archive.org/web/20250831162018id_/http://clash.y0.pl/wp-content/uploads/2017/12/lekka_piechota.png
http://clash.y0.pl/wp-content/uploads/2017/12/lesnik.png,http://clash.y0.pl/wp-content/uploads/2017/12/lesnik.png,20250831162510,20250831162510,2,image/png,Z46XYWGWCXVHK2XHCH2BYLOZBRJYL6JC,59128,https://web.archive.org/web/20250831162510id_/http://clash.y0.pl/wp-content/uploads/2017/12/lesnik.png
http://clash.y0.pl/wp-content/uploads/2017/12/lucznik.png,http://clash.y0.pl/wp-content/uploads/2017/12/lucznik.png,20250831162432,20250831162432,2,image/png,MPJV6ZBBHTE7GHB4MGRWEDB3ZH54NN7Z,58966,https://web.archive.org/web/20250831162432id_/http://clash.y0.pl/wp-content/uploads/2017/12/lucznik.png
http://clash.y0.pl/wp-content/uploads/2017/12/mag.png,http://clash.y0.pl/wp-content/uploads/2017/12/mag.png,20250831163655,20250831163655,2,image/png,AYNPPEZ4PHZMVCX5GWKJBI5NAGA5F5GP,59421,https://web.archive.org/web/20250831163655id_/http://clash.y0.pl/wp-content/uploads/2017/12/mag.png
http://clash.y0.pl/wp-content/uploads/2017/12/most.png,http://clash.y0.pl/wp-content/uploads/2017/12/most.png,20250831165016,20250831165016,2,image/png,TCC75IPWUZ5N4XJGFGUFIIZ5TYEULPYP,117739,https://web.archive.org/web/20250831165016id_/http://clash.y0.pl/wp-content/uploads/2017/12/most.png
http://clash.y0.pl/wp-content/uploads/2017/12/muszkieter.png,http://clash.y0.pl/wp-content/uploads/2017/12/muszkieter.png,20250831163230,20250831163230,2,image/png,6S2ZCMMVVABRSYQKHQBGIRCCQJUUQ35S,59051,https://web.archive.org/web/20250831163230id_/http://clash.y0.pl/wp-content/uploads/2017/12/muszkieter.png
http://clash.y0.pl/wp-content/uploads/2017/12/orzel.png,http://clash.y0.pl/wp-content/uploads/2017/12/orzel.png,20250831162702,20250831162702,2,image/png,NFZN6UVVMQ773LDFTXFVRBRJ3L4MVUNB,59365,https://web.archive.org/web/20250831162702id_/http://clash.y0.pl/wp-content/uploads/2017/12/orzel.png
http://clash.y0.pl/wp-content/uploads/2017/12/pegaz.png,http://clash.y0.pl/wp-content/uploads/2017/12/pegaz.png,20250831163536,20250831163536,2,image/png,PCAT3S72NDLBRIUZ7A4WY3WEVMTTQUQO,89226,https://web.archive.org/web/20250831163536id_/http://clash.y0.pl/wp-content/uploads/2017/12/pegaz.png
http://clash.y0.pl/wp-content/uploads/2017/12/pulapka.png,http://clash.y0.pl/wp-content/uploads/2017/12/pulapka.png,20250831161207,20250831161207,2,image/png,LJSRVGH367BWP4ILEGOMNQUOVUPXFLQA,58048,https://web.archive.org/web/20250831161207id_/http://clash.y0.pl/wp-content/uploads/2017/12/pulapka.png
http://clash.y0.pl/wp-content/uploads/2017/12/rycerstwo.png,http://clash.y0.pl/wp-content/uploads/2017/12/rycerstwo.png,20250831162411,20250831162411,2,image/png,FWHWYTAM55E3OQBGBF47EPNUSZPGGXEB,60281,https://web.archive.org/web/20250831162411id_/http://clash.y0.pl/wp-content/uploads/2017/12/rycerstwo.png
http://clash.y0.pl/wp-content/uploads/2017/12/skorpion.png,http://clash.y0.pl/wp-content/uploads/2017/12/skorpion.png,20250831162746,20250831162746,2,image/png,EHPJAXJYAWL5ME5ENTTI3OSQ2RUBRSNG,60799,https://web.archive.org/web/20250831162746id_/http://clash.y0.pl/wp-content/uploads/2017/12/skorpion.png
http://clash.y0.pl/wp-content/uploads/2017/12/skrzydlak.png,http://clash.y0.pl/wp-content/uploads/2017/12/skrzydlak.png,20250831163616,20250831163616,2,image/png,EO2AMSU7FRQT2P6ZIPWRL5XFRXPY23RK,59160,https://web.archive.org/web/20250831163616id_/http://clash.y0.pl/wp-content/uploads/2017/12/skrzydlak.png
http://clash.y0.pl/wp-content/uploads/2017/12/slon.png,http://clash.y0.pl/wp-content/uploads/2017/12/slon.png,20250831162926,20250831162926,2,image/png,6IDG6ERB45MLN22LHSEHBRNAORI4YS6X,59413,https://web.archive.org/web/20250831162926id_/http://clash.y0.pl/wp-content/uploads/2017/12/slon.png
http://clash.y0.pl/wp-content/uploads/2017/12/smok.png,http://clash.y0.pl/wp-content/uploads/2017/12/smok.png,20250831163630,20250831163630,2,image/png,IMAV34ZMZATFHIDOL37L33KMOKFJ6E7M,103605,https://web.archive.org/web/20250831163630id_/http://clash.y0.pl/wp-content/uploads/2017/12/smok.png
http://clash.y0.pl/wp-content/uploads/2017/12/szkielet.png,http://clash.y0.pl/wp-content/uploads/2017/12/szkielet.png,20250831163606,20250831163606,2,image/png,UWHWGQGEPY4U2U4UULUEYF77D5GHMR6N,59657,https://web.archive.org/web/20250831163606id_/http://clash.y0.pl/wp-content/uploads/2017/12/szkielet.png
http://clash.y0.pl/wp-content/uploads/2017/12/taran.png,http://clash.y0.pl/wp-content/uploads/2017/12/taran.png,20250831162636,20250831162636,2,image/png,ZL5M5CYGZ46VJZIU2BBJ7GRFUHTQKR3P,59846,https://web.archive.org/web/20250831162636id_/http://clash.y0.pl/wp-content/uploads/2017/12/taran.png
http://clash.y0.pl/wp-content/uploads/2017/12/troll.png,http://clash.y0.pl/wp-content/uploads/2017/12/troll.png,20250831162843,20250831162843,2,image/png,FWJOCH2YYU34L6HBUP6W4FRQCYCBJXUO,60684,https://web.archive.org/web/20250831162843id_/http://clash.y0.pl/wp-content/uploads/2017/12/troll.png
http://clash.y0.pl/wp-content/uploads/2017/12/wazka.png,http://clash.y0.pl/wp-content/uploads/2017/12/wazka.png,20250831162339,20250831162339,2,image/png,YLU5ABV36G4QSKM7GNMWWTELIYE4KNSJ,59670,https://web.archive.org/web/20250831162339id_/http://clash.y0.pl/wp-content/uploads/2017/12/wazka.png
http://clash.y0.pl/wp-includes/css/dist/block-library/style.min.css?ver=6.3.2,http://clash.y0.pl/wp-includes/css/dist/block-library/style.min.css?ver=6.3.2,20250831161135,20250831161135,2,text/css,IFGEDXL4TU4EHFA4XZXPHLXUYVW776D5,15980,https://web.archive.org/web/20250831161135id_/http://clash.y0.pl/wp-includes/css/dist/block-library/style.min.css?ver=6.3.2
http://clash.y0.pl/wp-includes/css/dist/block-library/style.min.css?ver=6.6.1,http://clash.y0.pl/wp-includes/css/dist/block-library/style.min.css?ver=6.6.1,20250831170947,20250831170947,2,text/css,IFGEDXL4TU4EHFA4XZXPHLXUYVW776D5,15974,https://web.archive.org/web/20250831170947id_/http://clash.y0.pl/wp-includes/css/dist/block-library/style.min.css?ver=6.6.1
http://clash.y0.pl/wp-includes/css/dist/block-library/style.min.css?ver=6.6.2,http://clash.y0.pl/wp-includes/css/dist/block-library/style.min.css?ver=6.6.2,20250831160702,20250831160702,2,text/css,IFGEDXL4TU4EHFA4XZXPHLXUYVW776D5,15976,https://web.archive.org/web/20250831160702id_/http://clash.y0.pl/wp-includes/css/dist/block-library/style.min.css?ver=6.6.2
http://clash.y0.pl/wp-includes/css/dist/block-library/style.min.css?ver=6.7.1,http://clash.y0.pl/wp-includes/css/dist/block-library/style.min.css?ver=6.7.1,20250831170457,20250831170457,2,text/css,IFGEDXL4TU4EHFA4XZXPHLXUYVW776D5,15977,https://web.archive.org/web/20250831170457id_/http://clash.y0.pl/wp-includes/css/dist/block-library/style.min.css?ver=6.7.1
http://clash.y0.pl/wp-includes/js/hoverIntent.min.js?ver=1.10.2,http://clash.y0.pl/wp-includes/js/hoverIntent.min.js?ver=1.10.2,20250831161200,20250831161200,2,text/javascript,ZJZVR363NBJM7N4OYMRYH2XPCWWGZNQ3,1404,https://web.archive.org/web/20250831161200id_/http://clash.y0.pl/wp-includes/js/hoverIntent.min.js?ver=1.10.2
http://clash.y0.pl/wp-includes/js/jquery/jquery-migrate.min.js?ver=3.4.1,http://clash.y0.pl/wp-includes/js/jquery/jquery-migrate.min.js?ver=3.4.1,20250831160702,20250831160702,2,text/javascript,I4WCNDLWY44HEAMN22IFSWJWRFO3O5E3,5623,https://web.archive.org/web/20250831160702id_/http://clash.y0.pl/wp-includes/js/jquery/jquery-migrate.min.js?ver=3.4.1
http://clash.y0.pl/wp-includes/js/jquery/jquery.min.js?ver=3.7.0,http://clash.y0.pl/wp-includes/js/jquery/jquery.min.js?ver=3.7.0,20250831161134,20250831161134,2,text/javascript,FJJNJIJ5MAS3CFWH4JTQ3DYVWADTCEAM,31126,https://web.archive.org/web/20250831161134id_/http://clash.y0.pl/wp-includes/js/jquery/jquery.min.js?ver=3.7.0
http://clash.y0.pl/wp-includes/js/jquery/jquery.min.js?ver=3.7.1,http://clash.y0.pl/wp-includes/js/jquery/jquery.min.js?ver=3.7.1,20250831170456,20250831170456,2,text/javascript,FJJNJIJ5MAS3CFWH4JTQ3DYVWADTCEAM,31126,https://web.archive.org/web/20250831170456id_/http://clash.y0.pl/wp-includes/js/jquery/jquery.min.js?ver=3.7.1
http://clash.y0.pl/wp-includes/wlwmanifest.xml,http://clash.y0.pl:80/wp-includes/wlwmanifest.xml,20180813065339,20180813065339,2,application/xml,Z4ZPZP7W5ZKAGNNYLC2PTSYE2ZS5V4A2,735,https://web.archive.org/web/20180813065339id_/http://clash.y0.pl:80/wp-includes/wlwmanifest.xml
http://clash.y0.pl/wp-json/,http://clash.y0.pl:80/wp-json/,20180813065345,20180813065345,2,application/json,RHBR44VFTXFYMQDLI4ZUUM4W7J6OKOMD,5175,https://web.archive.org/web/20180813065345id_/http://clash.y0.pl:80/wp-json/
http://clash.y0.pl/wprowadzenie/,http://clash.y0.pl/wprowadzenie/,20191112221901,20191112221901,2,text/html,H4E4ICPGFHXOPGZZZXZ5JAZBMETQI77W,8962,https://web.archive.org/web/20191112221901id_/http://clash.y0.pl/wprowadzenie/
http://clash.y0.pl/xmlrpc.php?rsd=,http://clash.y0.pl:80/xmlrpc.php?rsd,20180813065350,20180813065350,2,text/xml,IYVVIB7JSXB2SNZJEUG67AIIBLQBBLWG,641,https://web.archive.org/web/20180813065350id_/http://clash.y0.pl:80/xmlrpc.php?rsd
http://clash.y0.pl/zamki-i-twierdze/,http://clash.y0.pl:80/zamki-i-twierdze/,20180813064812,20180813064812,2,text/html,M7D724W6SUTYNGJMSKKLUYIQGMMLN7BB,7278,https://web.archive.org/web/20180813064812id_/http://clash.y0.pl:80/zamki-i-twierdze/
http://clash.y0.pl/zasadzka/,http://clash.y0.pl:80/zasadzka/,20180813065355,20180813065355,2,text/html,AQPKO6E5GF5PNIH2VPKVAPHINKZTLKI7,6126,https://web.archive.org/web/20180813065355id_/http://clash.y0.pl:80/zasadzka/
http://clash.y0.pl/zmeczenie/,http://clash.y0.pl:80/zmeczenie/,20180813065400,20180813065400,2,text/html,D6HFAPDRTN2M75GSIB6FXBTZ7NC43OCS,6735,https://web.archive.org/web/20180813065400id_/http://clash.y0.pl:80/zmeczenie/
http://forum.clash.y0.pl/,http://forum.clash.y0.pl:80/,20180806153112,20180806153112,1,text/html,ISRF6EWDWFLQWLFKNHXCWXKZHBAG3A5N,3568,https://web.archive.org/web/20180806153112id_/http://forum.clash.y0.pl:80/
http://forum.clash.y0.pl/app.php/cron/cron.task.core.prune_notifications,http://forum.clash.y0.pl/app.php/cron/cron.task.core.prune_notifications?sid=753faf72713ca4b05e98765e5d2c9166,20250831175515,20250831175515,1,image/gif,FWXKVC27DHYLYIE5S5WAFPLKZNI3ACYK,733,https://web.archive.org/web/20250831175515id_/http://forum.clash.y0.pl/app.php/cron/cron.task.core.prune_notifications?sid=753faf72713ca4b05e98765e5d2c9166
http://forum.clash.y0.pl/app.php/cron/cron.task.core.tidy_search,http://forum.clash.y0.pl/app.php/cron/cron.task.core.tidy_search?sid=5e7713f60d302b937db1be25cdc860f0&sid=5f6e9934afb82895046b65e07d8aa773,20260607142546,20260607142546,1,image/gif,FWXKVC27DHYLYIE5S5WAFPLKZNI3ACYK,755,https://web.archive.org/web/20260607142546id_/http://forum.clash.y0.pl/app.php/cron/cron.task.core.tidy_search?sid=5e7713f60d302b937db1be25cdc860f0&sid=5f6e9934afb82895046b65e07d8aa773
http://forum.clash.y0.pl/app.php/cron/cron.task.core.tidy_warnings,http://forum.clash.y0.pl/app.php/cron/cron.task.core.tidy_warnings?sid=4cdf6efbc1f754b0f18dc15cd9704d56,20250831173209,20250831173209,1,image/gif,FWXKVC27DHYLYIE5S5WAFPLKZNI3ACYK,728,https://web.archive.org/web/20250831173209id_/http://forum.clash.y0.pl/app.php/cron/cron.task.core.tidy_warnings?sid=4cdf6efbc1f754b0f18dc15cd9704d56
http://forum.clash.y0.pl/app.php/help/faq,http://forum.clash.y0.pl/app.php/help/faq,20191212002403,20191212002403,1,text/html,74LTTR3JO3QID4FXD4DOMPOX4U2W4VPW,17386,https://web.archive.org/web/20191212002403id_/http://forum.clash.y0.pl/app.php/help/faq
http://forum.clash.y0.pl/app.php/user/delete_cookies,http://forum.clash.y0.pl/app.php/user/delete_cookies?sid=7b4a2e621b004cf1ba9b87f7b06d9593,20241007193117,20241007193117,1,text/html,VVRZYKVHAHU3JMY3PKN77DAB4WMH5TPH,3510,https://web.archive.org/web/20241007193117id_/http://forum.clash.y0.pl/app.php/user/delete_cookies?sid=7b4a2e621b004cf1ba9b87f7b06d9593
http://forum.clash.y0.pl/app.php/user/forgot_password,http://forum.clash.y0.pl/app.php/user/forgot_password,20200814014338,20200814014338,1,text/html,3TCWCCFAYWVNZ2EMMLT4OPHIQYKBESUN,3977,https://web.archive.org/web/20200814014338id_/http://forum.clash.y0.pl/app.php/user/forgot_password
http://forum.clash.y0.pl/assets/css/font-awesome.min.css?assets_version=111,http://forum.clash.y0.pl/assets/css/font-awesome.min.css?assets_version=111,20250831181908,20250831181908,1,text/css,7WAJC6XVG4OI5SWQDGCZFIPHZTSLO6YO,7798,https://web.archive.org/web/20250831181908id_/http://forum.clash.y0.pl/assets/css/font-awesome.min.css?assets_version=111
http://forum.clash.y0.pl/assets/css/font-awesome.min.css?assets_version=18,http://forum.clash.y0.pl/assets/css/font-awesome.min.css?assets_version=18,20260614233345,20260614233345,1,text/css,7WAJC6XVG4OI5SWQDGCZFIPHZTSLO6YO,7799,https://web.archive.org/web/20260614233345id_/http://forum.clash.y0.pl/assets/css/font-awesome.min.css?assets_version=18
http://forum.clash.y0.pl/assets/css/font-awesome.min.css?assets_version=40,http://forum.clash.y0.pl/assets/css/font-awesome.min.css?assets_version=40,20260607142454,20260607142454,1,text/css,7WAJC6XVG4OI5SWQDGCZFIPHZTSLO6YO,7797,https://web.archive.org/web/20260607142454id_/http://forum.clash.y0.pl/assets/css/font-awesome.min.css?assets_version=40
http://forum.clash.y0.pl/assets/css/font-awesome.min.css?assets_version=85,http://forum.clash.y0.pl/assets/css/font-awesome.min.css?assets_version=85,20250831173209,20250831173209,1,text/css,7WAJC6XVG4OI5SWQDGCZFIPHZTSLO6YO,7799,https://web.archive.org/web/20250831173209id_/http://forum.clash.y0.pl/assets/css/font-awesome.min.css?assets_version=85
http://forum.clash.y0.pl/assets/css/font-awesome.min.css?assets_version=88,http://forum.clash.y0.pl/assets/css/font-awesome.min.css?assets_version=88,20250831175617,20250831175617,1,text/css,7WAJC6XVG4OI5SWQDGCZFIPHZTSLO6YO,7798,https://web.archive.org/web/20250831175617id_/http://forum.clash.y0.pl/assets/css/font-awesome.min.css?assets_version=88
http://forum.clash.y0.pl/assets/fonts/fontawesome-webfont.woff2?v=4.7.0,http://forum.clash.y0.pl/assets/fonts/fontawesome-webfont.woff2?v=4.7.0,20250831181005,20250831181005,1,font/woff2,232IZOT5A5X3N4X5NOUZHJ23TXA6ZPYM,77845,https://web.archive.org/web/20250831181005id_/http://forum.clash.y0.pl/assets/fonts/fontawesome-webfont.woff2?v=4.7.0
http://forum.clash.y0.pl/assets/fonts/fontawesome-webfont.woff?v=4.7.0,http://forum.clash.y0.pl/assets/fonts/fontawesome-webfont.woff?v=4.7.0,20250831181010,20250831181010,1,font/woff,FC3YEJALHZ3NXASOCLACOVFJOMNBM5JH,98571,https://web.archive.org/web/20250831181010id_/http://forum.clash.y0.pl/assets/fonts/fontawesome-webfont.woff?v=4.7.0
http://forum.clash.y0.pl/assets/javascript/core.js?assets_version=111,http://forum.clash.y0.pl/assets/javascript/core.js?assets_version=111,20250831181908,20250831181908,1,text/javascript,ZG3BUL2NGCWWZHUJ7I6BNFBCW3VCBL3I,14970,https://web.archive.org/web/20250831181908id_/http://forum.clash.y0.pl/assets/javascript/core.js?assets_version=111
http://forum.clash.y0.pl/assets/javascript/core.js?assets_version=85,http://forum.clash.y0.pl/assets/javascript/core.js?assets_version=85,20250831173212,20250831173212,1,text/javascript,ZG3BUL2NGCWWZHUJ7I6BNFBCW3VCBL3I,14967,https://web.archive.org/web/20250831173212id_/http://forum.clash.y0.pl/assets/javascript/core.js?assets_version=85
http://forum.clash.y0.pl/assets/javascript/core.js?assets_version=88,http://forum.clash.y0.pl/assets/javascript/core.js?assets_version=88,20250831180529,20250831180529,1,text/javascript,ZG3BUL2NGCWWZHUJ7I6BNFBCW3VCBL3I,14969,https://web.archive.org/web/20250831180529id_/http://forum.clash.y0.pl/assets/javascript/core.js?assets_version=88
http://forum.clash.y0.pl/assets/javascript/jquery-3.7.1.min.js?assets_version=111,http://forum.clash.y0.pl/assets/javascript/jquery-3.7.1.min.js?assets_version=111,20250831181908,20250831181908,1,text/javascript,VTLOOGJANKQMUEMTSL3MAT64G6EHNRCF,31128,https://web.archive.org/web/20250831181908id_/http://forum.clash.y0.pl/assets/javascript/jquery-3.7.1.min.js?assets_version=111
http://forum.clash.y0.pl/assets/javascript/jquery-3.7.1.min.js?assets_version=88,http://forum.clash.y0.pl/assets/javascript/jquery-3.7.1.min.js?assets_version=88,20250831180527,20250831180527,1,text/javascript,VTLOOGJANKQMUEMTSL3MAT64G6EHNRCF,31126,https://web.archive.org/web/20250831180527id_/http://forum.clash.y0.pl/assets/javascript/jquery-3.7.1.min.js?assets_version=88
http://forum.clash.y0.pl/download/file.php?avatar=2_1513884121.jpg,http://forum.clash.y0.pl/download/file.php?avatar=2_1513884121.jpg,20250831175618,20250831175618,1,image/jpeg,FJ4Q5LW2PGXRMOV6JJD3TADPG26GBDF5,2899,https://web.archive.org/web/20250831175618id_/http://forum.clash.y0.pl/download/file.php?avatar=2_1513884121.jpg
http://forum.clash.y0.pl/images/icons/misc/fire.gif,http://forum.clash.y0.pl/images/icons/misc/fire.gif,20250831175808,20250831175808,1,image/gif,ROOFGFIYO3VEBVQY56ABGU63WAV7PNRZ,2049,https://web.archive.org/web/20250831175808id_/http://forum.clash.y0.pl/images/icons/misc/fire.gif
http://forum.clash.y0.pl/images/smilies/icon_e_biggrin.gif,http://forum.clash.y0.pl/images/smilies/icon_e_biggrin.gif,20250831180453,20250831180453,1,image/gif,TWQM4BXGEUZ2JYU67ZLAZGJGVMSWN2SH,1118,https://web.archive.org/web/20250831180453id_/http://forum.clash.y0.pl/images/smilies/icon_e_biggrin.gif
http://forum.clash.y0.pl/images/smilies/icon_e_geek.gif,http://forum.clash.y0.pl/images/smilies/icon_e_geek.gif,20250831180453,20250831180453,1,image/gif,LK25VONCWEGNUCDZ2NVUPFF7N4HQXN54,1100,https://web.archive.org/web/20250831180453id_/http://forum.clash.y0.pl/images/smilies/icon_e_geek.gif
http://forum.clash.y0.pl/images/smilies/icon_e_sad.gif,http://forum.clash.y0.pl/images/smilies/icon_e_sad.gif,20250831180506,20250831180506,1,image/gif,33EJOWGVZW3K6Z2GOTOQ5RP7HUKJ3FED,1119,https://web.archive.org/web/20250831180506id_/http://forum.clash.y0.pl/images/smilies/icon_e_sad.gif
http://forum.clash.y0.pl/images/smilies/icon_e_surprised.gif,http://forum.clash.y0.pl/images/smilies/icon_e_surprised.gif,20250831180453,20250831180453,1,image/gif,GN7G5TMCSC42PIQWIW6O34HHBVYAMW5V,1049,https://web.archive.org/web/20250831180453id_/http://forum.clash.y0.pl/images/smilies/icon_e_surprised.gif
http://forum.clash.y0.pl/images/smilies/icon_e_wink.gif,http://forum.clash.y0.pl/images/smilies/icon_e_wink.gif,20250831180453,20250831180453,1,image/gif,LVI3T4U4KPYIMMSHWDU2J6VGLEASSMWR,1084,https://web.archive.org/web/20250831180453id_/http://forum.clash.y0.pl/images/smilies/icon_e_wink.gif
http://forum.clash.y0.pl/images/smilies/icon_mrgreen.gif,http://forum.clash.y0.pl/images/smilies/icon_mrgreen.gif,20250831180506,20250831180506,1,image/gif,IQXELHC45VC4W4HIUBPHPYD45JX64SJI,1060,https://web.archive.org/web/20250831180506id_/http://forum.clash.y0.pl/images/smilies/icon_mrgreen.gif
http://forum.clash.y0.pl/images/smilies/icon_twisted.gif,http://forum.clash.y0.pl/images/smilies/icon_twisted.gif,20250831180453,20250831180453,1,image/gif,P7BNTT3QDUWCYITSSI4BOLS35A2AKBR7,1123,https://web.archive.org/web/20250831180453id_/http://forum.clash.y0.pl/images/smilies/icon_twisted.gif
http://forum.clash.y0.pl/index.php,http://forum.clash.y0.pl:80/index.php,20180806125303,20180806125303,1,text/html,E7UU3J7DW5WRRBBUMVBSCOQYNSAW6EGA,3573,https://web.archive.org/web/20180806125303id_/http://forum.clash.y0.pl:80/index.php
http://forum.clash.y0.pl/memberlist.php?mode=contactadmin,http://forum.clash.y0.pl/memberlist.php?mode=contactadmin,20191212004937,20210423054116,2,text/html,CYN2KOQMGEHELGHEDOIIPQYJWQRK4CDW,4704,https://web.archive.org/web/20191212004937id_/http://forum.clash.y0.pl/memberlist.php?mode=contactadmin
http://forum.clash.y0.pl/memberlist.php?mode=team,http://forum.clash.y0.pl/memberlist.php?mode=team,20191212002630,20191212002630,1,text/html,ROTLICUE7AT2ATRDHEY6VTQS44STLH23,4978,https://web.archive.org/web/20191212002630id_/http://forum.clash.y0.pl/memberlist.php?mode=team
http://forum.clash.y0.pl/memberlist.php?mode=viewprofile&u=101,http://forum.clash.y0.pl/memberlist.php?mode=viewprofile&u=101,20191212004832,20240908152221,2,text/html,CLHZJYFY7G7BGR6XJ6EY3PLGG5TZ2ELI,4972,https://web.archive.org/web/20191212004832id_/http://forum.clash.y0.pl/memberlist.php?mode=viewprofile&u=101
http://forum.clash.y0.pl/memberlist.php?mode=viewprofile&u=1023,http://forum.clash.y0.pl/memberlist.php?mode=viewprofile&u=1023,20200814014225,20200814014225,1,text/html,RBMGT6G33TTZIDPHDE5CXHM4VGLI6RHE,4444,https://web.archive.org/web/20200814014225id_/http://forum.clash.y0.pl/memberlist.php?mode=viewprofile&u=1023
http://forum.clash.y0.pl/memberlist.php?mode=viewprofile&u=128,http://forum.clash.y0.pl/memberlist.php?mode=viewprofile&u=128&sid=d02d4cf7b1ff50dd75555b1edc556ce9,20240614045819,20240614045819,1,text/html,WSLVRMRYKCTLGG3OI65BAXYGUIPU5P4J,4221,https://web.archive.org/web/20240614045819id_/http://forum.clash.y0.pl/memberlist.php?mode=viewprofile&u=128&sid=d02d4cf7b1ff50dd75555b1edc556ce9
http://forum.clash.y0.pl/memberlist.php?mode=viewprofile&u=152,http://forum.clash.y0.pl/memberlist.php?mode=viewprofile&u=152,20191212011951,20191212011951,1,text/html,WUX5NNRU5S6ABR6C5T56RW4GGNLGJ4KO,4965,https://web.archive.org/web/20191212011951id_/http://forum.clash.y0.pl/memberlist.php?mode=viewprofile&u=152
http://forum.clash.y0.pl/memberlist.php?mode=viewprofile&u=167,http://forum.clash.y0.pl/memberlist.php?mode=viewprofile&u=167&sid=f75d7838fe56b8f0f94bf6ecff70b1ff,20210423043040,20210423043040,1,text/html,W5VTLXMFRTURNVYTP66L4YXPT7LJLMCC,4482,https://web.archive.org/web/20210423043040id_/http://forum.clash.y0.pl/memberlist.php?mode=viewprofile&u=167&sid=f75d7838fe56b8f0f94bf6ecff70b1ff
http://forum.clash.y0.pl/memberlist.php?mode=viewprofile&u=181,http://forum.clash.y0.pl/memberlist.php?mode=viewprofile&u=181&sid=6c65241fb6541e4eaee3a8c44883cd84,20240303094433,20240303094433,1,text/html,SDCDBUH27NTJZRLKUC2QF6CJBNNOUPLF,4493,https://web.archive.org/web/20240303094433id_/http://forum.clash.y0.pl/memberlist.php?mode=viewprofile&u=181&sid=6c65241fb6541e4eaee3a8c44883cd84
http://forum.clash.y0.pl/memberlist.php?mode=viewprofile&u=2,http://forum.clash.y0.pl/memberlist.php?mode=viewprofile&u=2,20191212015354,20210423055108,2,text/html,C7CKTOR5EPUDM24X4ZPGGFT2XDM6ASEV,4964,https://web.archive.org/web/20191212015354id_/http://forum.clash.y0.pl/memberlist.php?mode=viewprofile&u=2
http://forum.clash.y0.pl/memberlist.php?mode=viewprofile&u=2148,http://forum.clash.y0.pl/memberlist.php?mode=viewprofile&u=2148&sid=76cbc0bf46a9b004d2dbbc61b46a0ffc,20240422122156,20240422122156,1,text/html,Q4VL7YXH7V3BSG7CH6YQGZEIIQXAVTIQ,4535,https://web.archive.org/web/20240422122156id_/http://forum.clash.y0.pl/memberlist.php?mode=viewprofile&u=2148&sid=76cbc0bf46a9b004d2dbbc61b46a0ffc
http://forum.clash.y0.pl/memberlist.php?mode=viewprofile&u=2176,http://forum.clash.y0.pl/memberlist.php?mode=viewprofile&u=2176&sid=d2ccbf92460dea3ffb362e89f6712a85,20231129053010,20231129053010,1,text/html,VQ53TWOQQXQVK2SULNODELWOONIUUWJT,4513,https://web.archive.org/web/20231129053010id_/http://forum.clash.y0.pl/memberlist.php?mode=viewprofile&u=2176&sid=d2ccbf92460dea3ffb362e89f6712a85
http://forum.clash.y0.pl/memberlist.php?mode=viewprofile&u=2578,http://forum.clash.y0.pl/memberlist.php?mode=viewprofile&u=2578&sid=d2ccbf92460dea3ffb362e89f6712a85,20231129050431,20231129050431,1,text/html,J5AOWV7BKZ7PEGAJY4HANW2MXGXZOBCA,4512,https://web.archive.org/web/20231129050431id_/http://forum.clash.y0.pl/memberlist.php?mode=viewprofile&u=2578&sid=d2ccbf92460dea3ffb362e89f6712a85
http://forum.clash.y0.pl/memberlist.php?mode=viewprofile&u=2603,http://forum.clash.y0.pl/memberlist.php?mode=viewprofile&u=2603&sid=14099c2d9f16c351fce935ed15b3c544,20260413015051,20260413015051,1,text/html,R5NYTGTCHXYNFCCC2WGPAE455PQ244AJ,4613,https://web.archive.org/web/20260413015051id_/http://forum.clash.y0.pl/memberlist.php?mode=viewprofile&u=2603&sid=14099c2d9f16c351fce935ed15b3c544
http://forum.clash.y0.pl/memberlist.php?mode=viewprofile&u=2604,http://forum.clash.y0.pl/memberlist.php?mode=viewprofile&u=2604&sid=14099c2d9f16c351fce935ed15b3c544,20260413014452,20260413014452,1,text/html,XIBOXO6DT747FRJC543WSG4YSV4KGDLY,4616,https://web.archive.org/web/20260413014452id_/http://forum.clash.y0.pl/memberlist.php?mode=viewprofile&u=2604&sid=14099c2d9f16c351fce935ed15b3c544
http://forum.clash.y0.pl/memberlist.php?mode=viewprofile&u=2605,http://forum.clash.y0.pl/memberlist.php?mode=viewprofile&u=2605&sid=2474e96f867e675273f97480898885e8,20260513154955,20260513154955,1,text/html,RGQ2VJMFAPUVA4T5RMKE72ZREZ2I55CJ,4616,https://web.archive.org/web/20260513154955id_/http://forum.clash.y0.pl/memberlist.php?mode=viewprofile&u=2605&sid=2474e96f867e675273f97480898885e8
http://forum.clash.y0.pl/memberlist.php?mode=viewprofile&u=48,http://forum.clash.y0.pl/memberlist.php?mode=viewprofile&u=48,20191212010942,20210423052332,2,text/html,TSIVISC7HECEZ5W2PGKGY5BMGD7XM3RM,4964,https://web.archive.org/web/20191212010942id_/http://forum.clash.y0.pl/memberlist.php?mode=viewprofile&u=48
http://forum.clash.y0.pl/memberlist.php?mode=viewprofile&u=50,http://forum.clash.y0.pl/memberlist.php?mode=viewprofile&u=50,20191212013740,20191212013740,1,text/html,4IE56LBD4UB6OLEXBASBCOCIVKFQUHKR,4966,https://web.archive.org/web/20191212013740id_/http://forum.clash.y0.pl/memberlist.php?mode=viewprofile&u=50
http://forum.clash.y0.pl/memberlist.php?mode=viewprofile&u=52,http://forum.clash.y0.pl/memberlist.php?mode=viewprofile&u=52,20191212002645,20210423043855,2,text/html,OETXOIZCNAFNLPSJM3WIZ6BYBMPCCMXW,4970,https://web.archive.org/web/20191212002645id_/http://forum.clash.y0.pl/memberlist.php?mode=viewprofile&u=52
http://forum.clash.y0.pl/memberlist.php?mode=viewprofile&u=53,http://forum.clash.y0.pl/memberlist.php?mode=viewprofile&u=53,20191212002012,20191212002012,1,text/html,4FM5NXZUFKUAOEC7O3HQYEYLQGPVVZMB,4972,https://web.archive.org/web/20191212002012id_/http://forum.clash.y0.pl/memberlist.php?mode=viewprofile&u=53
http://forum.clash.y0.pl/memberlist.php?mode=viewprofile&u=55,http://forum.clash.y0.pl/memberlist.php?mode=viewprofile&u=55&sid=f75d7838fe56b8f0f94bf6ecff70b1ff,20210423050303,20210423050303,1,text/html,BX25QBXAF6VT2PPJI4XD7BUALYAGICVZ,4483,https://web.archive.org/web/20210423050303id_/http://forum.clash.y0.pl/memberlist.php?mode=viewprofile&u=55&sid=f75d7838fe56b8f0f94bf6ecff70b1ff
http://forum.clash.y0.pl/memberlist.php?mode=viewprofile&u=58,http://forum.clash.y0.pl/memberlist.php?mode=viewprofile&u=58,20191212011256,20191212011256,1,text/html,CFX2LMI63UVAMCC4SL3YOP4EZPBZI66J,4966,https://web.archive.org/web/20191212011256id_/http://forum.clash.y0.pl/memberlist.php?mode=viewprofile&u=58
http://forum.clash.y0.pl/memberlist.php?mode=viewprofile&u=59,http://forum.clash.y0.pl/memberlist.php?mode=viewprofile&u=59,20191212003514,20240612153454,2,text/html,KVL3D7OZ66WDBBU76UAZHS4776YHYRZS,4968,https://web.archive.org/web/20191212003514id_/http://forum.clash.y0.pl/memberlist.php?mode=viewprofile&u=59
http://forum.clash.y0.pl/memberlist.php?mode=viewprofile&u=62,http://forum.clash.y0.pl/memberlist.php?mode=viewprofile&u=62,20241014111353,20241014111353,1,text/html,7R43PM7E3EWTYCU3EV4YYJMVN3JPVCY6,4196,https://web.archive.org/web/20241014111353id_/http://forum.clash.y0.pl/memberlist.php?mode=viewprofile&u=62
http://forum.clash.y0.pl/memberlist.php?mode=viewprofile&u=629,http://forum.clash.y0.pl/memberlist.php?mode=viewprofile&u=629&sid=d02d4cf7b1ff50dd75555b1edc556ce9,20240614094829,20240614094829,1,text/html,WI7OC62AG2AQ3BEEC3X5QPTIZAQIDGZS,4216,https://web.archive.org/web/20240614094829id_/http://forum.clash.y0.pl/memberlist.php?mode=viewprofile&u=629&sid=d02d4cf7b1ff50dd75555b1edc556ce9
http://forum.clash.y0.pl/memberlist.php?mode=viewprofile&u=66,http://forum.clash.y0.pl/memberlist.php?mode=viewprofile&u=66&sid=bfb4a9bdd1ee4f5b8c7524bfdd5b8438,20210514154827,20210514154827,1,text/html,WDZNB4T2YUAZDXV2G63VEDBCTOQJSQFJ,4484,https://web.archive.org/web/20210514154827id_/http://forum.clash.y0.pl/memberlist.php?mode=viewprofile&u=66&sid=bfb4a9bdd1ee4f5b8c7524bfdd5b8438
http://forum.clash.y0.pl/memberlist.php?mode=viewprofile&u=67,http://forum.clash.y0.pl/memberlist.php?mode=viewprofile&u=67,20191212015429,20210423060259,2,text/html,E7XZLZPIS7Z65PJPFSON6MXOTZEYR5JB,4974,https://web.archive.org/web/20191212015429id_/http://forum.clash.y0.pl/memberlist.php?mode=viewprofile&u=67
http://forum.clash.y0.pl/memberlist.php?mode=viewprofile&u=73,http://forum.clash.y0.pl/memberlist.php?mode=viewprofile&u=73,20191212002123,20191212002123,1,text/html,GXUPC4RNTFVUPOBYJ7IME6TS7BQDZPUY,4971,https://web.archive.org/web/20191212002123id_/http://forum.clash.y0.pl/memberlist.php?mode=viewprofile&u=73
http://forum.clash.y0.pl/memberlist.php?mode=viewprofile&u=75,http://forum.clash.y0.pl/memberlist.php?mode=viewprofile&u=75,20191212005339,20191212005339,1,text/html,RZ4ULMO6LRTCMQUUU6DCHZMYRQCG2GTX,4974,https://web.archive.org/web/20191212005339id_/http://forum.clash.y0.pl/memberlist.php?mode=viewprofile&u=75
http://forum.clash.y0.pl/memberlist.php?mode=viewprofile&u=76,http://forum.clash.y0.pl/memberlist.php?mode=viewprofile&u=76&sid=72217aa2ac3dc063d0b91e5b4f50c5cc,20240621084142,20240621084142,1,text/html,VS5VBYXXTQAGBO6TJSBHKJDFOIH3Y32G,4221,https://web.archive.org/web/20240621084142id_/http://forum.clash.y0.pl/memberlist.php?mode=viewprofile&u=76&sid=72217aa2ac3dc063d0b91e5b4f50c5cc
http://forum.clash.y0.pl/memberlist.php?mode=viewprofile&u=77,http://forum.clash.y0.pl/memberlist.php?mode=viewprofile&u=77,20241014124337,20241014124337,1,text/html,RVLBMIF3GI7HBKWT2HBBB4ZARNZD4JYJ,4197,https://web.archive.org/web/20241014124337id_/http://forum.clash.y0.pl/memberlist.php?mode=viewprofile&u=77
http://forum.clash.y0.pl/memberlist.php?mode=viewprofile&u=78,http://forum.clash.y0.pl/memberlist.php?mode=viewprofile&u=78,20191212011950,20210423053224,2,text/html,PMNA36RXFHJPOVKH7YGGPTF4IKDJWITO,4970,https://web.archive.org/web/20191212011950id_/http://forum.clash.y0.pl/memberlist.php?mode=viewprofile&u=78
http://forum.clash.y0.pl/memberlist.php?mode=viewprofile&u=79,http://forum.clash.y0.pl/memberlist.php?mode=viewprofile&u=79,20200930094522,20200930094522,1,text/html,V5TM3L6TRHEGROXQ7USSXILXGKI5AXQI,4445,https://web.archive.org/web/20200930094522id_/http://forum.clash.y0.pl/memberlist.php?mode=viewprofile&u=79
http://forum.clash.y0.pl/memberlist.php?mode=viewprofile&u=81,http://forum.clash.y0.pl/memberlist.php?mode=viewprofile&u=81,20191212010903,20210423052254,2,text/html,NOMILUHNZG6LXLSNPBH5J7YUGQICIIVH,4968,https://web.archive.org/web/20191212010903id_/http://forum.clash.y0.pl/memberlist.php?mode=viewprofile&u=81
http://forum.clash.y0.pl/memberlist.php?mode=viewprofile&u=84,http://forum.clash.y0.pl/memberlist.php?mode=viewprofile&u=84,20191212013508,20191212013508,1,text/html,QLN76JX4E7ZOZXHO4BIUDHKU6QJB5OAH,4968,https://web.archive.org/web/20191212013508id_/http://forum.clash.y0.pl/memberlist.php?mode=viewprofile&u=84
http://forum.clash.y0.pl/memberlist.php?mode=viewprofile&u=85,http://forum.clash.y0.pl/memberlist.php?mode=viewprofile&u=85,20191212005649,20191212005649,1,text/html,YDARR42YSMYDVAFDOIVG6TANRDPEXWS5,4973,https://web.archive.org/web/20191212005649id_/http://forum.clash.y0.pl/memberlist.php?mode=viewprofile&u=85
http://forum.clash.y0.pl/memberlist.php?mode=viewprofile&u=86,http://forum.clash.y0.pl/memberlist.php?mode=viewprofile&u=86,20191212002619,20210423043643,2,text/html,SNCSCY7ZNFT3KYTDA2D2IS6LQSI4B5MR,4970,https://web.archive.org/web/20191212002619id_/http://forum.clash.y0.pl/memberlist.php?mode=viewprofile&u=86
http://forum.clash.y0.pl/memberlist.php?mode=viewprofile&u=91,http://forum.clash.y0.pl/memberlist.php?mode=viewprofile&u=91,20191212011218,20210925005000,2,text/html,XZLXXLEETVN6FGYPEINYKSHPUPF7O2MK,4966,https://web.archive.org/web/20191212011218id_/http://forum.clash.y0.pl/memberlist.php?mode=viewprofile&u=91
http://forum.clash.y0.pl/memberlist.php?mode=viewprofile&u=92,http://forum.clash.y0.pl/memberlist.php?mode=viewprofile&u=92,20191212003441,20210423045129,2,text/html,HESJBEGKYPZMPQJPMOHV52DRDD3HSQBB,4973,https://web.archive.org/web/20191212003441id_/http://forum.clash.y0.pl/memberlist.php?mode=viewprofile&u=92
http://forum.clash.y0.pl/memberlist.php?mode=viewprofile&u=93,http://forum.clash.y0.pl/memberlist.php?mode=viewprofile&u=93,20191212002244,20191212002244,1,text/html,MEEZRZQO2BX47I53UMWQFGTFMPYCX44H,4966,https://web.archive.org/web/20191212002244id_/http://forum.clash.y0.pl/memberlist.php?mode=viewprofile&u=93
http://forum.clash.y0.pl/memberlist.php?mode=viewprofile&u=94,http://forum.clash.y0.pl/memberlist.php?mode=viewprofile&u=94,20191212013832,20250623024339,2,text/html,UGFOPWTXWYBANTP7WCZIF3GTOISKLLWJ,4976,https://web.archive.org/web/20191212013832id_/http://forum.clash.y0.pl/memberlist.php?mode=viewprofile&u=94
http://forum.clash.y0.pl/memberlist.php?mode=viewprofile&u=97,http://forum.clash.y0.pl/memberlist.php?mode=viewprofile&u=97,20191212002028,20210924233101,2,text/html,JES3WKNY27V5JZTBUH74Q4NMBPWC42AS,4967,https://web.archive.org/web/20191212002028id_/http://forum.clash.y0.pl/memberlist.php?mode=viewprofile&u=97
http://forum.clash.y0.pl/memberlist.php?mode=viewprofile&u=98,http://forum.clash.y0.pl/memberlist.php?mode=viewprofile&u=98,20191212012617,20191212012617,1,text/html,3PLD5XOZRGOSRXCL3R6FMS5C2LWCXJ37,4967,https://web.archive.org/web/20191212012617id_/http://forum.clash.y0.pl/memberlist.php?mode=viewprofile&u=98
http://forum.clash.y0.pl/memberlist.php?mode=viewprofile&u=99,http://forum.clash.y0.pl/memberlist.php?mode=viewprofile&u=99,20191212004752,20191212004752,1,text/html,YTIW2AFZ3UX5C5JVBLW3ECGIMSGUJGFA,4968,https://web.archive.org/web/20191212004752id_/http://forum.clash.y0.pl/memberlist.php?mode=viewprofile&u=99
http://forum.clash.y0.pl/posting.php?f=2&mode=post,http://forum.clash.y0.pl/posting.php?mode=post&f=2,20191212004322,20191212004322,1,text/html,FLBXWCLB3PVRHPNE6T3PLVZSONLPREBN,4974,https://web.archive.org/web/20191212004322id_/http://forum.clash.y0.pl/posting.php?mode=post&f=2
http://forum.clash.y0.pl/posting.php?f=2&mode=quote&p=1478,http://forum.clash.y0.pl/posting.php?mode=quote&f=2&p=1478,20200930085307,20210924234233,2,text/html,CKKNEANKUUTPH3U5ZQ7LB7ZZ4FSBPQDS,4480,https://web.archive.org/web/20200930085307id_/http://forum.clash.y0.pl/posting.php?mode=quote&f=2&p=1478
http://forum.clash.y0.pl/posting.php?f=2&mode=quote&p=1479,http://forum.clash.y0.pl/posting.php?mode=quote&f=2&p=1479,20200930100958,20210925005526,2,text/html,PQRCUVSMKZNORCYEA2M5ZHC2TYVLVAMG,4480,https://web.archive.org/web/20200930100958id_/http://forum.clash.y0.pl/posting.php?mode=quote&f=2&p=1479
http://forum.clash.y0.pl/posting.php?f=2&mode=quote&p=1480,http://forum.clash.y0.pl/posting.php?mode=quote&f=2&p=1480,20200930103632,20210925011911,2,text/html,PPXHFP5D3WQN4PZDAVYKVVI4FKJNP4PY,4482,https://web.archive.org/web/20200930103632id_/http://forum.clash.y0.pl/posting.php?mode=quote&f=2&p=1480
http://forum.clash.y0.pl/posting.php?f=2&mode=quote&p=1481,http://forum.clash.y0.pl/posting.php?mode=quote&f=2&p=1481,20200930094206,20210925002308,2,text/html,B4DR7GUZNMPFKOGGY7KM6D4QDOJLAWBN,4474,https://web.archive.org/web/20200930094206id_/http://forum.clash.y0.pl/posting.php?mode=quote&f=2&p=1481
http://forum.clash.y0.pl/posting.php?f=2&mode=quote&p=1482,http://forum.clash.y0.pl/posting.php?mode=quote&f=2&p=1482,20200930105416,20210924232834,2,text/html,5G5357RPWWQ55N6W6OSAQIKGDX7UOVJR,4469,https://web.archive.org/web/20200930105416id_/http://forum.clash.y0.pl/posting.php?mode=quote&f=2&p=1482
http://forum.clash.y0.pl/posting.php?f=2&mode=quote&p=1483,http://forum.clash.y0.pl/posting.php?mode=quote&f=2&p=1483,20200930095212,20210925003600,2,text/html,FLOB6JW7CSPUUAX7HQJJJ4GLMJVX4UB3,4473,https://web.archive.org/web/20200930095212id_/http://forum.clash.y0.pl/posting.php?mode=quote&f=2&p=1483
http://forum.clash.y0.pl/posting.php?f=2&mode=quote&p=1503,http://forum.clash.y0.pl/posting.php?mode=quote&f=2&p=1503&sid=dc53ab951c1474591cd4ab1978167fbc,20210924233418,20210924233418,1,text/html,2S5MJE54V7443RVZOVICTYMKBCQK3U3X,4516,https://web.archive.org/web/20210924233418id_/http://forum.clash.y0.pl/posting.php?mode=quote&f=2&p=1503&sid=dc53ab951c1474591cd4ab1978167fbc
http://forum.clash.y0.pl/posting.php?f=2&mode=quote&p=1505,http://forum.clash.y0.pl/posting.php?mode=quote&f=2&p=1505&sid=dc53ab951c1474591cd4ab1978167fbc,20210924234653,20210924234653,1,text/html,INXH5FRS52GKBDFHRBAINO7OQEWSJYN7,4520,https://web.archive.org/web/20210924234653id_/http://forum.clash.y0.pl/posting.php?mode=quote&f=2&p=1505&sid=dc53ab951c1474591cd4ab1978167fbc
http://forum.clash.y0.pl/posting.php?f=2&mode=quote&p=1510,http://forum.clash.y0.pl/posting.php?mode=quote&f=2&p=1510&sid=dc53ab951c1474591cd4ab1978167fbc,20210925003953,20210925003953,1,text/html,IPTDNXXJA5PTOC2TMQUO67W2QEDOAKMG,4518,https://web.archive.org/web/20210925003953id_/http://forum.clash.y0.pl/posting.php?mode=quote&f=2&p=1510&sid=dc53ab951c1474591cd4ab1978167fbc
http://forum.clash.y0.pl/posting.php?f=2&mode=quote&p=193,http://forum.clash.y0.pl/posting.php?mode=quote&f=2&p=193,20191212002507,20191212002507,1,text/html,Y4J3YPVL5G2QFSAYIH4HOVRLKI66D7KN,4996,https://web.archive.org/web/20191212002507id_/http://forum.clash.y0.pl/posting.php?mode=quote&f=2&p=193
http://forum.clash.y0.pl/posting.php?f=2&mode=quote&p=197,http://forum.clash.y0.pl/posting.php?mode=quote&f=2&p=197,20191212013455,20191212013455,1,text/html,IXMJFVSM4UQ7JV5HQTHYRISGRBNK6PTP,4996,https://web.archive.org/web/20191212013455id_/http://forum.clash.y0.pl/posting.php?mode=quote&f=2&p=197
http://forum.clash.y0.pl/posting.php?f=2&mode=quote&p=227,http://forum.clash.y0.pl/posting.php?mode=quote&f=2&p=227,20191212015255,20191212015255,1,text/html,4OSQRPPPHWH4N7PFKOEB47XIZUH7LKSI,4991,https://web.archive.org/web/20191212015255id_/http://forum.clash.y0.pl/posting.php?mode=quote&f=2&p=227
http://forum.clash.y0.pl/posting.php?f=2&mode=quote&p=229,http://forum.clash.y0.pl/posting.php?mode=quote&f=2&p=229,20191212002517,20191212002517,1,text/html,VNJWQMLVNEGXJJNAJ4PEGF77G3MM2NCT,4991,https://web.archive.org/web/20191212002517id_/http://forum.clash.y0.pl/posting.php?mode=quote&f=2&p=229
http://forum.clash.y0.pl/posting.php?f=2&mode=quote&p=298,http://forum.clash.y0.pl/posting.php?mode=quote&f=2&p=298,20191212002315,20191212002315,1,text/html,QXVZVGEDOIHLCOQ3XDRJAYUL4CM3PUON,4992,https://web.archive.org/web/20191212002315id_/http://forum.clash.y0.pl/posting.php?mode=quote&f=2&p=298
http://forum.clash.y0.pl/posting.php?f=2&mode=quote&p=299,http://forum.clash.y0.pl/posting.php?mode=quote&f=2&p=299,20191212002614,20191212002614,1,text/html,AL47SJTZIRR5XQ6CTANUBIKAUNRTVTUT,4994,https://web.archive.org/web/20191212002614id_/http://forum.clash.y0.pl/posting.php?mode=quote&f=2&p=299
http://forum.clash.y0.pl/posting.php?f=2&mode=quote&p=339,http://forum.clash.y0.pl/posting.php?mode=quote&f=2&p=339,20191212003719,20191212003719,1,text/html,LQKICTMSUYO34H6LG2DJKCZAGLM4GRXF,4996,https://web.archive.org/web/20191212003719id_/http://forum.clash.y0.pl/posting.php?mode=quote&f=2&p=339
http://forum.clash.y0.pl/posting.php?f=2&mode=quote&p=341,http://forum.clash.y0.pl/posting.php?mode=quote&f=2&p=341,20191212002512,20191212002512,1,text/html,Z4O65JMY7VQTALID3ZZXLJXCYOFUZAPV,4992,https://web.archive.org/web/20191212002512id_/http://forum.clash.y0.pl/posting.php?mode=quote&f=2&p=341
http://forum.clash.y0.pl/posting.php?f=2&mode=quote&p=343,http://forum.clash.y0.pl/posting.php?mode=quote&f=2&p=343,20191212005426,20191212005426,1,text/html,UMACMTD5AUGEFR4PNXF54KCSSBRBME2M,4997,https://web.archive.org/web/20191212005426id_/http://forum.clash.y0.pl/posting.php?mode=quote&f=2&p=343
http://forum.clash.y0.pl/posting.php?f=2&mode=quote&p=347,http://forum.clash.y0.pl/posting.php?mode=quote&f=2&p=347,20191212002254,20191212002254,1,text/html,K5ZBT3OYTYTDSXDJUVTPA63DWZ5MYWHW,4996,https://web.archive.org/web/20191212002254id_/http://forum.clash.y0.pl/posting.php?mode=quote&f=2&p=347
http://forum.clash.y0.pl/posting.php?f=2&mode=quote&p=451,http://forum.clash.y0.pl/posting.php?mode=quote&f=2&p=451,20201030071720,20201030071720,1,text/html,WUWFE7BKSI4ONKBVQFHKO3NYLZB5MZWB,4474,https://web.archive.org/web/20201030071720id_/http://forum.clash.y0.pl/posting.php?mode=quote&f=2&p=451
http://forum.clash.y0.pl/posting.php?f=2&mode=quote&p=453,http://forum.clash.y0.pl/posting.php?mode=quote&f=2&p=453,20201030075209,20201030075209,1,text/html,KFXAWBSJOPQDLLCPUYLREDGXMKZYMWJH,4476,https://web.archive.org/web/20201030075209id_/http://forum.clash.y0.pl/posting.php?mode=quote&f=2&p=453
http://forum.clash.y0.pl/posting.php?f=2&mode=quote&p=456,http://forum.clash.y0.pl/posting.php?mode=quote&f=2&p=456,20191212002336,20191212002336,1,text/html,CBL2JJI4EJFJHZJ2HK752XJHKCOK5DVQ,4989,https://web.archive.org/web/20191212002336id_/http://forum.clash.y0.pl/posting.php?mode=quote&f=2&p=456
http://forum.clash.y0.pl/posting.php?f=2&mode=quote&p=457,http://forum.clash.y0.pl/posting.php?mode=quote&f=2&p=457,20191212002635,20191212002635,1,text/html,RWMEXOTPJZGESKDQB5M64R2DC4NYFL5P,4991,https://web.archive.org/web/20191212002635id_/http://forum.clash.y0.pl/posting.php?mode=quote&f=2&p=457
http://forum.clash.y0.pl/posting.php?f=2&mode=quote&p=472,http://forum.clash.y0.pl/posting.php?mode=quote&f=2&p=472,20191212005819,20191212005819,1,text/html,XEF76JI65WR5U4ODAGX6H4ANGGCL4VGU,4995,https://web.archive.org/web/20191212005819id_/http://forum.clash.y0.pl/posting.php?mode=quote&f=2&p=472
http://forum.clash.y0.pl/posting.php?f=2&mode=quote&p=473,http://forum.clash.y0.pl/posting.php?mode=quote&f=2&p=473,20191212011916,20191212011916,1,text/html,ZJI7AFAEAMD7PGKWQAT6CYZAQYQCYKU4,4995,https://web.archive.org/web/20191212011916id_/http://forum.clash.y0.pl/posting.php?mode=quote&f=2&p=473
http://forum.clash.y0.pl/posting.php?f=2&mode=quote&p=474,http://forum.clash.y0.pl/posting.php?mode=quote&f=2&p=474,20191212013951,20191212013951,1,text/html,5KBKKRMWBJW2EDRB4UUHULBKZ2Q6GJV7,4991,https://web.archive.org/web/20191212013951id_/http://forum.clash.y0.pl/posting.php?mode=quote&f=2&p=474
http://forum.clash.y0.pl/posting.php?f=2&mode=quote&p=479,http://forum.clash.y0.pl/posting.php?mode=quote&f=2&p=479,20191212010224,20191212010224,1,text/html,QWHG6KSFFZ4ZWD54AXIWROZPKR3U5PZQ,4990,https://web.archive.org/web/20191212010224id_/http://forum.clash.y0.pl/posting.php?mode=quote&f=2&p=479
http://forum.clash.y0.pl/posting.php?f=2&mode=quote&p=480,http://forum.clash.y0.pl/posting.php?mode=quote&f=2&p=480,20191212002604,20191212002604,1,text/html,TOUHWGAVSMDZDLBKNTSXEDEO6F7SDRU2,4990,https://web.archive.org/web/20191212002604id_/http://forum.clash.y0.pl/posting.php?mode=quote&f=2&p=480
http://forum.clash.y0.pl/posting.php?f=2&mode=quote&p=485,http://forum.clash.y0.pl/posting.php?mode=quote&f=2&p=485,20191212001935,20191212001935,1,text/html,6UOGTYVQJHRMGQU4VG44UOMAOIQEPOHC,4993,https://web.archive.org/web/20191212001935id_/http://forum.clash.y0.pl/posting.php?mode=quote&f=2&p=485
http://forum.clash.y0.pl/posting.php?f=2&mode=quote&p=486,http://forum.clash.y0.pl/posting.php?mode=quote&f=2&p=486,20191212002357,20191212002357,1,text/html,WYEW57F74DBXY7RPVW2TS2664DEBIZ2F,4992,https://web.archive.org/web/20191212002357id_/http://forum.clash.y0.pl/posting.php?mode=quote&f=2&p=486
http://forum.clash.y0.pl/posting.php?f=2&mode=quote&p=493,http://forum.clash.y0.pl/posting.php?mode=quote&f=2&p=493,20191212012049,20191212012049,1,text/html,W6VAJBNI2TAKSCFVUDYUATPW3TUT6CKI,4990,https://web.archive.org/web/20191212012049id_/http://forum.clash.y0.pl/posting.php?mode=quote&f=2&p=493
http://forum.clash.y0.pl/posting.php?f=2&mode=quote&p=498,http://forum.clash.y0.pl/posting.php?mode=quote&f=2&p=498,20191212004308,20191212004308,1,text/html,TNQCYMWXQPZUBSA2HFP6QVWEBL4P7YSN,4991,https://web.archive.org/web/20191212004308id_/http://forum.clash.y0.pl/posting.php?mode=quote&f=2&p=498
http://forum.clash.y0.pl/posting.php?f=2&mode=quote&p=510,http://forum.clash.y0.pl/posting.php?mode=quote&f=2&p=510,20191212003614,20191212003614,1,text/html,NQTACJX4WFIC4VJX56OJE73MZE54J2XL,4994,https://web.archive.org/web/20191212003614id_/http://forum.clash.y0.pl/posting.php?mode=quote&f=2&p=510
http://forum.clash.y0.pl/posting.php?f=2&mode=quote&p=511,http://forum.clash.y0.pl/posting.php?mode=quote&f=2&p=511,20201030073408,20201030073408,1,text/html,TODJMWLLTD4WOEI6AS5J7BE5L727CM4T,4477,https://web.archive.org/web/20201030073408id_/http://forum.clash.y0.pl/posting.php?mode=quote&f=2&p=511
http://forum.clash.y0.pl/posting.php?f=2&mode=quote&p=514,http://forum.clash.y0.pl/posting.php?mode=quote&f=2&p=514,20201030082724,20201030082724,1,text/html,NFAVYASCUASE3RN7XKNRWUJRQZUYFQAQ,4481,https://web.archive.org/web/20201030082724id_/http://forum.clash.y0.pl/posting.php?mode=quote&f=2&p=514
http://forum.clash.y0.pl/posting.php?f=2&mode=quote&p=516,http://forum.clash.y0.pl/posting.php?mode=quote&f=2&p=516,20201030070441,20201030070441,1,text/html,MXCWUKEJEXSR4A3DCFIWTV6LGY4WEF5Q,4473,https://web.archive.org/web/20201030070441id_/http://forum.clash.y0.pl/posting.php?mode=quote&f=2&p=516
http://forum.clash.y0.pl/posting.php?f=2&mode=quote&p=518,http://forum.clash.y0.pl/posting.php?mode=quote&f=2&p=518,20191212010024,20191212010024,1,text/html,XCJNIY4SNO6TEGU7QL7NZCBSWX7N2RZG,4990,https://web.archive.org/web/20191212010024id_/http://forum.clash.y0.pl/posting.php?mode=quote&f=2&p=518
http://forum.clash.y0.pl/posting.php?f=2&mode=quote&p=523,http://forum.clash.y0.pl/posting.php?mode=quote&f=2&p=523,20201030080924,20201030080924,1,text/html,GMDONAP7HBWVBT7SKDP5IR52XIUPJSZY,4474,https://web.archive.org/web/20201030080924id_/http://forum.clash.y0.pl/posting.php?mode=quote&f=2&p=523
http://forum.clash.y0.pl/posting.php?f=2&mode=quote&p=524,http://forum.clash.y0.pl/posting.php?mode=quote&f=2&p=524,20201030063604,20201030063604,1,text/html,V6VBKF377ZHGNR7MFT7X64KSBIF7GAY3,4470,https://web.archive.org/web/20201030063604id_/http://forum.clash.y0.pl/posting.php?mode=quote&f=2&p=524
http://forum.clash.y0.pl/posting.php?f=2&mode=quote&p=526,http://forum.clash.y0.pl/posting.php?mode=quote&f=2&p=526,20201030070711,20201030070711,1,text/html,72G6SODSJ5HBRY5EWY4IZGONXZCT5DUT,4473,https://web.archive.org/web/20201030070711id_/http://forum.clash.y0.pl/posting.php?mode=quote&f=2&p=526
http://forum.clash.y0.pl/posting.php?f=2&mode=quote&p=528,http://forum.clash.y0.pl/posting.php?mode=quote&f=2&p=528,20201030073757,20201030073757,1,text/html,ECM3Z6QEDMLNR5WO2QAVJA2U5423ICU3,4468,https://web.archive.org/web/20201030073757id_/http://forum.clash.y0.pl/posting.php?mode=quote&f=2&p=528
http://forum.clash.y0.pl/posting.php?f=2&mode=quote&p=529,http://forum.clash.y0.pl/posting.php?mode=quote&f=2&p=529,20201030075529,20201030075529,1,text/html,IFUH2WTD67UZCX42QZIXJS32XS66XIWU,4477,https://web.archive.org/web/20201030075529id_/http://forum.clash.y0.pl/posting.php?mode=quote&f=2&p=529
http://forum.clash.y0.pl/posting.php?f=2&mode=quote&p=530,http://forum.clash.y0.pl/posting.php?mode=quote&f=2&p=530,20201030071809,20201030071809,1,text/html,AUN5QKKNEYOVDYMZX6QCFRC7HB7WIORF,4475,https://web.archive.org/web/20201030071809id_/http://forum.clash.y0.pl/posting.php?mode=quote&f=2&p=530
http://forum.clash.y0.pl/posting.php?f=2&mode=quote&p=531,http://forum.clash.y0.pl/posting.php?mode=quote&f=2&p=531,20201030073543,20201030073543,1,text/html,GSDCJBJAMCEK4UWIR3E5VJCSCCDRPGDE,4476,https://web.archive.org/web/20201030073543id_/http://forum.clash.y0.pl/posting.php?mode=quote&f=2&p=531
http://forum.clash.y0.pl/posting.php?f=2&mode=quote&p=544,http://forum.clash.y0.pl/posting.php?mode=quote&f=2&p=544,20191212001923,20210925001356,2,text/html,44PCSUDJ57P5GNPWLL2BJTZW4XR7ZEYB,4999,https://web.archive.org/web/20191212001923id_/http://forum.clash.y0.pl/posting.php?mode=quote&f=2&p=544
http://forum.clash.y0.pl/posting.php?f=2&mode=quote&p=545,http://forum.clash.y0.pl/posting.php?mode=quote&f=2&p=545,20191212002347,20210925003326,2,text/html,SZPYWTWRCJ5Z2K2VPAXVUSWFVF4AKLAF,4996,https://web.archive.org/web/20191212002347id_/http://forum.clash.y0.pl/posting.php?mode=quote&f=2&p=545
http://forum.clash.y0.pl/posting.php?f=2&mode=quote&p=546,http://forum.clash.y0.pl/posting.php?mode=quote&f=2&p=546,20191212002650,20210925005150,2,text/html,LIQQPMAUGVALS3KSKEJKPIBFWSFKCEWS,4994,https://web.archive.org/web/20191212002650id_/http://forum.clash.y0.pl/posting.php?mode=quote&f=2&p=546
http://forum.clash.y0.pl/posting.php?f=2&mode=quote&p=547,http://forum.clash.y0.pl/posting.php?mode=quote&f=2&p=547,20191212004213,20210925011012,2,text/html,URK5MHDREAUH26SWCZ67MN22IF5FPW7S,4996,https://web.archive.org/web/20191212004213id_/http://forum.clash.y0.pl/posting.php?mode=quote&f=2&p=547
http://forum.clash.y0.pl/posting.php?f=2&mode=quote&p=614,http://forum.clash.y0.pl/posting.php?mode=quote&f=2&p=614,20200930085928,20210925003406,2,text/html,KPUO3WFCCQ4G5L5VJ4SH6Y4RLMNCG3AA,4472,https://web.archive.org/web/20200930085928id_/http://forum.clash.y0.pl/posting.php?mode=quote&f=2&p=614
http://forum.clash.y0.pl/posting.php?f=2&mode=quote&p=634,http://forum.clash.y0.pl/posting.php?mode=quote&f=2&p=634,20201030065719,20201030065719,1,text/html,UR36RF5RU3NETFTSOG4TQ5P5UQCQ6HKI,4472,https://web.archive.org/web/20201030065719id_/http://forum.clash.y0.pl/posting.php?mode=quote&f=2&p=634
http://forum.clash.y0.pl/posting.php?f=2&mode=quote&p=637,http://forum.clash.y0.pl/posting.php?mode=quote&f=2&p=637,20191212010349,20191212010349,1,text/html,LGPJRSHFEEEV2UJL64B3AJ244RMRURKV,4992,https://web.archive.org/web/20191212010349id_/http://forum.clash.y0.pl/posting.php?mode=quote&f=2&p=637
http://forum.clash.y0.pl/posting.php?f=2&mode=quote&p=691,http://forum.clash.y0.pl/posting.php?mode=quote&f=2&p=691,20201030075742,20201030075742,1,text/html,735EDWCT6P57MWXQZWR5OGKML57K3VNX,4476,https://web.archive.org/web/20201030075742id_/http://forum.clash.y0.pl/posting.php?mode=quote&f=2&p=691
http://forum.clash.y0.pl/posting.php?f=2&mode=quote&p=692,http://forum.clash.y0.pl/posting.php?mode=quote&f=2&p=692,20201030081508,20201030081508,1,text/html,YHSICIPRXFAEUOEQJUIX6Q2HDK4CG7I3,4476,https://web.archive.org/web/20201030081508id_/http://forum.clash.y0.pl/posting.php?mode=quote&f=2&p=692
http://forum.clash.y0.pl/posting.php?f=2&mode=quote&p=693,http://forum.clash.y0.pl/posting.php?mode=quote&f=2&p=693,20201030064541,20201030064541,1,text/html,F5C4P2CR6BOVYA3WVRUCQLBLPZJ4W7YV,4475,https://web.archive.org/web/20201030064541id_/http://forum.clash.y0.pl/posting.php?mode=quote&f=2&p=693
http://forum.clash.y0.pl/posting.php?f=2&mode=quote&p=697,http://forum.clash.y0.pl/posting.php?mode=quote&f=2&p=697,20201030074420,20201030074420,1,text/html,AENEOHJLIIJO5DIRWFG3YPC67AEFFWJW,4473,https://web.archive.org/web/20201030074420id_/http://forum.clash.y0.pl/posting.php?mode=quote&f=2&p=697
http://forum.clash.y0.pl/posting.php?f=2&mode=quote&p=698,http://forum.clash.y0.pl/posting.php?mode=quote&f=2&p=698,20201030080107,20201030080107,1,text/html,FU262YNBC7ZCXWN4RIUG4PPO2CQBDWXM,4476,https://web.archive.org/web/20201030080107id_/http://forum.clash.y0.pl/posting.php?mode=quote&f=2&p=698
http://forum.clash.y0.pl/posting.php?f=2&mode=quote&p=699,http://forum.clash.y0.pl/posting.php?mode=quote&f=2&p=699,20201030081809,20201030081809,1,text/html,37DUSQSRE6PBCC7IAQBX76JDOFMHPX67,4474,https://web.archive.org/web/20201030081809id_/http://forum.clash.y0.pl/posting.php?mode=quote&f=2&p=699
http://forum.clash.y0.pl/posting.php?f=2&mode=quote&p=700,http://forum.clash.y0.pl/posting.php?mode=quote&f=2&p=700,20201030075446,20201030075446,1,text/html,WIB63RLWVABMF7Q6MNXNKGSMMXUASPS2,4471,https://web.archive.org/web/20201030075446id_/http://forum.clash.y0.pl/posting.php?mode=quote&f=2&p=700
http://forum.clash.y0.pl/posting.php?f=2&mode=quote&p=701,http://forum.clash.y0.pl/posting.php?mode=quote&f=2&p=701,20200930103320,20210925002349,2,text/html,JB3M2E4VSGOY4CVTKQL3T6UJE7NANZK7,4475,https://web.archive.org/web/20200930103320id_/http://forum.clash.y0.pl/posting.php?mode=quote&f=2&p=701
http://forum.clash.y0.pl/posting.php?f=2&mode=quote&p=702,http://forum.clash.y0.pl/posting.php?mode=quote&f=2&p=702,20200930081444,20210925004148,2,text/html,G25DU5HIBAH32OLM2WPKC4NWIKRD4GCR,4475,https://web.archive.org/web/20200930081444id_/http://forum.clash.y0.pl/posting.php?mode=quote&f=2&p=702
http://forum.clash.y0.pl/posting.php?f=2&mode=quote&p=703,http://forum.clash.y0.pl/posting.php?mode=quote&f=2&p=703,20200930090336,20210925010020,2,text/html,HYC7T3UJ6J7RMOO7SLQUPZ33U3TVY7TW,4480,https://web.archive.org/web/20200930090336id_/http://forum.clash.y0.pl/posting.php?mode=quote&f=2&p=703
http://forum.clash.y0.pl/posting.php?f=2&mode=quote&p=704,http://forum.clash.y0.pl/posting.php?mode=quote&f=2&p=704,20200930092414,20210925011800,2,text/html,PUNRKBUNMNYFE7HCHNXSLXEYSINDUYZL,4480,https://web.archive.org/web/20200930092414id_/http://forum.clash.y0.pl/posting.php?mode=quote&f=2&p=704
http://forum.clash.y0.pl/posting.php?f=2&mode=quote&p=709,http://forum.clash.y0.pl/posting.php?mode=quote&f=2&p=709,20200930082702,20210925001902,2,text/html,COC7VOGL7VVDS2VX2QGGSV5L4YULFRQK,4475,https://web.archive.org/web/20200930082702id_/http://forum.clash.y0.pl/posting.php?mode=quote&f=2&p=709
http://forum.clash.y0.pl/posting.php?f=2&mode=reply&t=22,http://forum.clash.y0.pl/posting.php?mode=reply&f=2&t=22,20191212003309,20191212003309,1,text/html,ICA35EM7U7HLNWEPVRVOHZGNWFU5HXQO,4990,https://web.archive.org/web/20191212003309id_/http://forum.clash.y0.pl/posting.php?mode=reply&f=2&t=22
http://forum.clash.y0.pl/posting.php?f=2&mode=reply&t=27,http://forum.clash.y0.pl/posting.php?mode=reply&f=2&t=27,20191212003615,20191212003615,1,text/html,IHZ73FPW4YY72RL7WA7TLCWUYFDR6TGH,4992,https://web.archive.org/web/20191212003615id_/http://forum.clash.y0.pl/posting.php?mode=reply&f=2&t=27
http://forum.clash.y0.pl/posting.php?f=2&mode=reply&t=29,http://forum.clash.y0.pl/posting.php?mode=reply&f=2&t=29,20191212003732,20210925003639,2,text/html,RPDL3PORFU7SYGJMSSPIME6NSFG4OBAB,4991,https://web.archive.org/web/20191212003732id_/http://forum.clash.y0.pl/posting.php?mode=reply&f=2&t=29
http://forum.clash.y0.pl/posting.php?f=2&mode=reply&t=8,http://forum.clash.y0.pl/posting.php?mode=reply&f=2&t=8,20191212015530,20191212015530,1,text/html,XEJXIWC7KHM7KR7YA5C2K6TG4NHB5RDQ,4990,https://web.archive.org/web/20191212015530id_/http://forum.clash.y0.pl/posting.php?mode=reply&f=2&t=8
http://forum.clash.y0.pl/posting.php?f=2&mode=reply&t=9,http://forum.clash.y0.pl/posting.php?mode=reply&f=2&t=9,20200930085052,20210924232553,2,text/html,5JANDV6N3KAK6R44JSXN4J7RHPGC7XWF,4479,https://web.archive.org/web/20200930085052id_/http://forum.clash.y0.pl/posting.php?mode=reply&f=2&t=9
http://forum.clash.y0.pl/posting.php?f=3&mode=post,http://forum.clash.y0.pl/posting.php?mode=post&f=3,20191212003546,20210423060455,2,text/html,BY5OOUZ6POONTOUSMMOJCDUV3JHDHRUE,4979,https://web.archive.org/web/20191212003546id_/http://forum.clash.y0.pl/posting.php?mode=post&f=3
http://forum.clash.y0.pl/posting.php?f=3&mode=quote&p=124,http://forum.clash.y0.pl/posting.php?mode=quote&f=3&p=124&sid=bfb4a9bdd1ee4f5b8c7524bfdd5b8438,20210514165458,20210514165458,1,text/html,OX2HHNFVKU3UAW7AHKVNILG43PVGCHG3,4518,https://web.archive.org/web/20210514165458id_/http://forum.clash.y0.pl/posting.php?mode=quote&f=3&p=124&sid=bfb4a9bdd1ee4f5b8c7524bfdd5b8438
http://forum.clash.y0.pl/posting.php?f=3&mode=quote&p=125,http://forum.clash.y0.pl/posting.php?mode=quote&f=3&p=125&sid=bfb4a9bdd1ee4f5b8c7524bfdd5b8438,20210514170727,20210514170727,1,text/html,FY6LVKKIYIKS3XFBYRW6VUIYNUK42FBA,4521,https://web.archive.org/web/20210514170727id_/http://forum.clash.y0.pl/posting.php?mode=quote&f=3&p=125&sid=bfb4a9bdd1ee4f5b8c7524bfdd5b8438
http://forum.clash.y0.pl/posting.php?f=3&mode=quote&p=126,http://forum.clash.y0.pl/posting.php?mode=quote&f=3&p=126&sid=bfb4a9bdd1ee4f5b8c7524bfdd5b8438,20210514172237,20210514172237,1,text/html,QCFLCFVQVWTZ7TPFFHCB4AVGPONI65GT,4512,https://web.archive.org/web/20210514172237id_/http://forum.clash.y0.pl/posting.php?mode=quote&f=3&p=126&sid=bfb4a9bdd1ee4f5b8c7524bfdd5b8438
http://forum.clash.y0.pl/posting.php?f=3&mode=quote&p=127,http://forum.clash.y0.pl/posting.php?mode=quote&f=3&p=127&sid=bfb4a9bdd1ee4f5b8c7524bfdd5b8438,20210514173931,20210514173931,1,text/html,DNAVY262GSVGTSKWXR4EPF5XGWB42X2S,4520,https://web.archive.org/web/20210514173931id_/http://forum.clash.y0.pl/posting.php?mode=quote&f=3&p=127&sid=bfb4a9bdd1ee4f5b8c7524bfdd5b8438
http://forum.clash.y0.pl/posting.php?f=3&mode=quote&p=131,http://forum.clash.y0.pl/posting.php?mode=quote&f=3&p=131&sid=bfb4a9bdd1ee4f5b8c7524bfdd5b8438,20210514155035,20210514155035,1,text/html,HXZ5HJYLE4INRJ7FRYTGJZG2VWM5Q7QD,4514,https://web.archive.org/web/20210514155035id_/http://forum.clash.y0.pl/posting.php?mode=quote&f=3&p=131&sid=bfb4a9bdd1ee4f5b8c7524bfdd5b8438
http://forum.clash.y0.pl/posting.php?f=3&mode=quote&p=132,http://forum.clash.y0.pl/posting.php?mode=quote&f=3&p=132&sid=bfb4a9bdd1ee4f5b8c7524bfdd5b8438,20210514161944,20210514161944,1,text/html,NF4HWLABYBBL4DD4YTEKNMSLWNFPKNGQ,4514,https://web.archive.org/web/20210514161944id_/http://forum.clash.y0.pl/posting.php?mode=quote&f=3&p=132&sid=bfb4a9bdd1ee4f5b8c7524bfdd5b8438
http://forum.clash.y0.pl/posting.php?f=3&mode=quote&p=133,http://forum.clash.y0.pl/posting.php?mode=quote&f=3&p=133&sid=bfb4a9bdd1ee4f5b8c7524bfdd5b8438,20210514164011,20210514164011,1,text/html,6SOZJV5VEET5HOI5HDTWSXQMCP6FCEOA,4516,https://web.archive.org/web/20210514164011id_/http://forum.clash.y0.pl/posting.php?mode=quote&f=3&p=133&sid=bfb4a9bdd1ee4f5b8c7524bfdd5b8438
http://forum.clash.y0.pl/posting.php?f=3&mode=quote&p=134,http://forum.clash.y0.pl/posting.php?mode=quote&f=3&p=134&sid=bfb4a9bdd1ee4f5b8c7524bfdd5b8438,20210514165535,20210514165535,1,text/html,OEZ35UMQOPF4UMPM6G7PMKSEBJLGMRSD,4515,https://web.archive.org/web/20210514165535id_/http://forum.clash.y0.pl/posting.php?mode=quote&f=3&p=134&sid=bfb4a9bdd1ee4f5b8c7524bfdd5b8438
http://forum.clash.y0.pl/posting.php?f=3&mode=quote&p=135,http://forum.clash.y0.pl/posting.php?mode=quote&f=3&p=135&sid=bfb4a9bdd1ee4f5b8c7524bfdd5b8438,20210514170809,20210514170809,1,text/html,3O6TH3BKQRSTAIGQC2UD7RNYT57TGWC7,4516,https://web.archive.org/web/20210514170809id_/http://forum.clash.y0.pl/posting.php?mode=quote&f=3&p=135&sid=bfb4a9bdd1ee4f5b8c7524bfdd5b8438
http://forum.clash.y0.pl/posting.php?f=3&mode=quote&p=136,http://forum.clash.y0.pl/posting.php?mode=quote&f=3&p=136&sid=bfb4a9bdd1ee4f5b8c7524bfdd5b8438,20210514172349,20210514172349,1,text/html,DY5DUDCUZDNEWKOLMO3NL5MIYQZTBS2H,4513,https://web.archive.org/web/20210514172349id_/http://forum.clash.y0.pl/posting.php?mode=quote&f=3&p=136&sid=bfb4a9bdd1ee4f5b8c7524bfdd5b8438
http://forum.clash.y0.pl/posting.php?f=3&mode=quote&p=1367,http://forum.clash.y0.pl/posting.php?mode=quote&f=3&p=1367&sid=8988bfff0df5526858a134d3099d5c02,20210514154623,20210514154623,1,text/html,A2FPV3UGRJGRSN5USDHXKTZXZ65BJRQ2,4519,https://web.archive.org/web/20210514154623id_/http://forum.clash.y0.pl/posting.php?mode=quote&f=3&p=1367&sid=8988bfff0df5526858a134d3099d5c02
http://forum.clash.y0.pl/posting.php?f=3&mode=quote&p=1368,http://forum.clash.y0.pl/posting.php?mode=quote&f=3&p=1368&sid=8988bfff0df5526858a134d3099d5c02,20210514170342,20210514170342,1,text/html,4KX3WTLKLH6SIVXSYX6LKT6N7SWK34WC,4523,https://web.archive.org/web/20210514170342id_/http://forum.clash.y0.pl/posting.php?mode=quote&f=3&p=1368&sid=8988bfff0df5526858a134d3099d5c02
http://forum.clash.y0.pl/posting.php?f=3&mode=quote&p=1373,http://forum.clash.y0.pl/posting.php?mode=quote&f=3&p=1373&sid=8988bfff0df5526858a134d3099d5c02,20210514153408,20210514153408,1,text/html,UTQMZPFF42XVYDN5MWRSO3MGWNCC5RB3,4518,https://web.archive.org/web/20210514153408id_/http://forum.clash.y0.pl/posting.php?mode=quote&f=3&p=1373&sid=8988bfff0df5526858a134d3099d5c02
http://forum.clash.y0.pl/posting.php?f=3&mode=quote&p=1374,http://forum.clash.y0.pl/posting.php?mode=quote&f=3&p=1374&sid=8988bfff0df5526858a134d3099d5c02,20210514165759,20210514165759,1,text/html,MXSYHOFZWJFGWVJPSODOHRBYMYU2VMGR,4523,https://web.archive.org/web/20210514165759id_/http://forum.clash.y0.pl/posting.php?mode=quote&f=3&p=1374&sid=8988bfff0df5526858a134d3099d5c02
http://forum.clash.y0.pl/posting.php?f=3&mode=quote&p=1375,http://forum.clash.y0.pl/posting.php?mode=quote&f=3&p=1375&sid=8988bfff0df5526858a134d3099d5c02,20210514155649,20210514155649,1,text/html,MM36KPZ7TDAMX3LKFNNLVFVDWCDQBHUH,4523,https://web.archive.org/web/20210514155649id_/http://forum.clash.y0.pl/posting.php?mode=quote&f=3&p=1375&sid=8988bfff0df5526858a134d3099d5c02
http://forum.clash.y0.pl/posting.php?f=3&mode=quote&p=1379,http://forum.clash.y0.pl/posting.php?mode=quote&f=3&p=1379&sid=8988bfff0df5526858a134d3099d5c02,20210514163219,20210514163219,1,text/html,XJCPI63QWTPSNFCYHKTD7VETJZWNWTRX,4524,https://web.archive.org/web/20210514163219id_/http://forum.clash.y0.pl/posting.php?mode=quote&f=3&p=1379&sid=8988bfff0df5526858a134d3099d5c02
http://forum.clash.y0.pl/posting.php?f=3&mode=quote&p=1381,http://forum.clash.y0.pl/posting.php?mode=quote&f=3&p=1381&sid=8988bfff0df5526858a134d3099d5c02,20210514154401,20210514154401,1,text/html,KBY5VOG42B4HJB4UCUZYMTTAYBLPMTHP,4521,https://web.archive.org/web/20210514154401id_/http://forum.clash.y0.pl/posting.php?mode=quote&f=3&p=1381&sid=8988bfff0df5526858a134d3099d5c02
http://forum.clash.y0.pl/posting.php?f=3&mode=quote&p=1445,http://forum.clash.y0.pl/posting.php?mode=quote&f=3&p=1445,20200930092651,20200930092651,1,text/html,JHE4ZP34LLUASRCSGE26XFBCFGBE56DL,4482,https://web.archive.org/web/20200930092651id_/http://forum.clash.y0.pl/posting.php?mode=quote&f=3&p=1445
http://forum.clash.y0.pl/posting.php?f=3&mode=quote&p=1446,http://forum.clash.y0.pl/posting.php?mode=quote&f=3&p=1446,20200930103242,20200930103242,1,text/html,VKQF5BWLU6QPVDGKFXYB44QLEV5EXCG6,4475,https://web.archive.org/web/20200930103242id_/http://forum.clash.y0.pl/posting.php?mode=quote&f=3&p=1446
http://forum.clash.y0.pl/posting.php?f=3&mode=quote&p=1447,http://forum.clash.y0.pl/posting.php?mode=quote&f=3&p=1447,20200930093958,20200930093958,1,text/html,6PIQSIS6XCW2NI3LZBKFYZ7HRQJKM4X2,4481,https://web.archive.org/web/20200930093958id_/http://forum.clash.y0.pl/posting.php?mode=quote&f=3&p=1447
http://forum.clash.y0.pl/posting.php?f=3&mode=quote&p=1448,http://forum.clash.y0.pl/posting.php?mode=quote&f=3&p=1448,20200930105044,20200930105044,1,text/html,XXHIDN2YOIECBKBQK75MD6LWD4JRVKUK,4478,https://web.archive.org/web/20200930105044id_/http://forum.clash.y0.pl/posting.php?mode=quote&f=3&p=1448
http://forum.clash.y0.pl/posting.php?f=3&mode=quote&p=1451,http://forum.clash.y0.pl/posting.php?mode=quote&f=3&p=1451,20200930091346,20200930091346,1,text/html,R7R5HSTWZWSN2ZUMMJKQCBQO42PLNPLM,4478,https://web.archive.org/web/20200930091346id_/http://forum.clash.y0.pl/posting.php?mode=quote&f=3&p=1451
http://forum.clash.y0.pl/posting.php?f=3&mode=quote&p=1459,http://forum.clash.y0.pl/posting.php?mode=quote&f=3&p=1459,20200930100742,20200930100742,1,text/html,BS75BGG3Z5I437BKVFKRHR2A5HULPQSZ,4477,https://web.archive.org/web/20200930100742id_/http://forum.clash.y0.pl/posting.php?mode=quote&f=3&p=1459
http://forum.clash.y0.pl/posting.php?f=3&mode=quote&p=1460,http://forum.clash.y0.pl/posting.php?mode=quote&f=3&p=1460,20200930103040,20200930103040,1,text/html,Y7BKOSS6RDRKGUNOPREXVJYIG4MWD44I,4475,https://web.archive.org/web/20200930103040id_/http://forum.clash.y0.pl/posting.php?mode=quote&f=3&p=1460
http://forum.clash.y0.pl/posting.php?f=3&mode=quote&p=1461,http://forum.clash.y0.pl/posting.php?mode=quote&f=3&p=1461,20200930093737,20200930093737,1,text/html,M2HRMUX22D3YR7EPEKS57WC777BWBR7Z,4474,https://web.archive.org/web/20200930093737id_/http://forum.clash.y0.pl/posting.php?mode=quote&f=3&p=1461
http://forum.clash.y0.pl/posting.php?f=3&mode=quote&p=1464,http://forum.clash.y0.pl/posting.php?mode=quote&f=3&p=1464,20200930082952,20200930082952,1,text/html,TWJB5CQ4U7F7U44UKFXSNB2AK72R74BV,4470,https://web.archive.org/web/20200930082952id_/http://forum.clash.y0.pl/posting.php?mode=quote&f=3&p=1464
http://forum.clash.y0.pl/posting.php?f=3&mode=quote&p=1465,http://forum.clash.y0.pl/posting.php?mode=quote&f=3&p=1465,20200930100304,20200930100304,1,text/html,COFD4PMZS3IXOWDK6AY6EPLBILH27GTG,4477,https://web.archive.org/web/20200930100304id_/http://forum.clash.y0.pl/posting.php?mode=quote&f=3&p=1465
http://forum.clash.y0.pl/posting.php?f=3&mode=quote&p=397,http://forum.clash.y0.pl/posting.php?mode=quote&f=3&p=397&sid=b7533a12ca45c4a09adfd8e311b43733,20210514161000,20210514161000,1,text/html,WMKJKKRRGQT4Y73F3STITXPU374EZHA5,4518,https://web.archive.org/web/20210514161000id_/http://forum.clash.y0.pl/posting.php?mode=quote&f=3&p=397&sid=b7533a12ca45c4a09adfd8e311b43733
http://forum.clash.y0.pl/posting.php?f=3&mode=quote&p=398,http://forum.clash.y0.pl/posting.php?mode=quote&f=3&p=398&sid=b7533a12ca45c4a09adfd8e311b43733,20210514163304,20210514163304,1,text/html,SBUDXZUCHNVRFMRIQQZT4UXXP3WNTWJM,4517,https://web.archive.org/web/20210514163304id_/http://forum.clash.y0.pl/posting.php?mode=quote&f=3&p=398&sid=b7533a12ca45c4a09adfd8e311b43733
http://forum.clash.y0.pl/posting.php?f=3&mode=quote&p=399,http://forum.clash.y0.pl/posting.php?mode=quote&f=3&p=399&sid=b7533a12ca45c4a09adfd8e311b43733,20210514165036,20210514165036,1,text/html,VPM4UQ4QVIHKTV545IW77UWGFXZ5HCOA,4519,https://web.archive.org/web/20210514165036id_/http://forum.clash.y0.pl/posting.php?mode=quote&f=3&p=399&sid=b7533a12ca45c4a09adfd8e311b43733
http://forum.clash.y0.pl/posting.php?f=3&mode=quote&p=400,http://forum.clash.y0.pl/posting.php?mode=quote&f=3&p=400&sid=b7533a12ca45c4a09adfd8e311b43733,20210514162437,20210514162437,1,text/html,MSNINL7HVL2DQXBETQTYSYORPCQJ4YSE,4518,https://web.archive.org/web/20210514162437id_/http://forum.clash.y0.pl/posting.php?mode=quote&f=3&p=400&sid=b7533a12ca45c4a09adfd8e311b43733
http://forum.clash.y0.pl/posting.php?f=3&mode=quote&p=401,http://forum.clash.y0.pl/posting.php?mode=quote&f=3&p=401&sid=b7533a12ca45c4a09adfd8e311b43733,20210514164250,20210514164250,1,text/html,X7DI3BI7U6EPSSGAMBQZNV2PA62LUEOB,4514,https://web.archive.org/web/20210514164250id_/http://forum.clash.y0.pl/posting.php?mode=quote&f=3&p=401&sid=b7533a12ca45c4a09adfd8e311b43733
http://forum.clash.y0.pl/posting.php?f=3&mode=quote&p=402,http://forum.clash.y0.pl/posting.php?mode=quote&f=3&p=402&sid=b7533a12ca45c4a09adfd8e311b43733,20210514165646,20210514165646,1,text/html,C7XQAMKAGODZV22QNKK4DOOJP6KWX3GN,4519,https://web.archive.org/web/20210514165646id_/http://forum.clash.y0.pl/posting.php?mode=quote&f=3&p=402&sid=b7533a12ca45c4a09adfd8e311b43733
http://forum.clash.y0.pl/posting.php?f=3&mode=quote&p=403,http://forum.clash.y0.pl/posting.php?mode=quote&f=3&p=403&sid=b7533a12ca45c4a09adfd8e311b43733,20210514171258,20210514171258,1,text/html,PR2DBQUTJ4XU3Y5F4YQEZM25OSCF2SBF,4518,https://web.archive.org/web/20210514171258id_/http://forum.clash.y0.pl/posting.php?mode=quote&f=3&p=403&sid=b7533a12ca45c4a09adfd8e311b43733
http://forum.clash.y0.pl/posting.php?f=3&mode=quote&p=407,http://forum.clash.y0.pl/posting.php?mode=quote&f=3&p=407&sid=b7533a12ca45c4a09adfd8e311b43733,20210514162741,20210514162741,1,text/html,QU4LCKVLYUONHAAFNX5BAYBXAETVHZNM,4526,https://web.archive.org/web/20210514162741id_/http://forum.clash.y0.pl/posting.php?mode=quote&f=3&p=407&sid=b7533a12ca45c4a09adfd8e311b43733
http://forum.clash.y0.pl/posting.php?f=3&mode=quote&p=410,http://forum.clash.y0.pl/posting.php?mode=quote&f=3&p=410&sid=b7533a12ca45c4a09adfd8e311b43733,20210514162537,20210514162537,1,text/html,36BZHF2XBGAMYPNVWGCGCIERWBX62P4Q,4519,https://web.archive.org/web/20210514162537id_/http://forum.clash.y0.pl/posting.php?mode=quote&f=3&p=410&sid=b7533a12ca45c4a09adfd8e311b43733
http://forum.clash.y0.pl/posting.php?f=3&mode=quote&p=411,http://forum.clash.y0.pl/posting.php?mode=quote&f=3&p=411&sid=b7533a12ca45c4a09adfd8e311b43733,20210514164413,20210514164413,1,text/html,45FTKZQBT6GLQLSD65J2U5O7DFWD2MQ3,4516,https://web.archive.org/web/20210514164413id_/http://forum.clash.y0.pl/posting.php?mode=quote&f=3&p=411&sid=b7533a12ca45c4a09adfd8e311b43733
http://forum.clash.y0.pl/posting.php?f=3&mode=quote&p=497,http://forum.clash.y0.pl/posting.php?mode=quote&f=3&p=497,20191212005919,20191212005919,1,text/html,C6MQUAPQZAYAB4PDE2JC7UCH5Q73YE5D,4994,https://web.archive.org/web/20191212005919id_/http://forum.clash.y0.pl/posting.php?mode=quote&f=3&p=497
http://forum.clash.y0.pl/posting.php?f=3&mode=quote&p=499,http://forum.clash.y0.pl/posting.php?mode=quote&f=3&p=499,20191212014051,20191212014051,1,text/html,GUFREQH7H4654K5ZLDU7HFGRFKD6SZLB,4993,https://web.archive.org/web/20191212014051id_/http://forum.clash.y0.pl/posting.php?mode=quote&f=3&p=499
http://forum.clash.y0.pl/posting.php?f=3&mode=quote&p=500,http://forum.clash.y0.pl/posting.php?mode=quote&f=3&p=500,20191212011215,20191212011215,1,text/html,OREXZBCHRRBDSJT6J4PQCCILGCGS7VWM,4998,https://web.archive.org/web/20191212011215id_/http://forum.clash.y0.pl/posting.php?mode=quote&f=3&p=500
http://forum.clash.y0.pl/posting.php?f=3&mode=quote&p=501,http://forum.clash.y0.pl/posting.php?mode=quote&f=3&p=501,20191212013259,20191212013259,1,text/html,KX6DGUTSUFHNX6SMQAMD7QUT7YFHD2AQ,4998,https://web.archive.org/web/20191212013259id_/http://forum.clash.y0.pl/posting.php?mode=quote&f=3&p=501
http://forum.clash.y0.pl/posting.php?f=3&mode=quote&p=503,http://forum.clash.y0.pl/posting.php?mode=quote&f=3&p=503,20191212002201,20191212002201,1,text/html,4R4V5X2R2KC2OGK5N647VLWFYL5L4AHZ,4988,https://web.archive.org/web/20191212002201id_/http://forum.clash.y0.pl/posting.php?mode=quote&f=3&p=503
http://forum.clash.y0.pl/posting.php?f=3&mode=quote&p=504,http://forum.clash.y0.pl/posting.php?mode=quote&f=3&p=504,20191212002522,20191212002522,1,text/html,7DKAM62YZCDAGLL5Q2QPJPLVA3SI6YB6,4991,https://web.archive.org/web/20191212002522id_/http://forum.clash.y0.pl/posting.php?mode=quote&f=3&p=504
http://forum.clash.y0.pl/posting.php?f=3&mode=quote&p=505,http://forum.clash.y0.pl/posting.php?mode=quote&f=3&p=505,20191212003521,20191212003521,1,text/html,TH6LFL7K6E7XHG6LS5AUXC7HO6GRLMKW,4996,https://web.archive.org/web/20191212003521id_/http://forum.clash.y0.pl/posting.php?mode=quote&f=3&p=505
http://forum.clash.y0.pl/posting.php?f=3&mode=quote&p=507,http://forum.clash.y0.pl/posting.php?mode=quote&f=3&p=507,20191212011608,20191212011608,1,text/html,4B7YCQFBW33PRL5YCRPP2LR5IS2YUEDH,4992,https://web.archive.org/web/20191212011608id_/http://forum.clash.y0.pl/posting.php?mode=quote&f=3&p=507
http://forum.clash.y0.pl/posting.php?f=3&mode=quote&p=508,http://forum.clash.y0.pl/posting.php?mode=quote&f=3&p=508,20191212013659,20191212013659,1,text/html,5W43XOG6L3PGNFXXIBP2YSIKB2KPADWO,4996,https://web.archive.org/web/20191212013659id_/http://forum.clash.y0.pl/posting.php?mode=quote&f=3&p=508
http://forum.clash.y0.pl/posting.php?f=3&mode=quote&p=509,http://forum.clash.y0.pl/posting.php?mode=quote&f=3&p=509,20191212015725,20191212015725,1,text/html,6PYQB4AUXN54YGHZD3DJLZ4LXWUNPJDJ,4995,https://web.archive.org/web/20191212015725id_/http://forum.clash.y0.pl/posting.php?mode=quote&f=3&p=509
http://forum.clash.y0.pl/posting.php?f=3&mode=quote&p=683,http://forum.clash.y0.pl/posting.php?mode=quote&f=3&p=683&sid=8988bfff0df5526858a134d3099d5c02,20210514172538,20210514172538,1,text/html,IUBWVTBZ4LYVG6VG65T4KAESMVLPZ36U,4517,https://web.archive.org/web/20210514172538id_/http://forum.clash.y0.pl/posting.php?mode=quote&f=3&p=683&sid=8988bfff0df5526858a134d3099d5c02
http://forum.clash.y0.pl/posting.php?f=3&mode=reply&t=19,http://forum.clash.y0.pl/posting.php?mode=reply&f=3&t=19,20191212005146,20191212005146,1,text/html,S7WAVUS6BWP3EABNXVG3KCNR4D5YJBPZ,4993,https://web.archive.org/web/20191212005146id_/http://forum.clash.y0.pl/posting.php?mode=reply&f=3&t=19
http://forum.clash.y0.pl/posting.php?f=3&mode=reply&t=23,http://forum.clash.y0.pl/posting.php?mode=reply&f=3&t=23&sid=8988bfff0df5526858a134d3099d5c02,20210514164649,20210514164649,1,text/html,UQFC64F5KB527ZCOLHLQ2WQTMEASUZCB,4520,https://web.archive.org/web/20210514164649id_/http://forum.clash.y0.pl/posting.php?mode=reply&f=3&t=23&sid=8988bfff0df5526858a134d3099d5c02
http://forum.clash.y0.pl/posting.php?f=3&mode=reply&t=7,http://forum.clash.y0.pl/posting.php?mode=reply&f=3&t=7&sid=bfb4a9bdd1ee4f5b8c7524bfdd5b8438,20210514162935,20210514162935,1,text/html,PKAVLVH4S26WNKJ2TQFH5SZIQNFSNNFY,4516,https://web.archive.org/web/20210514162935id_/http://forum.clash.y0.pl/posting.php?mode=reply&f=3&t=7&sid=bfb4a9bdd1ee4f5b8c7524bfdd5b8438
http://forum.clash.y0.pl/posting.php?f=3&mode=reply&t=753,http://forum.clash.y0.pl/posting.php?mode=reply&f=3&t=753,20200930093154,20200930093154,1,text/html,MURSJV5FDBYCPWPV5BBZWBIOFHBN3KVC,4474,https://web.archive.org/web/20200930093154id_/http://forum.clash.y0.pl/posting.php?mode=reply&f=3&t=753
http://forum.clash.y0.pl/posting.php?f=4&mode=post,http://forum.clash.y0.pl/posting.php?mode=post&f=4&sid=423522a90398b7265571b40153988e69,20240521040311,20240521040311,1,text/html,COX5VXRISR5ZOMZ3RS7XZ5SVNR4KLEG5,4542,https://web.archive.org/web/20240521040311id_/http://forum.clash.y0.pl/posting.php?mode=post&f=4&sid=423522a90398b7265571b40153988e69
http://forum.clash.y0.pl/posting.php?mode=quote&p=1377,http://forum.clash.y0.pl/posting.php?mode=quote&p=1377&sid=d02d4cf7b1ff50dd75555b1edc556ce9,20240620085128,20240620085128,1,text/html,G7H7GYSR6Q3UIWZMQ5EZWI5MCDUL52YH,4217,https://web.archive.org/web/20240620085128id_/http://forum.clash.y0.pl/posting.php?mode=quote&p=1377&sid=d02d4cf7b1ff50dd75555b1edc556ce9
http://forum.clash.y0.pl/posting.php?mode=quote&p=1380,http://forum.clash.y0.pl/posting.php?mode=quote&p=1380&sid=c20b76a3e3e2da6fb08623b37092bcad,20240624070405,20240624070405,1,text/html,2QLYWO2UPHYOLQW7CJ7CQU3IHJ3OVOUY,4218,https://web.archive.org/web/20240624070405id_/http://forum.clash.y0.pl/posting.php?mode=quote&p=1380&sid=c20b76a3e3e2da6fb08623b37092bcad
http://forum.clash.y0.pl/posting.php?mode=quote&p=1382,http://forum.clash.y0.pl/posting.php?mode=quote&p=1382&sid=d02d4cf7b1ff50dd75555b1edc556ce9,20240620085744,20240620085744,1,text/html,FCMICGO6MF2OHT2CO2JBMAABI7NXLS66,4215,https://web.archive.org/web/20240620085744id_/http://forum.clash.y0.pl/posting.php?mode=quote&p=1382&sid=d02d4cf7b1ff50dd75555b1edc556ce9
http://forum.clash.y0.pl/posting.php?mode=quote&p=1383,http://forum.clash.y0.pl/posting.php?mode=quote&p=1383&sid=d02d4cf7b1ff50dd75555b1edc556ce9,20240614055827,20240614055827,1,text/html,ZQNP7JXIP5HREYFLSTOWKVQVXFW4NUYJ,4221,https://web.archive.org/web/20240614055827id_/http://forum.clash.y0.pl/posting.php?mode=quote&p=1383&sid=d02d4cf7b1ff50dd75555b1edc556ce9
http://forum.clash.y0.pl/posting.php?mode=quote&p=1387,http://forum.clash.y0.pl/posting.php?mode=quote&p=1387&sid=d02d4cf7b1ff50dd75555b1edc556ce9,20240620101450,20240620101450,1,text/html,35L5B5IVLYN3XVEJDBKILHUSMTKN3X3I,4211,https://web.archive.org/web/20240620101450id_/http://forum.clash.y0.pl/posting.php?mode=quote&p=1387&sid=d02d4cf7b1ff50dd75555b1edc556ce9
http://forum.clash.y0.pl/posting.php?mode=quote&p=1390,http://forum.clash.y0.pl/posting.php?mode=quote&p=1390&sid=d02d4cf7b1ff50dd75555b1edc556ce9,20240614063529,20240614063529,1,text/html,KAY4Y3GI5BELG5HL6AUOUJDM52272G25,4222,https://web.archive.org/web/20240614063529id_/http://forum.clash.y0.pl/posting.php?mode=quote&p=1390&sid=d02d4cf7b1ff50dd75555b1edc556ce9
http://forum.clash.y0.pl/posting.php?mode=quote&p=1391,http://forum.clash.y0.pl/posting.php?mode=quote&p=1391&sid=d02d4cf7b1ff50dd75555b1edc556ce9,20240620100718,20240620100718,1,text/html,E7PXEHNVYVUBVRZOVJUDHA3MMXXGQ344,4220,https://web.archive.org/web/20240620100718id_/http://forum.clash.y0.pl/posting.php?mode=quote&p=1391&sid=d02d4cf7b1ff50dd75555b1edc556ce9
http://forum.clash.y0.pl/posting.php?mode=quote&p=1399,http://forum.clash.y0.pl/posting.php?mode=quote&p=1399&sid=d02d4cf7b1ff50dd75555b1edc556ce9,20240621082837,20240621082837,1,text/html,E2LX7UQNZTNDXQDQM3MYNQ2SMNCHT6XL,4218,https://web.archive.org/web/20240621082837id_/http://forum.clash.y0.pl/posting.php?mode=quote&p=1399&sid=d02d4cf7b1ff50dd75555b1edc556ce9
http://forum.clash.y0.pl/posting.php?mode=quote&p=1400,http://forum.clash.y0.pl/posting.php?mode=quote&p=1400&sid=d02d4cf7b1ff50dd75555b1edc556ce9,20240614101542,20240614101542,1,text/html,S6UYV7FTGOUMUX2KZIRYJJZF2B34EJPI,4214,https://web.archive.org/web/20240614101542id_/http://forum.clash.y0.pl/posting.php?mode=quote&p=1400&sid=d02d4cf7b1ff50dd75555b1edc556ce9
http://forum.clash.y0.pl/posting.php?mode=quote&p=1402,http://forum.clash.y0.pl/posting.php?mode=quote&p=1402&sid=d02d4cf7b1ff50dd75555b1edc556ce9,20240614051536,20240614051536,1,text/html,A4DMIBHECTSNIV7M5PNW7C2HDIF2U2W6,4211,https://web.archive.org/web/20240614051536id_/http://forum.clash.y0.pl/posting.php?mode=quote&p=1402&sid=d02d4cf7b1ff50dd75555b1edc556ce9
http://forum.clash.y0.pl/posting.php?mode=quote&p=1424,http://forum.clash.y0.pl/posting.php?mode=quote&p=1424&sid=b8166bff977d78e99fd278daa33c1862,20240624054144,20240624054144,1,text/html,5I2LCVAWURZXMDNAB6KMWUQEVYW2PEO7,4221,https://web.archive.org/web/20240624054144id_/http://forum.clash.y0.pl/posting.php?mode=quote&p=1424&sid=b8166bff977d78e99fd278daa33c1862
http://forum.clash.y0.pl/posting.php?mode=quote&p=1425,http://forum.clash.y0.pl/posting.php?mode=quote&p=1425&sid=b8166bff977d78e99fd278daa33c1862,20240624055946,20240624055946,1,text/html,S3O6XOPLWDY5DBYOVR7BC265344IF6Y6,4221,https://web.archive.org/web/20240624055946id_/http://forum.clash.y0.pl/posting.php?mode=quote&p=1425&sid=b8166bff977d78e99fd278daa33c1862
http://forum.clash.y0.pl/posting.php?mode=quote&p=1426,http://forum.clash.y0.pl/posting.php?mode=quote&p=1426&sid=b8166bff977d78e99fd278daa33c1862,20240624061749,20240624061749,1,text/html,BJCY62EM4T4UFIYJD3KTLPEQRTB2CGTV,4213,https://web.archive.org/web/20240624061749id_/http://forum.clash.y0.pl/posting.php?mode=quote&p=1426&sid=b8166bff977d78e99fd278daa33c1862
http://forum.clash.y0.pl/posting.php?mode=quote&p=1427,http://forum.clash.y0.pl/posting.php?mode=quote&p=1427&sid=b8166bff977d78e99fd278daa33c1862,20240614084339,20240614084339,1,text/html,WMA2K6VTUWNEGDIOUOMDXINGDZYTPH2Z,4222,https://web.archive.org/web/20240614084339id_/http://forum.clash.y0.pl/posting.php?mode=quote&p=1427&sid=b8166bff977d78e99fd278daa33c1862
http://forum.clash.y0.pl/posting.php?mode=quote&p=1428,http://forum.clash.y0.pl/posting.php?mode=quote&p=1428&sid=b8166bff977d78e99fd278daa33c1862,20240624064131,20240624064131,1,text/html,IDHZPY4KYQCHX2LQOTMZVNGQIUBYGHF7,4217,https://web.archive.org/web/20240624064131id_/http://forum.clash.y0.pl/posting.php?mode=quote&p=1428&sid=b8166bff977d78e99fd278daa33c1862
http://forum.clash.y0.pl/posting.php?mode=quote&p=1429,http://forum.clash.y0.pl/posting.php?mode=quote&p=1429&sid=b8166bff977d78e99fd278daa33c1862,20240624065344,20240624065344,1,text/html,MVNIARYPO2S6T76PFXPBI6POESVUQRB2,4216,https://web.archive.org/web/20240624065344id_/http://forum.clash.y0.pl/posting.php?mode=quote&p=1429&sid=b8166bff977d78e99fd278daa33c1862
http://forum.clash.y0.pl/posting.php?mode=quote&p=1430,http://forum.clash.y0.pl/posting.php?mode=quote&p=1430&sid=b8166bff977d78e99fd278daa33c1862,20240624060817,20240624060817,1,text/html,VOSNOUI3KB7SXZHISQS2WHXZ2RVXEH47,4216,https://web.archive.org/web/20240624060817id_/http://forum.clash.y0.pl/posting.php?mode=quote&p=1430&sid=b8166bff977d78e99fd278daa33c1862
http://forum.clash.y0.pl/posting.php?mode=quote&p=1431,http://forum.clash.y0.pl/posting.php?mode=quote&p=1431&sid=126c9991e96ea479a6b2185133120d61,20240624063413,20240624063413,1,text/html,K7R3FGL2VVO4YEHRPBPW3N5HMQGJHYFN,4219,https://web.archive.org/web/20240624063413id_/http://forum.clash.y0.pl/posting.php?mode=quote&p=1431&sid=126c9991e96ea479a6b2185133120d61
http://forum.clash.y0.pl/posting.php?mode=quote&p=1433,http://forum.clash.y0.pl/posting.php?mode=quote&p=1433&sid=b8166bff977d78e99fd278daa33c1862,20240624064439,20240624064439,1,text/html,PQRKPZWPSUDVUXQLYIWYHD237BBAH3UB,4218,https://web.archive.org/web/20240624064439id_/http://forum.clash.y0.pl/posting.php?mode=quote&p=1433&sid=b8166bff977d78e99fd278daa33c1862
http://forum.clash.y0.pl/posting.php?mode=quote&p=1434,http://forum.clash.y0.pl/posting.php?mode=quote&p=1434&sid=b8166bff977d78e99fd278daa33c1862,20240624070852,20240624070852,1,text/html,4Y2HP57QAYJSBZM2QSFB3MJQPHLVQMZV,4214,https://web.archive.org/web/20240624070852id_/http://forum.clash.y0.pl/posting.php?mode=quote&p=1434&sid=b8166bff977d78e99fd278daa33c1862
http://forum.clash.y0.pl/posting.php?mode=quote&p=1449,http://forum.clash.y0.pl/posting.php?mode=quote&p=1449&sid=761a5e1b050f16e72b599d40fac2af02,20240521041450,20240521041450,1,text/html,APLKYPQGK62MZRE2J2Y4QKL3HHD3UNOX,4554,https://web.archive.org/web/20240521041450id_/http://forum.clash.y0.pl/posting.php?mode=quote&p=1449&sid=761a5e1b050f16e72b599d40fac2af02
http://forum.clash.y0.pl/posting.php?mode=quote&p=1453,http://forum.clash.y0.pl/posting.php?mode=quote&p=1453&sid=761a5e1b050f16e72b599d40fac2af02,20240521040933,20240521040933,1,text/html,UX5AP37AVT5EIY6SBERW475FUJAVMOL5,4549,https://web.archive.org/web/20240521040933id_/http://forum.clash.y0.pl/posting.php?mode=quote&p=1453&sid=761a5e1b050f16e72b599d40fac2af02
http://forum.clash.y0.pl/posting.php?mode=quote&p=1454,http://forum.clash.y0.pl/posting.php?mode=quote&p=1454&sid=761a5e1b050f16e72b599d40fac2af02,20240521041739,20240521041739,1,text/html,ICEG5V32I6GFN4QDWOI6V4XL27GAFBKZ,4551,https://web.archive.org/web/20240521041739id_/http://forum.clash.y0.pl/posting.php?mode=quote&p=1454&sid=761a5e1b050f16e72b599d40fac2af02
http://forum.clash.y0.pl/posting.php?mode=quote&p=150,http://forum.clash.y0.pl/posting.php?mode=quote&p=150&sid=72217aa2ac3dc063d0b91e5b4f50c5cc,20240614064801,20240614064801,1,text/html,CDK2AQNWNPBYWGUWEZVJZXFQTSEYPGIR,4214,https://web.archive.org/web/20240614064801id_/http://forum.clash.y0.pl/posting.php?mode=quote&p=150&sid=72217aa2ac3dc063d0b91e5b4f50c5cc
http://forum.clash.y0.pl/posting.php?mode=quote&p=151,http://forum.clash.y0.pl/posting.php?mode=quote&p=151&sid=72217aa2ac3dc063d0b91e5b4f50c5cc,20240614054238,20240614054238,1,text/html,JBUSTBYXLCM36AJ4XQW7REWAKTSOX2TM,4213,https://web.archive.org/web/20240614054238id_/http://forum.clash.y0.pl/posting.php?mode=quote&p=151&sid=72217aa2ac3dc063d0b91e5b4f50c5cc
http://forum.clash.y0.pl/posting.php?mode=quote&p=152,http://forum.clash.y0.pl/posting.php?mode=quote&p=152&sid=72217aa2ac3dc063d0b91e5b4f50c5cc,20240620101921,20240620101921,1,text/html,QSZ6NMOGENQAZMEB4U6HWL5OAJUKHTTI,4217,https://web.archive.org/web/20240620101921id_/http://forum.clash.y0.pl/posting.php?mode=quote&p=152&sid=72217aa2ac3dc063d0b91e5b4f50c5cc
http://forum.clash.y0.pl/posting.php?mode=quote&p=1529,http://forum.clash.y0.pl/posting.php?mode=quote&p=1529&sid=90f6df52c6c825a9118994b7f2ae46a7,20240908160615,20240908160615,1,text/html,W5L2PGI6DSVTACSLBDUP4TUQX4K6FMLJ,4560,https://web.archive.org/web/20240908160615id_/http://forum.clash.y0.pl/posting.php?mode=quote&p=1529&sid=90f6df52c6c825a9118994b7f2ae46a7
http://forum.clash.y0.pl/posting.php?mode=quote&p=1530,http://forum.clash.y0.pl/posting.php?mode=quote&p=1530&sid=5e4f71c44dfc52e45713ed95d2fadf58,20240908171247,20240908171247,1,text/html,5TL3K6Y35IMY5DSRXSCANHGXLYEC7CBX,4566,https://web.archive.org/web/20240908171247id_/http://forum.clash.y0.pl/posting.php?mode=quote&p=1530&sid=5e4f71c44dfc52e45713ed95d2fadf58
http://forum.clash.y0.pl/posting.php?mode=quote&p=1532,http://forum.clash.y0.pl/posting.php?mode=quote&p=1532&sid=d3f4d1684b52a51534d529d3d8a923c2,20240908151222,20240908151222,1,text/html,VRM5HOCHR6ATWWX3MOZICGMBZSGZS7PR,4563,https://web.archive.org/web/20240908151222id_/http://forum.clash.y0.pl/posting.php?mode=quote&p=1532&sid=d3f4d1684b52a51534d529d3d8a923c2
http://forum.clash.y0.pl/posting.php?mode=quote&p=1535,http://forum.clash.y0.pl/posting.php?mode=quote&p=1535&sid=d3f4d1684b52a51534d529d3d8a923c2,20240908155326,20240908155326,1,text/html,QFYXHYK3LE4EIXANIP5KOZIO5IWLC7PC,4562,https://web.archive.org/web/20240908155326id_/http://forum.clash.y0.pl/posting.php?mode=quote&p=1535&sid=d3f4d1684b52a51534d529d3d8a923c2
http://forum.clash.y0.pl/posting.php?mode=quote&p=1538,http://forum.clash.y0.pl/posting.php?mode=quote&p=1538&sid=85f13b86c50af75cb93e0fcafcee35da,20240908155701,20240908155701,1,text/html,6EVS54H7HZGQ2Z6L622PJAG7XW6C3JRE,4563,https://web.archive.org/web/20240908155701id_/http://forum.clash.y0.pl/posting.php?mode=quote&p=1538&sid=85f13b86c50af75cb93e0fcafcee35da
http://forum.clash.y0.pl/posting.php?mode=quote&p=1550,http://forum.clash.y0.pl/posting.php?mode=quote&p=1550&sid=dc0eea1b54ed1b71e8abc3a9cbdaa552,20240618145045,20240618145045,1,text/html,VUTCGTY6E3TNB74PTVDL4FQ2FS4P2W36,4215,https://web.archive.org/web/20240618145045id_/http://forum.clash.y0.pl/posting.php?mode=quote&p=1550&sid=dc0eea1b54ed1b71e8abc3a9cbdaa552
http://forum.clash.y0.pl/posting.php?mode=quote&p=1551,http://forum.clash.y0.pl/posting.php?mode=quote&p=1551&sid=afea8e0f1c381e3aebf4d5bdb3c25994,20240618152228,20240618152228,1,text/html,JEYC3NJZEPV3ZARO77LISEQQDWC3DTFC,4216,https://web.archive.org/web/20240618152228id_/http://forum.clash.y0.pl/posting.php?mode=quote&p=1551&sid=afea8e0f1c381e3aebf4d5bdb3c25994
http://forum.clash.y0.pl/posting.php?mode=quote&p=1552,http://forum.clash.y0.pl/posting.php?mode=quote&p=1552&sid=dc0eea1b54ed1b71e8abc3a9cbdaa552,20240618151815,20240618151815,1,text/html,VPFAJMPGLIOLAXZJVLOXLR76FPOJHOPU,4211,https://web.archive.org/web/20240618151815id_/http://forum.clash.y0.pl/posting.php?mode=quote&p=1552&sid=dc0eea1b54ed1b71e8abc3a9cbdaa552
http://forum.clash.y0.pl/posting.php?mode=quote&p=1553,http://forum.clash.y0.pl/posting.php?mode=quote&p=1553&sid=afea8e0f1c381e3aebf4d5bdb3c25994,20240618155711,20240618155711,1,text/html,QAAEUMFM44YCZYY4SJQ6CP24SL7V3AD2,4214,https://web.archive.org/web/20240618155711id_/http://forum.clash.y0.pl/posting.php?mode=quote&p=1553&sid=afea8e0f1c381e3aebf4d5bdb3c25994
http://forum.clash.y0.pl/posting.php?mode=quote&p=1554,http://forum.clash.y0.pl/posting.php?mode=quote&p=1554&sid=dc0eea1b54ed1b71e8abc3a9cbdaa552,20240618155005,20240618155005,1,text/html,PSJX23YPECYNGC5KSBEPTZZQUDCMLMBI,4216,https://web.archive.org/web/20240618155005id_/http://forum.clash.y0.pl/posting.php?mode=quote&p=1554&sid=dc0eea1b54ed1b71e8abc3a9cbdaa552
http://forum.clash.y0.pl/posting.php?mode=quote&p=1555,http://forum.clash.y0.pl/posting.php?mode=quote&p=1555&sid=dc0eea1b54ed1b71e8abc3a9cbdaa552,20240618160307,20240618160307,1,text/html,BC5XUNZFQACVJTFAGRG5ZBTDSTWWDLX5,4212,https://web.archive.org/web/20240618160307id_/http://forum.clash.y0.pl/posting.php?mode=quote&p=1555&sid=dc0eea1b54ed1b71e8abc3a9cbdaa552
http://forum.clash.y0.pl/posting.php?mode=quote&p=1556,http://forum.clash.y0.pl/posting.php?mode=quote&p=1556&sid=dc0eea1b54ed1b71e8abc3a9cbdaa552,20240618161448,20240618161448,1,text/html,ELL3EW7FV6QPVCONPBBAJNHKVD6MXVNK,4215,https://web.archive.org/web/20240618161448id_/http://forum.clash.y0.pl/posting.php?mode=quote&p=1556&sid=dc0eea1b54ed1b71e8abc3a9cbdaa552
http://forum.clash.y0.pl/posting.php?mode=quote&p=1557,http://forum.clash.y0.pl/posting.php?mode=quote&p=1557&sid=dc0eea1b54ed1b71e8abc3a9cbdaa552,20240618162836,20240618162836,1,text/html,7OE6LR2U57J3F5WRRQQJFWP2JYX6WBEL,4217,https://web.archive.org/web/20240618162836id_/http://forum.clash.y0.pl/posting.php?mode=quote&p=1557&sid=dc0eea1b54ed1b71e8abc3a9cbdaa552
http://forum.clash.y0.pl/posting.php?mode=quote&p=1558,http://forum.clash.y0.pl/posting.php?mode=quote&p=1558&sid=dc0eea1b54ed1b71e8abc3a9cbdaa552,20240618142015,20240618142015,1,text/html,HPC5W57FILP63VOZFGMGVNTB7K3YGWGD,4210,https://web.archive.org/web/20240618142015id_/http://forum.clash.y0.pl/posting.php?mode=quote&p=1558&sid=dc0eea1b54ed1b71e8abc3a9cbdaa552
http://forum.clash.y0.pl/posting.php?mode=quote&p=1559,http://forum.clash.y0.pl/posting.php?mode=quote&p=1559&sid=dc0eea1b54ed1b71e8abc3a9cbdaa552,20240618144021,20240618144021,1,text/html,RFEBLBW3GDORJZNDDCE3AURAXQ5FR6U6,4212,https://web.archive.org/web/20240618144021id_/http://forum.clash.y0.pl/posting.php?mode=quote&p=1559&sid=dc0eea1b54ed1b71e8abc3a9cbdaa552
http://forum.clash.y0.pl/posting.php?mode=quote&p=1560,http://forum.clash.y0.pl/posting.php?mode=quote&p=1560&sid=500e00cb5d19104148e07f5f33cc23f8,20240521042727,20240521042727,1,text/html,XFKZHUSTC4RM62YNJA5TAONZPII3W6IW,4480,https://web.archive.org/web/20240521042727id_/http://forum.clash.y0.pl/posting.php?mode=quote&p=1560&sid=500e00cb5d19104148e07f5f33cc23f8
http://forum.clash.y0.pl/posting.php?mode=quote&p=157,http://forum.clash.y0.pl/posting.php?mode=quote&p=157&sid=72217aa2ac3dc063d0b91e5b4f50c5cc,20240621083359,20240621083359,1,text/html,Q3GJ7H2K4A52S2OF6XISS5JHT3HNAPBK,4215,https://web.archive.org/web/20240621083359id_/http://forum.clash.y0.pl/posting.php?mode=quote&p=157&sid=72217aa2ac3dc063d0b91e5b4f50c5cc
http://forum.clash.y0.pl/posting.php?mode=quote&p=1583,http://forum.clash.y0.pl/posting.php?mode=quote&p=1583&sid=799407f88ae273e9b7bab554894ee2c1,20240527200140,20240527200140,1,text/html,6DLHFWZXHLTOYYILUOF242LRVUEJP7LE,4553,https://web.archive.org/web/20240527200140id_/http://forum.clash.y0.pl/posting.php?mode=quote&p=1583&sid=799407f88ae273e9b7bab554894ee2c1
http://forum.clash.y0.pl/posting.php?mode=quote&p=1584,http://forum.clash.y0.pl/posting.php?mode=quote&p=1584&sid=799407f88ae273e9b7bab554894ee2c1,20240527181029,20240527181029,1,text/html,6QZK73PN5KWWZJJMZKWXFTNT4UJPT2BS,4548,https://web.archive.org/web/20240527181029id_/http://forum.clash.y0.pl/posting.php?mode=quote&p=1584&sid=799407f88ae273e9b7bab554894ee2c1
http://forum.clash.y0.pl/posting.php?mode=quote&p=1585,http://forum.clash.y0.pl/posting.php?mode=quote&p=1585&sid=799407f88ae273e9b7bab554894ee2c1,20240527182801,20240527182801,1,text/html,JGLGMUA3MZQPQVISBCRY2T5BKYN6KD7E,4555,https://web.archive.org/web/20240527182801id_/http://forum.clash.y0.pl/posting.php?mode=quote&p=1585&sid=799407f88ae273e9b7bab554894ee2c1
http://forum.clash.y0.pl/posting.php?mode=quote&p=1586,http://forum.clash.y0.pl/posting.php?mode=quote&p=1586&sid=799407f88ae273e9b7bab554894ee2c1,20240527183811,20240527183811,1,text/html,45IVUP7KASUOGCSWOJZHKZ2BI62RQND5,4553,https://web.archive.org/web/20240527183811id_/http://forum.clash.y0.pl/posting.php?mode=quote&p=1586&sid=799407f88ae273e9b7bab554894ee2c1
http://forum.clash.y0.pl/posting.php?mode=quote&p=1587,http://forum.clash.y0.pl/posting.php?mode=quote&p=1587&sid=799407f88ae273e9b7bab554894ee2c1,20240527185130,20240527185130,1,text/html,V6GH7PYP4JQFTZAWD7AEZQNRH2HGTGQA,4549,https://web.archive.org/web/20240527185130id_/http://forum.clash.y0.pl/posting.php?mode=quote&p=1587&sid=799407f88ae273e9b7bab554894ee2c1
http://forum.clash.y0.pl/posting.php?mode=quote&p=1591,http://forum.clash.y0.pl/posting.php?mode=quote&p=1591&sid=799407f88ae273e9b7bab554894ee2c1,20240527184517,20240527184517,1,text/html,VUQFB6VRZLDCCA7UPDOARBEMARFIU6KN,4550,https://web.archive.org/web/20240527184517id_/http://forum.clash.y0.pl/posting.php?mode=quote&p=1591&sid=799407f88ae273e9b7bab554894ee2c1
http://forum.clash.y0.pl/posting.php?mode=quote&p=1604,http://forum.clash.y0.pl/posting.php?mode=quote&p=1604&sid=e023a287118c5eda9d4366727597a8af,20240527184329,20240527184329,1,text/html,TOSB6FX36POGUSOSDLBBTB3LEVK7VRRD,4556,https://web.archive.org/web/20240527184329id_/http://forum.clash.y0.pl/posting.php?mode=quote&p=1604&sid=e023a287118c5eda9d4366727597a8af
http://forum.clash.y0.pl/posting.php?mode=quote&p=1605,http://forum.clash.y0.pl/posting.php?mode=quote&p=1605&sid=e023a287118c5eda9d4366727597a8af,20240527185621,20240527185621,1,text/html,W47Q36O6TBKKW7U5H6PHAARURIRKCOMH,4551,https://web.archive.org/web/20240527185621id_/http://forum.clash.y0.pl/posting.php?mode=quote&p=1605&sid=e023a287118c5eda9d4366727597a8af
http://forum.clash.y0.pl/posting.php?mode=quote&p=1606,http://forum.clash.y0.pl/posting.php?mode=quote&p=1606&sid=e023a287118c5eda9d4366727597a8af,20240527190523,20240527190523,1,text/html,B53EVPUOVAKTPM6RQP2CZZJ77TW42NUG,4547,https://web.archive.org/web/20240527190523id_/http://forum.clash.y0.pl/posting.php?mode=quote&p=1606&sid=e023a287118c5eda9d4366727597a8af
http://forum.clash.y0.pl/posting.php?mode=quote&p=1607,http://forum.clash.y0.pl/posting.php?mode=quote&p=1607&sid=e023a287118c5eda9d4366727597a8af,20240527191528,20240527191528,1,text/html,44PSYFDXYSR3KLS2LEAQ7YQJONRHAANV,4553,https://web.archive.org/web/20240527191528id_/http://forum.clash.y0.pl/posting.php?mode=quote&p=1607&sid=e023a287118c5eda9d4366727597a8af
http://forum.clash.y0.pl/posting.php?mode=quote&p=1608,http://forum.clash.y0.pl/posting.php?mode=quote&p=1608&sid=e023a287118c5eda9d4366727597a8af,20240519180854,20240519180854,1,text/html,3OA4GJADR2CMSM5G63OLL7QEECUDEZJP,4553,https://web.archive.org/web/20240519180854id_/http://forum.clash.y0.pl/posting.php?mode=quote&p=1608&sid=e023a287118c5eda9d4366727597a8af
http://forum.clash.y0.pl/posting.php?mode=quote&p=1609,http://forum.clash.y0.pl/posting.php?mode=quote&p=1609&sid=e023a287118c5eda9d4366727597a8af,20240527194256,20240527194256,1,text/html,NMZXDE36GQNBQLUCPP3IYB3Q7LTQQCTY,4552,https://web.archive.org/web/20240527194256id_/http://forum.clash.y0.pl/posting.php?mode=quote&p=1609&sid=e023a287118c5eda9d4366727597a8af
http://forum.clash.y0.pl/posting.php?mode=quote&p=1611,http://forum.clash.y0.pl/posting.php?mode=quote&p=1611&sid=e023a287118c5eda9d4366727597a8af,20240527190848,20240527190848,1,text/html,LZDCZQZNDX5IZW42IS5T3JLOJ7JADA43,4545,https://web.archive.org/web/20240527190848id_/http://forum.clash.y0.pl/posting.php?mode=quote&p=1611&sid=e023a287118c5eda9d4366727597a8af
http://forum.clash.y0.pl/posting.php?mode=quote&p=1630,http://forum.clash.y0.pl/posting.php?mode=quote&p=1630&sid=e023a287118c5eda9d4366727597a8af,20240519174709,20240519174709,1,text/html,UEX5IAQVKVI4BBLRM5KOHYHKJPCH722P,4550,https://web.archive.org/web/20240519174709id_/http://forum.clash.y0.pl/posting.php?mode=quote&p=1630&sid=e023a287118c5eda9d4366727597a8af
http://forum.clash.y0.pl/posting.php?mode=quote&p=1631,http://forum.clash.y0.pl/posting.php?mode=quote&p=1631&sid=e023a287118c5eda9d4366727597a8af,20240519180111,20240519180111,1,text/html,XDXL4OE5JJT664KHBEGC6R6HRSO6GGSU,4550,https://web.archive.org/web/20240519180111id_/http://forum.clash.y0.pl/posting.php?mode=quote&p=1631&sid=e023a287118c5eda9d4366727597a8af
http://forum.clash.y0.pl/posting.php?mode=quote&p=1632,http://forum.clash.y0.pl/posting.php?mode=quote&p=1632&sid=e023a287118c5eda9d4366727597a8af,20240519181411,20240519181411,1,text/html,OIYNEOEHVDOEZ2RHEP3BVAJVH33LW5IG,4550,https://web.archive.org/web/20240519181411id_/http://forum.clash.y0.pl/posting.php?mode=quote&p=1632&sid=e023a287118c5eda9d4366727597a8af
http://forum.clash.y0.pl/posting.php?mode=quote&p=1633,http://forum.clash.y0.pl/posting.php?mode=quote&p=1633&sid=a2d00e3d56cad43a44dc4e161f61b132,20240622215039,20240622215039,1,text/html,YIDWKAFU5EQIXZOOAELP37WYIM43Q26F,4213,https://web.archive.org/web/20240622215039id_/http://forum.clash.y0.pl/posting.php?mode=quote&p=1633&sid=a2d00e3d56cad43a44dc4e161f61b132
http://forum.clash.y0.pl/posting.php?mode=quote&p=1635,http://forum.clash.y0.pl/posting.php?mode=quote&p=1635&sid=a2d00e3d56cad43a44dc4e161f61b132,20240622222308,20240622222308,1,text/html,HU2G5PNX3TEJOO6JQRWCQPSCEFBL64WL,4218,https://web.archive.org/web/20240622222308id_/http://forum.clash.y0.pl/posting.php?mode=quote&p=1635&sid=a2d00e3d56cad43a44dc4e161f61b132
http://forum.clash.y0.pl/posting.php?mode=quote&p=1636,http://forum.clash.y0.pl/posting.php?mode=quote&p=1636&sid=a2d00e3d56cad43a44dc4e161f61b132,20240622223838,20240622223838,1,text/html,Z45OPMITY3QTAUOPNPPBO7KDVEI6UYTH,4212,https://web.archive.org/web/20240622223838id_/http://forum.clash.y0.pl/posting.php?mode=quote&p=1636&sid=a2d00e3d56cad43a44dc4e161f61b132
http://forum.clash.y0.pl/posting.php?mode=quote&p=1637,http://forum.clash.y0.pl/posting.php?mode=quote&p=1637&sid=a2d00e3d56cad43a44dc4e161f61b132,20240622225701,20240622225701,1,text/html,N5I6NFBNW5VZYOGUHJLGGCVIMBZTI5JD,4217,https://web.archive.org/web/20240622225701id_/http://forum.clash.y0.pl/posting.php?mode=quote&p=1637&sid=a2d00e3d56cad43a44dc4e161f61b132
http://forum.clash.y0.pl/posting.php?mode=quote&p=1638,http://forum.clash.y0.pl/posting.php?mode=quote&p=1638&sid=a2d00e3d56cad43a44dc4e161f61b132,20240622231315,20240622231315,1,text/html,NUU7KLHVTU5X3WPNVHCJDGJPURJ5BKAQ,4210,https://web.archive.org/web/20240622231315id_/http://forum.clash.y0.pl/posting.php?mode=quote&p=1638&sid=a2d00e3d56cad43a44dc4e161f61b132
http://forum.clash.y0.pl/posting.php?mode=quote&p=1639,http://forum.clash.y0.pl/posting.php?mode=quote&p=1639&sid=a2d00e3d56cad43a44dc4e161f61b132,20240622232528,20240622232528,1,text/html,Q7EAD4UVZL5QTIB7VBTNSWDODXPEBKRS,4218,https://web.archive.org/web/20240622232528id_/http://forum.clash.y0.pl/posting.php?mode=quote&p=1639&sid=a2d00e3d56cad43a44dc4e161f61b132
http://forum.clash.y0.pl/posting.php?mode=quote&p=1646,http://forum.clash.y0.pl/posting.php?mode=quote&p=1646&sid=799407f88ae273e9b7bab554894ee2c1,20240527183411,20240527183411,1,text/html,D7SCAXY7T3SSMEDO6AZ72UV4TOFLL5KA,4549,https://web.archive.org/web/20240527183411id_/http://forum.clash.y0.pl/posting.php?mode=quote&p=1646&sid=799407f88ae273e9b7bab554894ee2c1
http://forum.clash.y0.pl/posting.php?mode=quote&p=1647,http://forum.clash.y0.pl/posting.php?mode=quote&p=1647&sid=799407f88ae273e9b7bab554894ee2c1,20240527184810,20240527184810,1,text/html,7AIELFZVSHD4AMJVUV5HL5LAUFDNJJEZ,4547,https://web.archive.org/web/20240527184810id_/http://forum.clash.y0.pl/posting.php?mode=quote&p=1647&sid=799407f88ae273e9b7bab554894ee2c1
http://forum.clash.y0.pl/posting.php?mode=quote&p=1649,http://forum.clash.y0.pl/posting.php?mode=quote&p=1649&sid=799407f88ae273e9b7bab554894ee2c1,20240527190943,20240527190943,1,text/html,4E3ZUZTQMANKVYB4GYRKBULVPRBZL7SW,4557,https://web.archive.org/web/20240527190943id_/http://forum.clash.y0.pl/posting.php?mode=quote&p=1649&sid=799407f88ae273e9b7bab554894ee2c1
http://forum.clash.y0.pl/posting.php?mode=quote&p=1653,http://forum.clash.y0.pl/posting.php?mode=quote&p=1653&sid=e69d19879901a14aa77f5c456987c177,20240521044359,20240521044359,1,text/html,5OGWLWGBWZ7DAZJE7A3A5L2KJJXLWUJN,4551,https://web.archive.org/web/20240521044359id_/http://forum.clash.y0.pl/posting.php?mode=quote&p=1653&sid=e69d19879901a14aa77f5c456987c177
http://forum.clash.y0.pl/posting.php?mode=quote&p=1654,http://forum.clash.y0.pl/posting.php?mode=quote&p=1654&sid=e69d19879901a14aa77f5c456987c177,20240521045301,20240521045301,1,text/html,E3V3SGB4HXK7XUT4XH7OHPQOD7HOFLCV,4479,https://web.archive.org/web/20240521045301id_/http://forum.clash.y0.pl/posting.php?mode=quote&p=1654&sid=e69d19879901a14aa77f5c456987c177
http://forum.clash.y0.pl/posting.php?mode=quote&p=1657,http://forum.clash.y0.pl/posting.php?mode=quote&p=1657&sid=e69d19879901a14aa77f5c456987c177,20240521033555,20240521033555,1,text/html,6NRVVSFLSDV7BX2C7HS4DIDUO25ZBSJB,4483,https://web.archive.org/web/20240521033555id_/http://forum.clash.y0.pl/posting.php?mode=quote&p=1657&sid=e69d19879901a14aa77f5c456987c177
http://forum.clash.y0.pl/posting.php?mode=quote&p=1658,http://forum.clash.y0.pl/posting.php?mode=quote&p=1658&sid=e69d19879901a14aa77f5c456987c177,20240521035107,20240521035107,1,text/html,SWFDOM62H6PZXXU24DXDNGRHBO3IQOY3,4551,https://web.archive.org/web/20240521035107id_/http://forum.clash.y0.pl/posting.php?mode=quote&p=1658&sid=e69d19879901a14aa77f5c456987c177
http://forum.clash.y0.pl/posting.php?mode=quote&p=1659,http://forum.clash.y0.pl/posting.php?mode=quote&p=1659&sid=e69d19879901a14aa77f5c456987c177,20240521040043,20240521040043,1,text/html,IU6ICT3ACE35KKFSVMIP7EYAGCUFLDGV,4552,https://web.archive.org/web/20240521040043id_/http://forum.clash.y0.pl/posting.php?mode=quote&p=1659&sid=e69d19879901a14aa77f5c456987c177
http://forum.clash.y0.pl/posting.php?mode=quote&p=1660,http://forum.clash.y0.pl/posting.php?mode=quote&p=1660&sid=e69d19879901a14aa77f5c456987c177,20240521031353,20240521031353,1,text/html,II4IWZ6TLNX6C24EOLBGWANZKGGAI6C7,4550,https://web.archive.org/web/20240521031353id_/http://forum.clash.y0.pl/posting.php?mode=quote&p=1660&sid=e69d19879901a14aa77f5c456987c177
http://forum.clash.y0.pl/posting.php?mode=quote&p=1662,http://forum.clash.y0.pl/posting.php?mode=quote&p=1662&sid=e69d19879901a14aa77f5c456987c177,20240521034153,20240521034153,1,text/html,2IVRLDLJ467EUQAJPL272RGG3X2VZZY2,4483,https://web.archive.org/web/20240521034153id_/http://forum.clash.y0.pl/posting.php?mode=quote&p=1662&sid=e69d19879901a14aa77f5c456987c177
http://forum.clash.y0.pl/posting.php?mode=quote&p=1675,http://forum.clash.y0.pl/posting.php?mode=quote&p=1675&sid=923ca53abb27b311d54a20382799732b,20240615132208,20240615132208,1,text/html,GIEPCHI3FYV3TQJ45SZGWIFFMPFOMDQX,4219,https://web.archive.org/web/20240615132208id_/http://forum.clash.y0.pl/posting.php?mode=quote&p=1675&sid=923ca53abb27b311d54a20382799732b
http://forum.clash.y0.pl/posting.php?mode=quote&p=1678,http://forum.clash.y0.pl/posting.php?mode=quote&p=1678&sid=2194288e81900e63b91b50be22b80a84,20240615133433,20240615133433,1,text/html,3CS435XSFH5CNH7TRKEWZ4HBNLQDKHGV,4221,https://web.archive.org/web/20240615133433id_/http://forum.clash.y0.pl/posting.php?mode=quote&p=1678&sid=2194288e81900e63b91b50be22b80a84
http://forum.clash.y0.pl/posting.php?mode=quote&p=168,http://forum.clash.y0.pl/posting.php?mode=quote&p=168&sid=72217aa2ac3dc063d0b91e5b4f50c5cc,20240621075226,20240621075226,1,text/html,VZLXEGN22CTKLYGF5RH66RE2YTKZTFF4,4214,https://web.archive.org/web/20240621075226id_/http://forum.clash.y0.pl/posting.php?mode=quote&p=168&sid=72217aa2ac3dc063d0b91e5b4f50c5cc
http://forum.clash.y0.pl/posting.php?mode=quote&p=1693,http://forum.clash.y0.pl/posting.php?mode=quote&p=1693&sid=923ca53abb27b311d54a20382799732b,20240615130408,20240615130408,1,text/html,MUUQELHQT2E57GZZ2TJJDA5DBYQPK7M7,4218,https://web.archive.org/web/20240615130408id_/http://forum.clash.y0.pl/posting.php?mode=quote&p=1693&sid=923ca53abb27b311d54a20382799732b
http://forum.clash.y0.pl/posting.php?mode=quote&p=1694,http://forum.clash.y0.pl/posting.php?mode=quote&p=1694&sid=85f13b86c50af75cb93e0fcafcee35da,20240908160752,20240908160752,1,text/html,QXHBQYPYTM5BJS2VA6J4KRTMT47PWORE,4572,https://web.archive.org/web/20240908160752id_/http://forum.clash.y0.pl/posting.php?mode=quote&p=1694&sid=85f13b86c50af75cb93e0fcafcee35da
http://forum.clash.y0.pl/posting.php?mode=quote&p=188,http://forum.clash.y0.pl/posting.php?mode=quote&p=188&sid=72217aa2ac3dc063d0b91e5b4f50c5cc,20240620095758,20240620095758,1,text/html,OOX7EDABGPYP2LYTAY2N3YUQ4UNIEYK5,4214,https://web.archive.org/web/20240620095758id_/http://forum.clash.y0.pl/posting.php?mode=quote&p=188&sid=72217aa2ac3dc063d0b91e5b4f50c5cc
http://forum.clash.y0.pl/posting.php?mode=quote&p=189,http://forum.clash.y0.pl/posting.php?mode=quote&p=189&sid=72217aa2ac3dc063d0b91e5b4f50c5cc,20240620084847,20240620084847,1,text/html,JNH2SPXJJXM6SZCJF7ITFOTJIVFEN3H3,4219,https://web.archive.org/web/20240620084847id_/http://forum.clash.y0.pl/posting.php?mode=quote&p=189&sid=72217aa2ac3dc063d0b91e5b4f50c5cc
http://forum.clash.y0.pl/posting.php?mode=quote&p=190,http://forum.clash.y0.pl/posting.php?mode=quote&p=190&sid=72217aa2ac3dc063d0b91e5b4f50c5cc,20240621081341,20240621081341,1,text/html,SWYDB53D5PYUBTQL7K7YIBMGRAK6SILD,4214,https://web.archive.org/web/20240621081341id_/http://forum.clash.y0.pl/posting.php?mode=quote&p=190&sid=72217aa2ac3dc063d0b91e5b4f50c5cc
http://forum.clash.y0.pl/posting.php?mode=quote&p=192,http://forum.clash.y0.pl/posting.php?mode=quote&p=192&sid=72217aa2ac3dc063d0b91e5b4f50c5cc,20240614062406,20240614062406,1,text/html,VBOIR2D7SEAUPZLFHRMJBUF6RUDW67BU,4216,https://web.archive.org/web/20240614062406id_/http://forum.clash.y0.pl/posting.php?mode=quote&p=192&sid=72217aa2ac3dc063d0b91e5b4f50c5cc
http://forum.clash.y0.pl/posting.php?mode=quote&p=200,http://forum.clash.y0.pl/posting.php?mode=quote&p=200&sid=72217aa2ac3dc063d0b91e5b4f50c5cc,20240621071156,20240621071156,1,text/html,BE3K6PVLSRC24MZI7GTIL2XTLOMJCFBQ,4219,https://web.archive.org/web/20240621071156id_/http://forum.clash.y0.pl/posting.php?mode=quote&p=200&sid=72217aa2ac3dc063d0b91e5b4f50c5cc
http://forum.clash.y0.pl/posting.php?mode=quote&p=203,http://forum.clash.y0.pl/posting.php?mode=quote&p=203&sid=e9a4f5d6993bd842fad3ec5db249deee,20240527184626,20240527184626,1,text/html,27O4QILPHGGRB5PRQIUJU7TZZYENVEP6,4548,https://web.archive.org/web/20240527184626id_/http://forum.clash.y0.pl/posting.php?mode=quote&p=203&sid=e9a4f5d6993bd842fad3ec5db249deee
http://forum.clash.y0.pl/posting.php?mode=quote&p=205,http://forum.clash.y0.pl/posting.php?mode=quote&p=205&sid=e9a4f5d6993bd842fad3ec5db249deee,20240527185914,20240527185914,1,text/html,4JZZEOFHIUD6J7WMS2XHYMHQIUYY4MQZ,4550,https://web.archive.org/web/20240527185914id_/http://forum.clash.y0.pl/posting.php?mode=quote&p=205&sid=e9a4f5d6993bd842fad3ec5db249deee
http://forum.clash.y0.pl/posting.php?mode=quote&p=328,http://forum.clash.y0.pl/posting.php?mode=quote&p=328&sid=e9a4f5d6993bd842fad3ec5db249deee,20240527193240,20240527193240,1,text/html,4FYYHCHWWKQQZBRCZXJFMEO3R5YINWSN,4548,https://web.archive.org/web/20240527193240id_/http://forum.clash.y0.pl/posting.php?mode=quote&p=328&sid=e9a4f5d6993bd842fad3ec5db249deee
http://forum.clash.y0.pl/posting.php?mode=quote&p=331,http://forum.clash.y0.pl/posting.php?mode=quote&p=331&sid=e9a4f5d6993bd842fad3ec5db249deee,20240527180617,20240527180617,1,text/html,JNDS3ER3MKLV7OWC42N4MYX4E7ZBF3TX,4549,https://web.archive.org/web/20240527180617id_/http://forum.clash.y0.pl/posting.php?mode=quote&p=331&sid=e9a4f5d6993bd842fad3ec5db249deee
http://forum.clash.y0.pl/posting.php?mode=quote&p=355,http://forum.clash.y0.pl/posting.php?mode=quote&p=355&sid=e9a4f5d6993bd842fad3ec5db249deee,20240527191444,20240527191444,1,text/html,BAIBIOCNVUSY7C7LSI5RRB2JRIKKSECJ,4546,https://web.archive.org/web/20240527191444id_/http://forum.clash.y0.pl/posting.php?mode=quote&p=355&sid=e9a4f5d6993bd842fad3ec5db249deee
http://forum.clash.y0.pl/posting.php?mode=quote&p=356,http://forum.clash.y0.pl/posting.php?mode=quote&p=356&sid=e9a4f5d6993bd842fad3ec5db249deee,20240527182439,20240527182439,1,text/html,4HZ4R7T7CDGOXNX6VGUDBFYLFZUOQG5A,4547,https://web.archive.org/web/20240527182439id_/http://forum.clash.y0.pl/posting.php?mode=quote&p=356&sid=e9a4f5d6993bd842fad3ec5db249deee
http://forum.clash.y0.pl/posting.php?mode=quote&p=368,http://forum.clash.y0.pl/posting.php?mode=quote&p=368&sid=4c8ca3d75f376556719aa936bf07d9e5,20240614051923,20240614051923,1,text/html,7ZWOL7I66RQCTUREWNRUCOM3FMWO7ZHV,4220,https://web.archive.org/web/20240614051923id_/http://forum.clash.y0.pl/posting.php?mode=quote&p=368&sid=4c8ca3d75f376556719aa936bf07d9e5
http://forum.clash.y0.pl/posting.php?mode=quote&p=370,http://forum.clash.y0.pl/posting.php?mode=quote&p=370&sid=69de98cabd3cca6bc50382c3b8eb4bbd,20240614095504,20240614095504,1,text/html,XMH7A6U7VNXJLLM5RYL5BWAPVGI2PAOE,4212,https://web.archive.org/web/20240614095504id_/http://forum.clash.y0.pl/posting.php?mode=quote&p=370&sid=69de98cabd3cca6bc50382c3b8eb4bbd
http://forum.clash.y0.pl/posting.php?mode=quote&p=371,http://forum.clash.y0.pl/posting.php?mode=quote&p=371&sid=69de98cabd3cca6bc50382c3b8eb4bbd,20240614053703,20240614053703,1,text/html,ITTA7674RMAX444Y7BD2DYXV34ZP3WIG,4215,https://web.archive.org/web/20240614053703id_/http://forum.clash.y0.pl/posting.php?mode=quote&p=371&sid=69de98cabd3cca6bc50382c3b8eb4bbd
http://forum.clash.y0.pl/posting.php?mode=quote&p=372,http://forum.clash.y0.pl/posting.php?mode=quote&p=372&sid=69de98cabd3cca6bc50382c3b8eb4bbd,20240614100917,20240614100917,1,text/html,EDX7V4KEWPLJTJR7QPLNYDDML6NRWUCV,4211,https://web.archive.org/web/20240614100917id_/http://forum.clash.y0.pl/posting.php?mode=quote&p=372&sid=69de98cabd3cca6bc50382c3b8eb4bbd
http://forum.clash.y0.pl/posting.php?mode=quote&p=373,http://forum.clash.y0.pl/posting.php?mode=quote&p=373&sid=69de98cabd3cca6bc50382c3b8eb4bbd,20240614055346,20240614055346,1,text/html,DBIATR5VIFOZJUFUBGKA5J6ZDOW2SZVU,4220,https://web.archive.org/web/20240614055346id_/http://forum.clash.y0.pl/posting.php?mode=quote&p=373&sid=69de98cabd3cca6bc50382c3b8eb4bbd
http://forum.clash.y0.pl/posting.php?mode=quote&p=374,http://forum.clash.y0.pl/posting.php?mode=quote&p=374&sid=69de98cabd3cca6bc50382c3b8eb4bbd,20240614045337,20240614045337,1,text/html,F55C6EUNUTL3VJLXEOOXO6GSXNLMJUNK,4218,https://web.archive.org/web/20240614045337id_/http://forum.clash.y0.pl/posting.php?mode=quote&p=374&sid=69de98cabd3cca6bc50382c3b8eb4bbd
http://forum.clash.y0.pl/posting.php?mode=quote&p=376,http://forum.clash.y0.pl/posting.php?mode=quote&p=376&sid=e9a4f5d6993bd842fad3ec5db249deee,20240527190624,20240527190624,1,text/html,ZAJ2PPS2L6AYC3DYFCKXKGWZD27YOUGC,4551,https://web.archive.org/web/20240527190624id_/http://forum.clash.y0.pl/posting.php?mode=quote&p=376&sid=e9a4f5d6993bd842fad3ec5db249deee
http://forum.clash.y0.pl/posting.php?mode=quote&p=378,http://forum.clash.y0.pl/posting.php?mode=quote&p=378&sid=69de98cabd3cca6bc50382c3b8eb4bbd,20240614083407,20240614083407,1,text/html,GCOSVNN2QGKFUC3MEUL7WOGEC74QAAKJ,4213,https://web.archive.org/web/20240614083407id_/http://forum.clash.y0.pl/posting.php?mode=quote&p=378&sid=69de98cabd3cca6bc50382c3b8eb4bbd
http://forum.clash.y0.pl/posting.php?mode=quote&p=386,http://forum.clash.y0.pl/posting.php?mode=quote&p=386&sid=69de98cabd3cca6bc50382c3b8eb4bbd,20240614052845,20240614052845,1,text/html,QECWHDYUXXOT3OWASQOJLFFDDNZMZXZK,4217,https://web.archive.org/web/20240614052845id_/http://forum.clash.y0.pl/posting.php?mode=quote&p=386&sid=69de98cabd3cca6bc50382c3b8eb4bbd
http://forum.clash.y0.pl/posting.php?mode=quote&p=387,http://forum.clash.y0.pl/posting.php?mode=quote&p=387&sid=4c8ca3d75f376556719aa936bf07d9e5,20240614045227,20240614045227,1,text/html,2FIIURJG66R2GS3YRCMFKCPV5ONCU4EM,4213,https://web.archive.org/web/20240614045227id_/http://forum.clash.y0.pl/posting.php?mode=quote&p=387&sid=4c8ca3d75f376556719aa936bf07d9e5
http://forum.clash.y0.pl/posting.php?mode=quote&p=389,http://forum.clash.y0.pl/posting.php?mode=quote&p=389&sid=69de98cabd3cca6bc50382c3b8eb4bbd,20240614101523,20240614101523,1,text/html,ZYWBYHZQFHHL3X4RMADKSNDZ7PIZRV5E,4215,https://web.archive.org/web/20240614101523id_/http://forum.clash.y0.pl/posting.php?mode=quote&p=389&sid=69de98cabd3cca6bc50382c3b8eb4bbd
http://forum.clash.y0.pl/posting.php?mode=quote&p=397,http://forum.clash.y0.pl/posting.php?mode=quote&p=397&sid=caf9c22cd24168fe8f4a5808c07dd88f,20240527182312,20240527182312,1,text/html,EAHJPLGLBBK2POEXUMI7M24ZEWAVWOVG,4551,https://web.archive.org/web/20240527182312id_/http://forum.clash.y0.pl/posting.php?mode=quote&p=397&sid=caf9c22cd24168fe8f4a5808c07dd88f
http://forum.clash.y0.pl/posting.php?mode=quote&p=398,http://forum.clash.y0.pl/posting.php?mode=quote&p=398&sid=caf9c22cd24168fe8f4a5808c07dd88f,20240527193007,20240527193007,1,text/html,MZGOTVZS7TM5QGNCGRQYK6WGXOM3LEZV,4548,https://web.archive.org/web/20240527193007id_/http://forum.clash.y0.pl/posting.php?mode=quote&p=398&sid=caf9c22cd24168fe8f4a5808c07dd88f
http://forum.clash.y0.pl/posting.php?mode=quote&p=399,http://forum.clash.y0.pl/posting.php?mode=quote&p=399&sid=caf9c22cd24168fe8f4a5808c07dd88f,20240527183450,20240527183450,1,text/html,ISDDPYZ4WHEOXJFDNAVIHJEKLFZZ46JL,4557,https://web.archive.org/web/20240527183450id_/http://forum.clash.y0.pl/posting.php?mode=quote&p=399&sid=caf9c22cd24168fe8f4a5808c07dd88f
http://forum.clash.y0.pl/posting.php?mode=quote&p=400,http://forum.clash.y0.pl/posting.php?mode=quote&p=400&sid=caf9c22cd24168fe8f4a5808c07dd88f,20240527195915,20240527195915,1,text/html,K262S3RIF2AQWJXPDSLQ3K3X5UKJBBWT,4550,https://web.archive.org/web/20240527195915id_/http://forum.clash.y0.pl/posting.php?mode=quote&p=400&sid=caf9c22cd24168fe8f4a5808c07dd88f
http://forum.clash.y0.pl/posting.php?mode=quote&p=401,http://forum.clash.y0.pl/posting.php?mode=quote&p=401&sid=caf9c22cd24168fe8f4a5808c07dd88f,20240527190238,20240527190238,1,text/html,5AU4JDNSJFLZ3CDPSSIPXYI57ZXWJGHJ,4548,https://web.archive.org/web/20240527190238id_/http://forum.clash.y0.pl/posting.php?mode=quote&p=401&sid=caf9c22cd24168fe8f4a5808c07dd88f
http://forum.clash.y0.pl/posting.php?mode=quote&p=402,http://forum.clash.y0.pl/posting.php?mode=quote&p=402&sid=caf9c22cd24168fe8f4a5808c07dd88f,20240527180801,20240527180801,1,text/html,JA4XA42VI4MOS5P6SSJKPDPUEA2V2BCX,4543,https://web.archive.org/web/20240527180801id_/http://forum.clash.y0.pl/posting.php?mode=quote&p=402&sid=caf9c22cd24168fe8f4a5808c07dd88f
http://forum.clash.y0.pl/posting.php?mode=quote&p=403,http://forum.clash.y0.pl/posting.php?mode=quote&p=403&sid=caf9c22cd24168fe8f4a5808c07dd88f,20240527191357,20240527191357,1,text/html,H3KJVMUX5QCXYQQK2UCBGFBG22QNOZ5V,4551,https://web.archive.org/web/20240527191357id_/http://forum.clash.y0.pl/posting.php?mode=quote&p=403&sid=caf9c22cd24168fe8f4a5808c07dd88f
http://forum.clash.y0.pl/posting.php?mode=quote&p=407,http://forum.clash.y0.pl/posting.php?mode=quote&p=407&sid=caf9c22cd24168fe8f4a5808c07dd88f,20240527194121,20240527194121,1,text/html,KIP6BFQJAMNXNLTWNZVQ35ACY6N5JXKR,4549,https://web.archive.org/web/20240527194121id_/http://forum.clash.y0.pl/posting.php?mode=quote&p=407&sid=caf9c22cd24168fe8f4a5808c07dd88f
http://forum.clash.y0.pl/posting.php?mode=quote&p=410,http://forum.clash.y0.pl/posting.php?mode=quote&p=410&sid=caf9c22cd24168fe8f4a5808c07dd88f,20240527181646,20240527181646,1,text/html,RRVV5QYJJGUWTGE2KQ3DDEFWKIGRZS7R,4556,https://web.archive.org/web/20240527181646id_/http://forum.clash.y0.pl/posting.php?mode=quote&p=410&sid=caf9c22cd24168fe8f4a5808c07dd88f
http://forum.clash.y0.pl/posting.php?mode=quote&p=411,http://forum.clash.y0.pl/posting.php?mode=quote&p=411&sid=caf9c22cd24168fe8f4a5808c07dd88f,20240527192353,20240527192353,1,text/html,Q3EFK5NRXYGDGS55NJZSRNR2OLRKETGX,4555,https://web.archive.org/web/20240527192353id_/http://forum.clash.y0.pl/posting.php?mode=quote&p=411&sid=caf9c22cd24168fe8f4a5808c07dd88f
http://forum.clash.y0.pl/posting.php?mode=quote&p=465,http://forum.clash.y0.pl/posting.php?mode=quote&p=465&sid=761a5e1b050f16e72b599d40fac2af02,20240521030606,20240521030606,1,text/html,KWEDPIYBEW7CJPOSOSG54DQG4XLJPFMU,4550,https://web.archive.org/web/20240521030606id_/http://forum.clash.y0.pl/posting.php?mode=quote&p=465&sid=761a5e1b050f16e72b599d40fac2af02
http://forum.clash.y0.pl/posting.php?mode=quote&p=466,http://forum.clash.y0.pl/posting.php?mode=quote&p=466&sid=761a5e1b050f16e72b599d40fac2af02,20240527191104,20240527191104,1,text/html,PGZDALETPWHO64G73SGRFI6DJYBCVTJU,4552,https://web.archive.org/web/20240527191104id_/http://forum.clash.y0.pl/posting.php?mode=quote&p=466&sid=761a5e1b050f16e72b599d40fac2af02
http://forum.clash.y0.pl/posting.php?mode=quote&p=467,http://forum.clash.y0.pl/posting.php?mode=quote&p=467&sid=761a5e1b050f16e72b599d40fac2af02,20240521032508,20240521032508,1,text/html,5EMJMJCY2TOUISJNTVQMLDZ7CGZXX37B,4553,https://web.archive.org/web/20240521032508id_/http://forum.clash.y0.pl/posting.php?mode=quote&p=467&sid=761a5e1b050f16e72b599d40fac2af02
http://forum.clash.y0.pl/posting.php?mode=quote&p=492,http://forum.clash.y0.pl/posting.php?mode=quote&p=492&sid=761a5e1b050f16e72b599d40fac2af02,20240521045411,20240521045411,1,text/html,QHSE4C7JPAACRTQURNMHIMGDRVA2QL2F,4483,https://web.archive.org/web/20240521045411id_/http://forum.clash.y0.pl/posting.php?mode=quote&p=492&sid=761a5e1b050f16e72b599d40fac2af02
http://forum.clash.y0.pl/posting.php?mode=quote&p=494,http://forum.clash.y0.pl/posting.php?mode=quote&p=494&sid=e9a4f5d6993bd842fad3ec5db249deee,20240527180237,20240527180237,1,text/html,2JOWOY4EYSFKMT32NSTWJWIEAQYKOWKB,4549,https://web.archive.org/web/20240527180237id_/http://forum.clash.y0.pl/posting.php?mode=quote&p=494&sid=e9a4f5d6993bd842fad3ec5db249deee
http://forum.clash.y0.pl/posting.php?mode=quote&p=495,http://forum.clash.y0.pl/posting.php?mode=quote&p=495&sid=e9a4f5d6993bd842fad3ec5db249deee,20240527191311,20240527191311,1,text/html,DLJ6P2O3YVXMXH3UCLRKGDJAJWWFPRXN,4555,https://web.archive.org/web/20240527191311id_/http://forum.clash.y0.pl/posting.php?mode=quote&p=495&sid=e9a4f5d6993bd842fad3ec5db249deee
http://forum.clash.y0.pl/posting.php?mode=quote&p=496,http://forum.clash.y0.pl/posting.php?mode=quote&p=496&sid=e9a4f5d6993bd842fad3ec5db249deee,20240527181857,20240527181857,1,text/html,YZ7NHZPKYF57O6T2GY3WBDXIIQOM5HKQ,4550,https://web.archive.org/web/20240527181857id_/http://forum.clash.y0.pl/posting.php?mode=quote&p=496&sid=e9a4f5d6993bd842fad3ec5db249deee
http://forum.clash.y0.pl/posting.php?mode=quote&p=643,http://forum.clash.y0.pl/posting.php?mode=quote&p=643&sid=c20b76a3e3e2da6fb08623b37092bcad,20240624064158,20240624064158,1,text/html,RKPSK5G2DCS26NE7QPARMVVJ2WHKXS2O,4213,https://web.archive.org/web/20240624064158id_/http://forum.clash.y0.pl/posting.php?mode=quote&p=643&sid=c20b76a3e3e2da6fb08623b37092bcad
http://forum.clash.y0.pl/posting.php?mode=quote&p=644,http://forum.clash.y0.pl/posting.php?mode=quote&p=644&sid=c20b76a3e3e2da6fb08623b37092bcad,20240624075926,20240624075926,1,text/html,RN5OIFNQFQOO7NBQJNY6GTHZPFFR2DSZ,4212,https://web.archive.org/web/20240624075926id_/http://forum.clash.y0.pl/posting.php?mode=quote&p=644&sid=c20b76a3e3e2da6fb08623b37092bcad
http://forum.clash.y0.pl/posting.php?mode=quote&p=645,http://forum.clash.y0.pl/posting.php?mode=quote&p=645&sid=c20b76a3e3e2da6fb08623b37092bcad,20240624065448,20240624065448,1,text/html,B5ECPTD6HPQAV2UBKN6H6GCCBI2KV4GT,4217,https://web.archive.org/web/20240624065448id_/http://forum.clash.y0.pl/posting.php?mode=quote&p=645&sid=c20b76a3e3e2da6fb08623b37092bcad
http://forum.clash.y0.pl/posting.php?mode=quote&p=676,http://forum.clash.y0.pl/posting.php?mode=quote&p=676&sid=761a5e1b050f16e72b599d40fac2af02,20240521034541,20240521034541,1,text/html,5CAQKEHRDZ5JAA5VI5TVI3LG4R6QPIVU,4482,https://web.archive.org/web/20240521034541id_/http://forum.clash.y0.pl/posting.php?mode=quote&p=676&sid=761a5e1b050f16e72b599d40fac2af02
http://forum.clash.y0.pl/posting.php?mode=quote&p=685,http://forum.clash.y0.pl/posting.php?mode=quote&p=685&sid=6c65241fb6541e4eaee3a8c44883cd84,20240303081416,20240303081416,1,text/html,WCJ7EWFRLU3A6DVWZCSVCKSTRQCNQTTW,4513,https://web.archive.org/web/20240303081416id_/http://forum.clash.y0.pl/posting.php?mode=quote&p=685&sid=6c65241fb6541e4eaee3a8c44883cd84
http://forum.clash.y0.pl/posting.php?mode=quote&p=686,http://forum.clash.y0.pl/posting.php?mode=quote&p=686&sid=6c65241fb6541e4eaee3a8c44883cd84,20240303094541,20240303094541,1,text/html,HOAO7PPZH53Z3MDTDLQTKOOTUDXESUHQ,4514,https://web.archive.org/web/20240303094541id_/http://forum.clash.y0.pl/posting.php?mode=quote&p=686&sid=6c65241fb6541e4eaee3a8c44883cd84
http://forum.clash.y0.pl/posting.php?mode=quote&p=687,http://forum.clash.y0.pl/posting.php?mode=quote&p=687&sid=6c65241fb6541e4eaee3a8c44883cd84,20240303082827,20240303082827,1,text/html,44IFGID5PNCO4N7REGTMKTE2HP6YILHW,4507,https://web.archive.org/web/20240303082827id_/http://forum.clash.y0.pl/posting.php?mode=quote&p=687&sid=6c65241fb6541e4eaee3a8c44883cd84
http://forum.clash.y0.pl/posting.php?mode=quote&p=694,http://forum.clash.y0.pl/posting.php?mode=quote&p=694&sid=6c65241fb6541e4eaee3a8c44883cd84,20240303095514,20240303095514,1,text/html,33NRU63NBMGUUEIXNXQSDFWAJX6QYDVP,4515,https://web.archive.org/web/20240303095514id_/http://forum.clash.y0.pl/posting.php?mode=quote&p=694&sid=6c65241fb6541e4eaee3a8c44883cd84
http://forum.clash.y0.pl/posting.php?mode=quote&p=696,http://forum.clash.y0.pl/posting.php?mode=quote&p=696&sid=6c65241fb6541e4eaee3a8c44883cd84,20240303100926,20240303100926,1,text/html,72ZFKLA2GDV3SSTDYWJCRF7G4YKWDW2A,4510,https://web.archive.org/web/20240303100926id_/http://forum.clash.y0.pl/posting.php?mode=quote&p=696&sid=6c65241fb6541e4eaee3a8c44883cd84
http://forum.clash.y0.pl/posting.php?mode=quote&p=705,http://forum.clash.y0.pl/posting.php?mode=quote&p=705&sid=c20b76a3e3e2da6fb08623b37092bcad,20240624055330,20240624055330,1,text/html,Y7QGXNB6EX5NU26T3ELZS57QVTYRQDPT,4214,https://web.archive.org/web/20240624055330id_/http://forum.clash.y0.pl/posting.php?mode=quote&p=705&sid=c20b76a3e3e2da6fb08623b37092bcad
http://forum.clash.y0.pl/posting.php?mode=quote&p=706,http://forum.clash.y0.pl/posting.php?mode=quote&p=706&sid=c20b76a3e3e2da6fb08623b37092bcad,20240624071826,20240624071826,1,text/html,6ULXIKHQGYE7OMF2FOWKXE2J5GRA77MR,4219,https://web.archive.org/web/20240624071826id_/http://forum.clash.y0.pl/posting.php?mode=quote&p=706&sid=c20b76a3e3e2da6fb08623b37092bcad
http://forum.clash.y0.pl/posting.php?mode=quote&p=710,http://forum.clash.y0.pl/posting.php?mode=quote&p=710&sid=c20b76a3e3e2da6fb08623b37092bcad,20240624064930,20240624064930,1,text/html,ZDGFHMTJ3DCFGORHW6RTZWMHBMFKDUKX,4214,https://web.archive.org/web/20240624064930id_/http://forum.clash.y0.pl/posting.php?mode=quote&p=710&sid=c20b76a3e3e2da6fb08623b37092bcad
http://forum.clash.y0.pl/posting.php?mode=quote&p=711,http://forum.clash.y0.pl/posting.php?mode=quote&p=711&sid=c20b76a3e3e2da6fb08623b37092bcad,20240624054805,20240624054805,1,text/html,45UTDYWA7NOMAWGUPURXYGDRLBUQ5NGM,4217,https://web.archive.org/web/20240624054805id_/http://forum.clash.y0.pl/posting.php?mode=quote&p=711&sid=c20b76a3e3e2da6fb08623b37092bcad
http://forum.clash.y0.pl/posting.php?mode=quote&p=713,http://forum.clash.y0.pl/posting.php?mode=quote&p=713&sid=c20b76a3e3e2da6fb08623b37092bcad,20240624060544,20240624060544,1,text/html,KK4ET4YG7THFA6UQBJ2ZAOEQKMK4MYU7,4215,https://web.archive.org/web/20240624060544id_/http://forum.clash.y0.pl/posting.php?mode=quote&p=713&sid=c20b76a3e3e2da6fb08623b37092bcad
http://forum.clash.y0.pl/posting.php?mode=quote&p=714,http://forum.clash.y0.pl/posting.php?mode=quote&p=714&sid=c20b76a3e3e2da6fb08623b37092bcad,20240624072606,20240624072606,1,text/html,5RYL4ERGUFS3EA44YPURJHAFOQGZ7RVJ,4216,https://web.archive.org/web/20240624072606id_/http://forum.clash.y0.pl/posting.php?mode=quote&p=714&sid=c20b76a3e3e2da6fb08623b37092bcad
http://forum.clash.y0.pl/posting.php?mode=reply&t=10,http://forum.clash.y0.pl/posting.php?mode=reply&t=10&sid=90f6df52c6c825a9118994b7f2ae46a7,20240908155549,20240908155549,1,text/html,A2KF6HA7LBUISJ2XEWMC6UFSQHFLEQWU,4557,https://web.archive.org/web/20240908155549id_/http://forum.clash.y0.pl/posting.php?mode=reply&t=10&sid=90f6df52c6c825a9118994b7f2ae46a7
http://forum.clash.y0.pl/posting.php?mode=reply&t=111,http://forum.clash.y0.pl/posting.php?mode=reply&t=111&sid=799407f88ae273e9b7bab554894ee2c1,20240527185043,20240527185043,1,text/html,CBPVAYJFLSBMKE43DVJHJTT6PFYR7ULL,4548,https://web.archive.org/web/20240527185043id_/http://forum.clash.y0.pl/posting.php?mode=reply&t=111&sid=799407f88ae273e9b7bab554894ee2c1
http://forum.clash.y0.pl/posting.php?mode=reply&t=117,http://forum.clash.y0.pl/posting.php?mode=reply&t=117&sid=6c65241fb6541e4eaee3a8c44883cd84,20240303085100,20240303085100,1,text/html,RDSNBCLLMDMH7YRK6T253SQQNMDOAUOW,4510,https://web.archive.org/web/20240303085100id_/http://forum.clash.y0.pl/posting.php?mode=reply&t=117&sid=6c65241fb6541e4eaee3a8c44883cd84
http://forum.clash.y0.pl/posting.php?mode=reply&t=19,http://forum.clash.y0.pl/posting.php?mode=reply&t=19&sid=e9a4f5d6993bd842fad3ec5db249deee,20240527184144,20240527184144,1,text/html,PKOPPF5VCCJCGH3AZE7XYTBBVVEWLQ27,4546,https://web.archive.org/web/20240527184144id_/http://forum.clash.y0.pl/posting.php?mode=reply&t=19&sid=e9a4f5d6993bd842fad3ec5db249deee
http://forum.clash.y0.pl/posting.php?mode=reply&t=23,http://forum.clash.y0.pl/posting.php?mode=reply&t=23&sid=caf9c22cd24168fe8f4a5808c07dd88f,20240527183923,20240527183923,1,text/html,CCB2CVBQSIRWCCU65HKLRC2LRJ63M4IT,4547,https://web.archive.org/web/20240527183923id_/http://forum.clash.y0.pl/posting.php?mode=reply&t=23&sid=caf9c22cd24168fe8f4a5808c07dd88f
http://forum.clash.y0.pl/posting.php?mode=reply&t=36,http://forum.clash.y0.pl/posting.php?mode=reply&t=36&sid=761a5e1b050f16e72b599d40fac2af02,20240521045106,20240521045106,1,text/html,F6ELPNGO6NXIT6FOKYLMKPVVIGDPRAGW,4476,https://web.archive.org/web/20240521045106id_/http://forum.clash.y0.pl/posting.php?mode=reply&t=36&sid=761a5e1b050f16e72b599d40fac2af02
http://forum.clash.y0.pl/posting.php?mode=reply&t=748,http://forum.clash.y0.pl/posting.php?mode=reply&t=748&sid=2194288e81900e63b91b50be22b80a84,20240615141909,20240615141909,1,text/html,2ZFH67BYNR7PJGU3U6R5O3MPUAUEIKJK,4217,https://web.archive.org/web/20240615141909id_/http://forum.clash.y0.pl/posting.php?mode=reply&t=748&sid=2194288e81900e63b91b50be22b80a84
http://forum.clash.y0.pl/posting.php?mode=reply&t=749,http://forum.clash.y0.pl/posting.php?mode=reply&t=749&sid=d02d4cf7b1ff50dd75555b1edc556ce9,20240614101220,20240614101220,1,text/html,PCPGSDWGU6BCUUKHS3FSPPJF5JIPH6EX,4212,https://web.archive.org/web/20240614101220id_/http://forum.clash.y0.pl/posting.php?mode=reply&t=749&sid=d02d4cf7b1ff50dd75555b1edc556ce9
http://forum.clash.y0.pl/posting.php?mode=reply&t=753,http://forum.clash.y0.pl/posting.php?mode=reply&t=753&sid=e023a287118c5eda9d4366727597a8af,20240519165428,20240519165428,1,text/html,VBUK624Y5TKNZEWBX3BQ7L5XQCTBW5UJ,4477,https://web.archive.org/web/20240519165428id_/http://forum.clash.y0.pl/posting.php?mode=reply&t=753&sid=e023a287118c5eda9d4366727597a8af
http://forum.clash.y0.pl/posting.php?mode=reply&t=762,http://forum.clash.y0.pl/posting.php?mode=reply&t=762&sid=500e00cb5d19104148e07f5f33cc23f8,20240521040542,20240521040542,1,text/html,5KCC4QEFPFQJ2AD6T45DXXWJNCMOHRIY,4546,https://web.archive.org/web/20240521040542id_/http://forum.clash.y0.pl/posting.php?mode=reply&t=762&sid=500e00cb5d19104148e07f5f33cc23f8
http://forum.clash.y0.pl/posting.php?mode=reply&t=764,http://forum.clash.y0.pl/posting.php?mode=reply&t=764&sid=e69d19879901a14aa77f5c456987c177,20240521040724,20240521040724,1,text/html,BYUFZT5JARAZMTPGERJKPYC3X76JXGTF,4547,https://web.archive.org/web/20240521040724id_/http://forum.clash.y0.pl/posting.php?mode=reply&t=764&sid=e69d19879901a14aa77f5c456987c177
http://forum.clash.y0.pl/search.php,http://forum.clash.y0.pl/search.php,20191212011147,20191212011147,1,text/html,BDHNB36HLGXHAH25TK64NNMXV66XVQIY,5229,https://web.archive.org/web/20191212011147id_/http://forum.clash.y0.pl/search.php
http://forum.clash.y0.pl/search.php?author_id=101&sr=posts,http://forum.clash.y0.pl/search.php?author_id=101&sr=posts,20201030081530,20240908153804,2,text/html,W45BDLPXSCTUCN4AVL3EFHFOG5TU7WFS,7254,https://web.archive.org/web/20201030081530id_/http://forum.clash.y0.pl/search.php?author_id=101&sr=posts
http://forum.clash.y0.pl/search.php?author_id=128&sr=posts,http://forum.clash.y0.pl/search.php?author_id=128&sr=posts&sid=d02d4cf7b1ff50dd75555b1edc556ce9,20240620095720,20240620095720,1,text/html,AGWSNYOTF3EZJEJUBL64QP7F7WVYPKYZ,5195,https://web.archive.org/web/20240620095720id_/http://forum.clash.y0.pl/search.php?author_id=128&sr=posts&sid=d02d4cf7b1ff50dd75555b1edc556ce9
http://forum.clash.y0.pl/search.php?author_id=167&sr=posts,http://forum.clash.y0.pl/search.php?author_id=167&sr=posts&sid=dc53ab951c1474591cd4ab1978167fbc,20210924232039,20210924232039,1,text/html,TF6UHXPEKPLDTOSHKLQVQPHV6UPCY4UC,7329,https://web.archive.org/web/20210924232039id_/http://forum.clash.y0.pl/search.php?author_id=167&sr=posts&sid=dc53ab951c1474591cd4ab1978167fbc
http://forum.clash.y0.pl/search.php?author_id=181&sr=posts,http://forum.clash.y0.pl/search.php?author_id=181&sr=posts&sid=6c65241fb6541e4eaee3a8c44883cd84,20240303091837,20240303091837,1,text/html,HTDVDYKRXXJ2JQU5YFLU2VHD2PHVA722,4882,https://web.archive.org/web/20240303091837id_/http://forum.clash.y0.pl/search.php?author_id=181&sr=posts&sid=6c65241fb6541e4eaee3a8c44883cd84
http://forum.clash.y0.pl/search.php?author_id=2&sd=d&sk=t&sr=posts&st=0&start=10,http://forum.clash.y0.pl/search.php?st=0&sk=t&sd=d&sr=posts&sid=fd009a5c3c323343290ddebeae00332d&author_id=2&start=10,20240612145808,20240612145808,1,text/html,YRSBA4UVRL7KGPMHICXEOJOHBKDAFDLG,7945,https://web.archive.org/web/20240612145808id_/http://forum.clash.y0.pl/search.php?st=0&sk=t&sd=d&sr=posts&sid=fd009a5c3c323343290ddebeae00332d&author_id=2&start=10
http://forum.clash.y0.pl/search.php?author_id=2&sd=d&sk=t&sr=posts&st=0&start=20,http://forum.clash.y0.pl/search.php?st=0&sk=t&sd=d&sr=posts&sid=fd009a5c3c323343290ddebeae00332d&author_id=2&start=20,20240619014605,20240619014605,1,text/html,ZRTSHSIKDYLJ6RAWZOF37XVJVGVFHY4Y,7505,https://web.archive.org/web/20240619014605id_/http://forum.clash.y0.pl/search.php?st=0&sk=t&sd=d&sr=posts&sid=fd009a5c3c323343290ddebeae00332d&author_id=2&start=20
http://forum.clash.y0.pl/search.php?author_id=2&sd=d&sk=t&sr=posts&st=0&start=280,http://forum.clash.y0.pl/search.php?st=0&sk=t&sd=d&sr=posts&sid=fd009a5c3c323343290ddebeae00332d&author_id=2&start=280,20240619005221,20240619005221,1,text/html,7JK6MRDGZNG3WVO67SOCSLIRFNPQ22JK,6832,https://web.archive.org/web/20240619005221id_/http://forum.clash.y0.pl/search.php?st=0&sk=t&sd=d&sr=posts&sid=fd009a5c3c323343290ddebeae00332d&author_id=2&start=280
http://forum.clash.y0.pl/search.php?author_id=2&sd=d&sk=t&sr=posts&st=0&start=30,http://forum.clash.y0.pl/search.php?st=0&sk=t&sd=d&sr=posts&sid=fd009a5c3c323343290ddebeae00332d&author_id=2&start=30,20240612144430,20240612144430,1,text/html,AWSHB4O74PXRKRO4565MM56BEWZTJ7WC,7865,https://web.archive.org/web/20240612144430id_/http://forum.clash.y0.pl/search.php?st=0&sk=t&sd=d&sr=posts&sid=fd009a5c3c323343290ddebeae00332d&author_id=2&start=30
http://forum.clash.y0.pl/search.php?author_id=2&sd=d&sk=t&sr=posts&st=0&start=40,http://forum.clash.y0.pl/search.php?st=0&sk=t&sd=d&sr=posts&sid=fd009a5c3c323343290ddebeae00332d&author_id=2&start=40,20240612160300,20240612160300,1,text/html,6G2MDB57LTYFDYO6BGOQGF6K4XAMZBOV,7481,https://web.archive.org/web/20240612160300id_/http://forum.clash.y0.pl/search.php?st=0&sk=t&sd=d&sr=posts&sid=fd009a5c3c323343290ddebeae00332d&author_id=2&start=40
http://forum.clash.y0.pl/search.php?author_id=2&sr=posts,http://forum.clash.y0.pl/search.php?author_id=2&sr=posts,20191212005817,20210514163933,2,text/html,UZSCOCAPD6V2MUGD3RGMINJQXLQTHCOQ,8419,https://web.archive.org/web/20191212005817id_/http://forum.clash.y0.pl/search.php?author_id=2&sr=posts
http://forum.clash.y0.pl/search.php?author_id=2148&sr=posts,http://forum.clash.y0.pl/search.php?author_id=2148&sr=posts&sid=e023a287118c5eda9d4366727597a8af,20240527175759,20240527175759,1,text/html,I7CCQ3RDMKSBPP2CDCJRO37USAWDJKOR,6903,https://web.archive.org/web/20240527175759id_/http://forum.clash.y0.pl/search.php?author_id=2148&sr=posts&sid=e023a287118c5eda9d4366727597a8af
http://forum.clash.y0.pl/search.php?author_id=2176&sr=posts,http://forum.clash.y0.pl/search.php?author_id=2176&sr=posts&sid=799407f88ae273e9b7bab554894ee2c1,20240527185350,20240527185350,1,text/html,5DM5XGUJR56ASVSIEAIAR4IQ2DQXBBHP,6880,https://web.archive.org/web/20240527185350id_/http://forum.clash.y0.pl/search.php?author_id=2176&sr=posts&sid=799407f88ae273e9b7bab554894ee2c1
http://forum.clash.y0.pl/search.php?author_id=48&sr=posts,http://forum.clash.y0.pl/search.php?author_id=48&sr=posts,20200930101429,20210924233800,2,text/html,6AIYR4IVUVDJNSJTPM54456OON662ADI,7293,https://web.archive.org/web/20200930101429id_/http://forum.clash.y0.pl/search.php?author_id=48&sr=posts
http://forum.clash.y0.pl/search.php?author_id=52&sd=d&sk=t&sr=posts&st=0&start=10,http://forum.clash.y0.pl/search.php?st=0&sk=t&sd=d&sr=posts&sid=58e13061ee0c15c58aa0955630b877d7&author_id=52&start=10,20240619015319,20240619015319,1,text/html,TMX6BUSEU45SL76YJM7XP7GQ3N65I6IA,7569,https://web.archive.org/web/20240619015319id_/http://forum.clash.y0.pl/search.php?st=0&sk=t&sd=d&sr=posts&sid=58e13061ee0c15c58aa0955630b877d7&author_id=52&start=10
http://forum.clash.y0.pl/search.php?author_id=52&sd=d&sk=t&sr=posts&st=0&start=20,http://forum.clash.y0.pl/search.php?st=0&sk=t&sd=d&sr=posts&sid=58e13061ee0c15c58aa0955630b877d7&author_id=52&start=20,20240612143313,20240612143313,1,text/html,JS3GHWA45BEMGPSZT62KROTK5TPY5YZB,7231,https://web.archive.org/web/20240612143313id_/http://forum.clash.y0.pl/search.php?st=0&sk=t&sd=d&sr=posts&sid=58e13061ee0c15c58aa0955630b877d7&author_id=52&start=20
http://forum.clash.y0.pl/search.php?author_id=52&sd=d&sk=t&sr=posts&st=0&start=30,http://forum.clash.y0.pl/search.php?st=0&sk=t&sd=d&sr=posts&sid=58e13061ee0c15c58aa0955630b877d7&author_id=52&start=30,20240619005047,20240619005047,1,text/html,NH4BKW3BY3PEEV6XU43FVIAG3ALYOSDL,7279,https://web.archive.org/web/20240619005047id_/http://forum.clash.y0.pl/search.php?st=0&sk=t&sd=d&sr=posts&sid=58e13061ee0c15c58aa0955630b877d7&author_id=52&start=30
http://forum.clash.y0.pl/search.php?author_id=52&sd=d&sk=t&sr=posts&st=0&start=40,http://forum.clash.y0.pl/search.php?st=0&sk=t&sd=d&sr=posts&sid=58e13061ee0c15c58aa0955630b877d7&author_id=52&start=40,20240619014044,20240619014044,1,text/html,2UTIISJLREGMFJ6FC2D4DSXACWGIRHTR,7107,https://web.archive.org/web/20240619014044id_/http://forum.clash.y0.pl/search.php?st=0&sk=t&sd=d&sr=posts&sid=58e13061ee0c15c58aa0955630b877d7&author_id=52&start=40
http://forum.clash.y0.pl/search.php?author_id=52&sd=d&sk=t&sr=posts&st=0&start=70,http://forum.clash.y0.pl/search.php?st=0&sk=t&sd=d&sr=posts&sid=58e13061ee0c15c58aa0955630b877d7&author_id=52&start=70,20240612155351,20240612155351,1,text/html,QYFIM6SXJCYVC3K6RIQPTPIEQAH6GLMM,5183,https://web.archive.org/web/20240612155351id_/http://forum.clash.y0.pl/search.php?st=0&sk=t&sd=d&sr=posts&sid=58e13061ee0c15c58aa0955630b877d7&author_id=52&start=70
http://forum.clash.y0.pl/search.php?author_id=52&sr=posts,http://forum.clash.y0.pl/search.php?author_id=52&sr=posts,20191212013926,20210514171637,2,text/html,NJFRJJKN7KNETKJ36HEHJQVALCY33TOQ,8094,https://web.archive.org/web/20191212013926id_/http://forum.clash.y0.pl/search.php?author_id=52&sr=posts
http://forum.clash.y0.pl/search.php?author_id=53&sd=d&sk=t&sr=posts&st=0&start=10,http://forum.clash.y0.pl/search.php?st=0&sk=t&sd=d&sr=posts&author_id=53&start=10,20191212013155,20191212013155,1,text/html,5JMRB7XDXRLNEDM7WMR6NJ7DIF3TLQVS,7272,https://web.archive.org/web/20191212013155id_/http://forum.clash.y0.pl/search.php?st=0&sk=t&sd=d&sr=posts&author_id=53&start=10
http://forum.clash.y0.pl/search.php?author_id=53&sr=posts,http://forum.clash.y0.pl/search.php?author_id=53&sr=posts,20191212002133,20191212002133,1,text/html,BI7HSU2SAVGIAI4H6NB4FNMXWTNOVSK5,7458,https://web.archive.org/web/20191212002133id_/http://forum.clash.y0.pl/search.php?author_id=53&sr=posts
http://forum.clash.y0.pl/search.php?author_id=55&sd=d&sk=t&sr=posts&st=0&start=10,http://forum.clash.y0.pl/search.php?st=0&sk=t&sd=d&sr=posts&sid=39ae0a1a4e951dbe6ce35af3df5145b3&author_id=55&start=10,20240623141157,20240623141157,1,text/html,QQ2KAKYWEHVN3FJ6NJ5C7VXEMSO567JZ,5424,https://web.archive.org/web/20240623141157id_/http://forum.clash.y0.pl/search.php?st=0&sk=t&sd=d&sr=posts&sid=39ae0a1a4e951dbe6ce35af3df5145b3&author_id=55&start=10
http://forum.clash.y0.pl/search.php?author_id=55&sr=posts,http://forum.clash.y0.pl/search.php?author_id=55&sr=posts&sid=e69d19879901a14aa77f5c456987c177,20240521042427,20240521042427,1,text/html,K5TBDN66G6YB4M6CFQ2YCG7AFZZTUDTN,6840,https://web.archive.org/web/20240521042427id_/http://forum.clash.y0.pl/search.php?author_id=55&sr=posts&sid=e69d19879901a14aa77f5c456987c177
http://forum.clash.y0.pl/search.php?author_id=59&sr=posts,http://forum.clash.y0.pl/search.php?author_id=59&sr=posts,20191212004031,20240614091227,2,text/html,AGSHMBJEEEN7BRVOP22HAP4UCKFMRHW2,7384,https://web.archive.org/web/20191212004031id_/http://forum.clash.y0.pl/search.php?author_id=59&sr=posts
http://forum.clash.y0.pl/search.php?author_id=629&sr=posts,http://forum.clash.y0.pl/search.php?author_id=629&sr=posts&sid=d02d4cf7b1ff50dd75555b1edc556ce9,20240614081748,20240614081748,1,text/html,YQZLCA6Z6AAO62F3MGJ2V6EPI6MJKZRA,6846,https://web.archive.org/web/20240614081748id_/http://forum.clash.y0.pl/search.php?author_id=629&sr=posts&sid=d02d4cf7b1ff50dd75555b1edc556ce9
http://forum.clash.y0.pl/search.php?author_id=66&sr=posts,http://forum.clash.y0.pl/search.php?author_id=66&sr=posts&sid=bfb4a9bdd1ee4f5b8c7524bfdd5b8438,20210514155752,20210514155752,1,text/html,XETGQRA73Q57SVUB3MSR3MDJDB6PJYE7,6199,https://web.archive.org/web/20210514155752id_/http://forum.clash.y0.pl/search.php?author_id=66&sr=posts&sid=bfb4a9bdd1ee4f5b8c7524bfdd5b8438
http://forum.clash.y0.pl/search.php?author_id=67&sr=posts,http://forum.clash.y0.pl/search.php?author_id=67&sr=posts,20191212004207,20210514161356,2,text/html,VTMYDICQMFFTPM333IB7S4DW634GQWCH,7772,https://web.archive.org/web/20191212004207id_/http://forum.clash.y0.pl/search.php?author_id=67&sr=posts
http://forum.clash.y0.pl/search.php?author_id=76&sr=posts,http://forum.clash.y0.pl/search.php?author_id=76&sr=posts&sid=72217aa2ac3dc063d0b91e5b4f50c5cc,20240614094907,20240614094907,1,text/html,YAB27HS43VR2ITXRVAFLWE7RUJ6HLENI,4805,https://web.archive.org/web/20240614094907id_/http://forum.clash.y0.pl/search.php?author_id=76&sr=posts&sid=72217aa2ac3dc063d0b91e5b4f50c5cc
http://forum.clash.y0.pl/search.php?author_id=78&sd=d&sk=t&sr=posts&st=0&start=10,http://forum.clash.y0.pl/search.php?st=0&sk=t&sd=d&sr=posts&sid=feaa812794741ed285c281cb12bf3714&author_id=78&start=10,20240615143509,20240615143509,1,text/html,IVSNXYKXSPDW6IBQKBFUAOBCX7ZUU27A,7273,https://web.archive.org/web/20240615143509id_/http://forum.clash.y0.pl/search.php?st=0&sk=t&sd=d&sr=posts&sid=feaa812794741ed285c281cb12bf3714&author_id=78&start=10
http://forum.clash.y0.pl/search.php?author_id=78&sd=d&sk=t&sr=posts&st=0&start=20,http://forum.clash.y0.pl/search.php?st=0&sk=t&sd=d&sr=posts&sid=feaa812794741ed285c281cb12bf3714&author_id=78&start=20,20240623132448,20240623132448,1,text/html,NP2FK3EEO67SJNZ4PMYNLAGTKCGPPIU2,7302,https://web.archive.org/web/20240623132448id_/http://forum.clash.y0.pl/search.php?st=0&sk=t&sd=d&sr=posts&sid=feaa812794741ed285c281cb12bf3714&author_id=78&start=20
http://forum.clash.y0.pl/search.php?author_id=78&sd=d&sk=t&sr=posts&st=0&start=30,http://forum.clash.y0.pl/search.php?st=0&sk=t&sd=d&sr=posts&sid=feaa812794741ed285c281cb12bf3714&author_id=78&start=30,20240623140829,20240623140829,1,text/html,ULYXQ4TU3D4RT54ZTTHBFDNAZPZBCHY5,7146,https://web.archive.org/web/20240623140829id_/http://forum.clash.y0.pl/search.php?st=0&sk=t&sd=d&sr=posts&sid=feaa812794741ed285c281cb12bf3714&author_id=78&start=30
http://forum.clash.y0.pl/search.php?author_id=78&sd=d&sk=t&sr=posts&st=0&start=40,http://forum.clash.y0.pl/search.php?st=0&sk=t&sd=d&sr=posts&sid=feaa812794741ed285c281cb12bf3714&author_id=78&start=40,20240623145723,20240623145723,1,text/html,IHXVNUXASQSS2V4ZY3WNIJXPT7QBEN7A,7328,https://web.archive.org/web/20240623145723id_/http://forum.clash.y0.pl/search.php?st=0&sk=t&sd=d&sr=posts&sid=feaa812794741ed285c281cb12bf3714&author_id=78&start=40
http://forum.clash.y0.pl/search.php?author_id=78&sd=d&sk=t&sr=posts&st=0&start=90,http://forum.clash.y0.pl/search.php?st=0&sk=t&sd=d&sr=posts&sid=feaa812794741ed285c281cb12bf3714&author_id=78&start=90,20240623134645,20240623134645,1,text/html,U4WZACSQRDQ3S22NVRIG7B2D4AVKYJYN,7236,https://web.archive.org/web/20240623134645id_/http://forum.clash.y0.pl/search.php?st=0&sk=t&sd=d&sr=posts&sid=feaa812794741ed285c281cb12bf3714&author_id=78&start=90
http://forum.clash.y0.pl/search.php?author_id=78&sr=posts,http://forum.clash.y0.pl/search.php?author_id=78&sr=posts,20191212002310,20210925003016,2,text/html,ZAUGXK7LBHRNJJ5C3TOD462B43VCX2FA,7607,https://web.archive.org/web/20191212002310id_/http://forum.clash.y0.pl/search.php?author_id=78&sr=posts
http://forum.clash.y0.pl/search.php?author_id=79&sr=posts,http://forum.clash.y0.pl/search.php?author_id=79&sr=posts,20200930093041,20200930093041,1,text/html,WYCMRO7YVWLM3CH5GYYNIPGKF2SX75BE,5844,https://web.archive.org/web/20200930093041id_/http://forum.clash.y0.pl/search.php?author_id=79&sr=posts
http://forum.clash.y0.pl/search.php?author_id=81&sd=d&sk=t&sr=posts&st=0&start=10,http://forum.clash.y0.pl/search.php?st=0&sk=t&sd=d&sr=posts&sid=bda0433e02a40db3eddf5d2572ced247&author_id=81&start=10,20240615140551,20240615140551,1,text/html,FTNV3EBYQYUJMNWIVT2V6U3NCGJKYQNA,7222,https://web.archive.org/web/20240615140551id_/http://forum.clash.y0.pl/search.php?st=0&sk=t&sd=d&sr=posts&sid=bda0433e02a40db3eddf5d2572ced247&author_id=81&start=10
http://forum.clash.y0.pl/search.php?author_id=81&sd=d&sk=t&sr=posts&st=0&start=20,http://forum.clash.y0.pl/search.php?st=0&sk=t&sd=d&sr=posts&sid=bda0433e02a40db3eddf5d2572ced247&author_id=81&start=20,20240615144903,20240615144903,1,text/html,OFVDGOOOGQA6SQ45BKQ7KX3GM4UTSAGT,6056,https://web.archive.org/web/20240615144903id_/http://forum.clash.y0.pl/search.php?st=0&sk=t&sd=d&sr=posts&sid=bda0433e02a40db3eddf5d2572ced247&author_id=81&start=20
http://forum.clash.y0.pl/search.php?author_id=81&sr=posts,http://forum.clash.y0.pl/search.php?author_id=81&sr=posts,20191212001930,20240521042942,2,text/html,2PG7UED4Y4ND7MZGGRGN2AKFRVDXMUIR,7824,https://web.archive.org/web/20191212001930id_/http://forum.clash.y0.pl/search.php?author_id=81&sr=posts
http://forum.clash.y0.pl/search.php?author_id=91&sd=d&sk=t&sr=posts&st=0&start=10,http://forum.clash.y0.pl/search.php?st=0&sk=t&sd=d&sr=posts&sid=a94a6aeaa21ccf81e5f3b00d779469d5&author_id=91&start=10,20240615142419,20240615142419,1,text/html,7MM2Y5X6I42I3MA33VLBIWTOEVUMARRB,7029,https://web.archive.org/web/20240615142419id_/http://forum.clash.y0.pl/search.php?st=0&sk=t&sd=d&sr=posts&sid=a94a6aeaa21ccf81e5f3b00d779469d5&author_id=91&start=10
http://forum.clash.y0.pl/search.php?author_id=91&sd=d&sk=t&sr=posts&st=0&start=20,http://forum.clash.y0.pl/search.php?st=0&sk=t&sd=d&sr=posts&sid=a94a6aeaa21ccf81e5f3b00d779469d5&author_id=91&start=20,20240615150306,20240615150306,1,text/html,Q6VRS32OAOKINEL5WRLNTZYNS65QV2AA,5479,https://web.archive.org/web/20240615150306id_/http://forum.clash.y0.pl/search.php?st=0&sk=t&sd=d&sr=posts&sid=a94a6aeaa21ccf81e5f3b00d779469d5&author_id=91&start=20
http://forum.clash.y0.pl/search.php?author_id=91&sr=posts,http://forum.clash.y0.pl/search.php?author_id=91&sr=posts,20191212004423,20210925011234,2,text/html,ZWX45CIRHN6FUCKMUVOIMAWKUYCFTAMC,7802,https://web.archive.org/web/20191212004423id_/http://forum.clash.y0.pl/search.php?author_id=91&sr=posts
http://forum.clash.y0.pl/search.php?author_id=92&sd=d&sk=t&sr=posts&st=0&start=10,http://forum.clash.y0.pl/search.php?st=0&sk=t&sd=d&sr=posts&author_id=92&start=10,20200930102918,20200930102918,1,text/html,IZY5X5RNHKQ32JFCQSDUUGBZQDD2EUUK,7335,https://web.archive.org/web/20200930102918id_/http://forum.clash.y0.pl/search.php?st=0&sk=t&sd=d&sr=posts&author_id=92&start=10
http://forum.clash.y0.pl/search.php?author_id=92&sd=d&sk=t&sr=posts&st=0&start=20,http://forum.clash.y0.pl/search.php?st=0&sk=t&sd=d&sr=posts&author_id=92&start=20,20200930101213,20200930101213,1,text/html,QCR7FP6HHCCIG3SW3T4JGR3TRV4RQUWY,7099,https://web.archive.org/web/20200930101213id_/http://forum.clash.y0.pl/search.php?st=0&sk=t&sd=d&sr=posts&author_id=92&start=20
http://forum.clash.y0.pl/search.php?author_id=92&sd=d&sk=t&sr=posts&st=0&start=30,http://forum.clash.y0.pl/search.php?st=0&sk=t&sd=d&sr=posts&author_id=92&start=30,20200930095449,20200930095449,1,text/html,BNW7TY5ZMMB3F6ZO6CAAEFST3MBHYHD4,7474,https://web.archive.org/web/20200930095449id_/http://forum.clash.y0.pl/search.php?st=0&sk=t&sd=d&sr=posts&author_id=92&start=30
http://forum.clash.y0.pl/search.php?author_id=92&sd=d&sk=t&sr=posts&st=0&start=40,http://forum.clash.y0.pl/search.php?st=0&sk=t&sd=d&sr=posts&author_id=92&start=40,20200930094417,20200930094417,1,text/html,GT4AP4AVGYH5T7CDN4QZWFPKUVOWW7K5,6765,https://web.archive.org/web/20200930094417id_/http://forum.clash.y0.pl/search.php?st=0&sk=t&sd=d&sr=posts&author_id=92&start=40
http://forum.clash.y0.pl/search.php?author_id=92&sd=d&sk=t&sr=posts&st=0&start=50,http://forum.clash.y0.pl/search.php?st=0&sk=t&sd=d&sr=posts&author_id=92&start=50,20200930092534,20200930092534,1,text/html,BJ42HTVBHO34A6BC2C7KMZ7RO6PABYZA,6667,https://web.archive.org/web/20200930092534id_/http://forum.clash.y0.pl/search.php?st=0&sk=t&sd=d&sr=posts&author_id=92&start=50
http://forum.clash.y0.pl/search.php?author_id=92&sr=posts,http://forum.clash.y0.pl/search.php?author_id=92&sr=posts,20191212011605,20210514161748,2,text/html,26Z7XGYNBC7LDFUWVN5HFB37PVWM5DVJ,7740,https://web.archive.org/web/20191212011605id_/http://forum.clash.y0.pl/search.php?author_id=92&sr=posts
http://forum.clash.y0.pl/search.php?author_id=97&sr=posts,http://forum.clash.y0.pl/search.php?author_id=97&sr=posts,20191212013414,20210924234738,2,text/html,HXJTRLMVFGMETV66GX6TN5ZB6EYSQ7VC,7372,https://web.archive.org/web/20191212013414id_/http://forum.clash.y0.pl/search.php?author_id=97&sr=posts
http://forum.clash.y0.pl/search.php?author_id=98&sr=posts,http://forum.clash.y0.pl/search.php?author_id=98&sr=posts,20191212002039,20191212002039,1,text/html,UWSGHRQWXDJ5L5KXS2XXAWA3AFANVBP2,5511,https://web.archive.org/web/20191212002039id_/http://forum.clash.y0.pl/search.php?author_id=98&sr=posts
http://forum.clash.y0.pl/search.php?author_id=99&sr=posts,http://forum.clash.y0.pl/search.php?author_id=99&sr=posts,20191212002554,20191212002554,1,text/html,M3VG2P7UIZU5U5Z7BBBBVHKKSA3IKLWV,7156,https://web.archive.org/web/20191212002554id_/http://forum.clash.y0.pl/search.php?author_id=99&sr=posts
http://forum.clash.y0.pl/search.php?fid%5B%5D=3,http://forum.clash.y0.pl/search.php?fid%5B%5D=3&sid=f75d7838fe56b8f0f94bf6ecff70b1ff,20210423060721,20210423060721,1,text/html,EI7RSNP2P37NA5ALYD27VBDUUZTSEJQA,4751,https://web.archive.org/web/20210423060721id_/http://forum.clash.y0.pl/search.php?fid%5B%5D=3&sid=f75d7838fe56b8f0f94bf6ecff70b1ff
http://forum.clash.y0.pl/search.php?fid%5B%5D=4,http://forum.clash.y0.pl/search.php?fid%5B%5D=4&sid=423522a90398b7265571b40153988e69,20240521032226,20240521032226,1,text/html,BMJSIXHFFBJEI5VYVLWKWVMZTNYDM7UX,4748,https://web.archive.org/web/20240521032226id_/http://forum.clash.y0.pl/search.php?fid%5B%5D=4&sid=423522a90398b7265571b40153988e69
http://forum.clash.y0.pl/search.php?search_id=active_topics,http://forum.clash.y0.pl/search.php?search_id=active_topics,20191212002304,20210423055144,2,text/html,AIHJH47TPRIUBMOGIN3HHAIS2CRHEHPA,5713,https://web.archive.org/web/20191212002304id_/http://forum.clash.y0.pl/search.php?search_id=active_topics
http://forum.clash.y0.pl/search.php?search_id=unanswered,http://forum.clash.y0.pl/search.php?search_id=unanswered,20191212002227,20210423045452,2,text/html,K2AIQVQIUPYWGTP5QFMN6B5M6UC43DVI,4571,https://web.archive.org/web/20191212002227id_/http://forum.clash.y0.pl/search.php?search_id=unanswered
http://forum.clash.y0.pl/styles/prosilver/template/ajax.js?assets_version=111,http://forum.clash.y0.pl/styles/prosilver/template/ajax.js?assets_version=111,20250831181917,20250831181917,1,text/javascript,PANVCBK3A67DK5ZKTA2PBYKIGYVJS7IC,4646,https://web.archive.org/web/20250831181917id_/http://forum.clash.y0.pl/styles/prosilver/template/ajax.js?assets_version=111
http://forum.clash.y0.pl/styles/prosilver/template/ajax.js?assets_version=85,http://forum.clash.y0.pl/styles/prosilver/template/ajax.js?assets_version=85,20250831173209,20250831173209,1,text/javascript,PANVCBK3A67DK5ZKTA2PBYKIGYVJS7IC,4647,https://web.archive.org/web/20250831173209id_/http://forum.clash.y0.pl/styles/prosilver/template/ajax.js?assets_version=85
http://forum.clash.y0.pl/styles/prosilver/template/ajax.js?assets_version=88,http://forum.clash.y0.pl/styles/prosilver/template/ajax.js?assets_version=88,20250831180453,20250831180453,1,text/javascript,PANVCBK3A67DK5ZKTA2PBYKIGYVJS7IC,4647,https://web.archive.org/web/20250831180453id_/http://forum.clash.y0.pl/styles/prosilver/template/ajax.js?assets_version=88
http://forum.clash.y0.pl/styles/prosilver/template/forum_fn.js?assets_version=111,http://forum.clash.y0.pl/styles/prosilver/template/forum_fn.js?assets_version=111,20250831181907,20250831181907,1,text/javascript,IIBY4E6O6KFJUGUCSKQBIMC6I4PGPMIX,7433,https://web.archive.org/web/20250831181907id_/http://forum.clash.y0.pl/styles/prosilver/template/forum_fn.js?assets_version=111
http://forum.clash.y0.pl/styles/prosilver/template/forum_fn.js?assets_version=85,http://forum.clash.y0.pl/styles/prosilver/template/forum_fn.js?assets_version=85,20250831173213,20250831173213,1,text/javascript,IIBY4E6O6KFJUGUCSKQBIMC6I4PGPMIX,7433,https://web.archive.org/web/20250831173213id_/http://forum.clash.y0.pl/styles/prosilver/template/forum_fn.js?assets_version=85
http://forum.clash.y0.pl/styles/prosilver/template/forum_fn.js?assets_version=88,http://forum.clash.y0.pl/styles/prosilver/template/forum_fn.js?assets_version=88,20250831180506,20250831180506,1,text/javascript,IIBY4E6O6KFJUGUCSKQBIMC6I4PGPMIX,7430,https://web.archive.org/web/20250831180506id_/http://forum.clash.y0.pl/styles/prosilver/template/forum_fn.js?assets_version=88
http://forum.clash.y0.pl/styles/prosilver/theme/base.css?hash=7c5543be,http://forum.clash.y0.pl/styles/prosilver/theme/base.css?hash=7c5543be,20250831175515,20250831175515,1,text/css,K54GRBEVLKZLBXXG3L5YIBBTASJTARM4,1673,https://web.archive.org/web/20250831175515id_/http://forum.clash.y0.pl/styles/prosilver/theme/base.css?hash=7c5543be
http://forum.clash.y0.pl/styles/prosilver/theme/buttons.css?hash=56f0d25f,http://forum.clash.y0.pl/styles/prosilver/theme/buttons.css?hash=56f0d25f,20250831175756,20250831175756,1,text/css,OUJLJ7AWRQ2PQWAHBKF3JUWLIREWSDRR,1741,https://web.archive.org/web/20250831175756id_/http://forum.clash.y0.pl/styles/prosilver/theme/buttons.css?hash=56f0d25f
http://forum.clash.y0.pl/styles/prosilver/theme/colours.css?hash=fcb2f289,http://forum.clash.y0.pl/styles/prosilver/theme/colours.css?hash=fcb2f289,20250831175802,20250831175802,1,text/css,HEKMT2VPJKJ6N4FWO4NZQTMW4JVJJ4XB,5695,https://web.archive.org/web/20250831175802id_/http://forum.clash.y0.pl/styles/prosilver/theme/colours.css?hash=fcb2f289
http://forum.clash.y0.pl/styles/prosilver/theme/common.css?hash=843d5d5f,http://forum.clash.y0.pl/styles/prosilver/theme/common.css?hash=843d5d5f,20250831175533,20250831175533,1,text/css,UYMQ6N4AHVCKI4KTFIYEL7FZY2Q6JPZB,5467,https://web.archive.org/web/20250831175533id_/http://forum.clash.y0.pl/styles/prosilver/theme/common.css?hash=843d5d5f
http://forum.clash.y0.pl/styles/prosilver/theme/content.css?hash=d0e24377,http://forum.clash.y0.pl/styles/prosilver/theme/content.css?hash=d0e24377,20250831175516,20250831175516,1,text/css,OEP6MNL6MUO2IE7D5OVN2HYD2OVH3NJM,4211,https://web.archive.org/web/20250831175516id_/http://forum.clash.y0.pl/styles/prosilver/theme/content.css?hash=d0e24377
http://forum.clash.y0.pl/styles/prosilver/theme/content.css?hash=d6d1338b,http://forum.clash.y0.pl/styles/prosilver/theme/content.css?hash=d6d1338b,20260607142536,20260607142536,1,text/css,JKSCGTVJF5U45U3GIP6A2ADEWSBF5NDX,4240,https://web.archive.org/web/20260607142536id_/http://forum.clash.y0.pl/styles/prosilver/theme/content.css?hash=d6d1338b
http://forum.clash.y0.pl/styles/prosilver/theme/cp.css?hash=50d868ab,http://forum.clash.y0.pl/styles/prosilver/theme/cp.css?hash=50d868ab,20250831175515,20250831175515,1,text/css,L32HCP7VQKBC7RH2JY4TMLUPJZNW355O,2356,https://web.archive.org/web/20250831175515id_/http://forum.clash.y0.pl/styles/prosilver/theme/cp.css?hash=50d868ab
http://forum.clash.y0.pl/styles/prosilver/theme/forms.css?hash=9016b55c,http://forum.clash.y0.pl/styles/prosilver/theme/forms.css?hash=9016b55c,20250831175756,20250831175756,1,text/css,GKTNQURJ3BQCEEXUH7NBTVH7XXUX4ONW,2699,https://web.archive.org/web/20250831175756id_/http://forum.clash.y0.pl/styles/prosilver/theme/forms.css?hash=9016b55c
http://forum.clash.y0.pl/styles/prosilver/theme/icons.css?hash=64da33ce,http://forum.clash.y0.pl/styles/prosilver/theme/icons.css?hash=64da33ce,20250831175756,20250831175756,1,text/css,C2RR5VU3GKSDQH5A7KNBDWL5TLE7DCVJ,1424,https://web.archive.org/web/20250831175756id_/http://forum.clash.y0.pl/styles/prosilver/theme/icons.css?hash=64da33ce
http://forum.clash.y0.pl/styles/prosilver/theme/images/forum_read.gif,http://forum.clash.y0.pl/styles/prosilver/theme/images/forum_read.gif,20260607142505,20260607142505,1,image/gif,4GZTODAOKYJ3JRE3GZNVGT2YBD7KWAWQ,3775,https://web.archive.org/web/20260607142505id_/http://forum.clash.y0.pl/styles/prosilver/theme/images/forum_read.gif
http://forum.clash.y0.pl/styles/prosilver/theme/images/icons_contact.png,http://forum.clash.y0.pl/styles/prosilver/theme/images/icons_contact.png,20250831180712,20250831180712,1,image/png,GLJVUCS3TRM5SRS652GPERQO4U6BGXIV,9192,https://web.archive.org/web/20250831180712id_/http://forum.clash.y0.pl/styles/prosilver/theme/images/icons_contact.png
http://forum.clash.y0.pl/styles/prosilver/theme/images/site_logo1.png,http://forum.clash.y0.pl/styles/prosilver/theme/images/site_logo1.png,20250831175810,20250831175810,1,image/png,G6SQIR63ZFSBDNZ2FVSCZUYTZIMLYYHK,365132,https://web.archive.org/web/20250831175810id_/http://forum.clash.y0.pl/styles/prosilver/theme/images/site_logo1.png
http://forum.clash.y0.pl/styles/prosilver/theme/images/topic_read.gif,http://forum.clash.y0.pl/styles/prosilver/theme/images/topic_read.gif,20250831175809,20250831175809,1,image/gif,INDHMTQAJFP4XQM5FNAZHRYLZQ6VF3XW,3814,https://web.archive.org/web/20250831175809id_/http://forum.clash.y0.pl/styles/prosilver/theme/images/topic_read.gif
http://forum.clash.y0.pl/styles/prosilver/theme/images/topic_read_hot.gif,http://forum.clash.y0.pl/styles/prosilver/theme/images/topic_read_hot.gif,20250831175809,20250831175809,1,image/gif,4MPI7DNOYF3TAFUYEYNKKKBY5CTCJ5FM,3885,https://web.archive.org/web/20250831175809id_/http://forum.clash.y0.pl/styles/prosilver/theme/images/topic_read_hot.gif
http://forum.clash.y0.pl/styles/prosilver/theme/links.css?hash=18286e16,http://forum.clash.y0.pl/styles/prosilver/theme/links.css?hash=18286e16,20250831175756,20250831175756,1,text/css,KFNQNIOB6MDZIPLLNS7NCUZHROCCI7RW,1820,https://web.archive.org/web/20250831175756id_/http://forum.clash.y0.pl/styles/prosilver/theme/links.css?hash=18286e16
http://forum.clash.y0.pl/styles/prosilver/theme/normalize.css?hash=48eb3f89,http://forum.clash.y0.pl/styles/prosilver/theme/normalize.css?hash=48eb3f89,20250831175515,20250831175515,1,text/css,NVPGVEXNSWURDPFVE5GNWGQV2V7F5QPR,3315,https://web.archive.org/web/20250831175515id_/http://forum.clash.y0.pl/styles/prosilver/theme/normalize.css?hash=48eb3f89
http://forum.clash.y0.pl/styles/prosilver/theme/pl/stylesheet.css?assets_version=111,http://forum.clash.y0.pl/styles/prosilver/theme/pl/stylesheet.css?assets_version=111,20250831181908,20250831181908,1,text/css,2QZFAT6YUE6VMVZ3KSSPLXFXTYYRK53J,720,https://web.archive.org/web/20250831181908id_/http://forum.clash.y0.pl/styles/prosilver/theme/pl/stylesheet.css?assets_version=111
http://forum.clash.y0.pl/styles/prosilver/theme/pl/stylesheet.css?assets_version=40,http://forum.clash.y0.pl/styles/prosilver/theme/pl/stylesheet.css?assets_version=40,20260607142455,20260607142455,1,text/css,2QZFAT6YUE6VMVZ3KSSPLXFXTYYRK53J,718,https://web.archive.org/web/20260607142455id_/http://forum.clash.y0.pl/styles/prosilver/theme/pl/stylesheet.css?assets_version=40
http://forum.clash.y0.pl/styles/prosilver/theme/pl/stylesheet.css?assets_version=85,http://forum.clash.y0.pl/styles/prosilver/theme/pl/stylesheet.css?assets_version=85,20250831173209,20250831173209,1,text/css,2QZFAT6YUE6VMVZ3KSSPLXFXTYYRK53J,719,https://web.archive.org/web/20250831173209id_/http://forum.clash.y0.pl/styles/prosilver/theme/pl/stylesheet.css?assets_version=85
http://forum.clash.y0.pl/styles/prosilver/theme/pl/stylesheet.css?assets_version=88,http://forum.clash.y0.pl/styles/prosilver/theme/pl/stylesheet.css?assets_version=88,20250831175617,20250831175617,1,text/css,2QZFAT6YUE6VMVZ3KSSPLXFXTYYRK53J,719,https://web.archive.org/web/20250831175617id_/http://forum.clash.y0.pl/styles/prosilver/theme/pl/stylesheet.css?assets_version=88
http://forum.clash.y0.pl/styles/prosilver/theme/responsive.css?hash=c9d32cba,http://forum.clash.y0.pl/styles/prosilver/theme/responsive.css?hash=c9d32cba,20250831175756,20250831175756,1,text/css,HEOOEJ5MKIKN52WRVDPZV2Y3PHG73VUP,2995,https://web.archive.org/web/20250831175756id_/http://forum.clash.y0.pl/styles/prosilver/theme/responsive.css?hash=c9d32cba
http://forum.clash.y0.pl/styles/prosilver/theme/stylesheet.css?assets_version=18,http://forum.clash.y0.pl/styles/prosilver/theme/stylesheet.css?assets_version=18,20260614233345,20260614233345,1,text/css,HGNOKG4A5FUM2366WHE54ZPGPXMZUZ3R,1058,https://web.archive.org/web/20260614233345id_/http://forum.clash.y0.pl/styles/prosilver/theme/stylesheet.css?assets_version=18
http://forum.clash.y0.pl/styles/prosilver/theme/stylesheet.css?assets_version=40,http://forum.clash.y0.pl/styles/prosilver/theme/stylesheet.css?assets_version=40,20260607142447,20260607142447,1,text/css,HGNOKG4A5FUM2366WHE54ZPGPXMZUZ3R,1056,https://web.archive.org/web/20260607142447id_/http://forum.clash.y0.pl/styles/prosilver/theme/stylesheet.css?assets_version=40
http://forum.clash.y0.pl/styles/prosilver/theme/stylesheet.css?assets_version=85,http://forum.clash.y0.pl/styles/prosilver/theme/stylesheet.css?assets_version=85,20250831173209,20250831173209,1,text/css,7VUB2IBDDAZAEVNHBOVHIANATOWOEURL,1058,https://web.archive.org/web/20250831173209id_/http://forum.clash.y0.pl/styles/prosilver/theme/stylesheet.css?assets_version=85
http://forum.clash.y0.pl/styles/prosilver/theme/stylesheet.css?assets_version=88,http://forum.clash.y0.pl/styles/prosilver/theme/stylesheet.css?assets_version=88,20250831175618,20250831175618,1,text/css,7VUB2IBDDAZAEVNHBOVHIANATOWOEURL,1057,https://web.archive.org/web/20250831175618id_/http://forum.clash.y0.pl/styles/prosilver/theme/stylesheet.css?assets_version=88
http://forum.clash.y0.pl/styles/prosilver/theme/utilities.css?hash=d8f72c42,http://forum.clash.y0.pl/styles/prosilver/theme/utilities.css?hash=d8f72c42,20250831175515,20250831175515,1,text/css,QLED45N3FZEHGQX4VHPYSRFYFSRGSIT6,1145,https://web.archive.org/web/20250831175515id_/http://forum.clash.y0.pl/styles/prosilver/theme/utilities.css?hash=d8f72c42
http://forum.clash.y0.pl/ucp.php?mode=delete_cookies,http://forum.clash.y0.pl/ucp.php?mode=delete_cookies,20191212013855,20210423050751,2,text/html,5BNUFZCEYRA3RYORUSLRSOAENEVQB2JA,4360,https://web.archive.org/web/20191212013855id_/http://forum.clash.y0.pl/ucp.php?mode=delete_cookies
http://forum.clash.y0.pl/ucp.php?mode=login,http://forum.clash.y0.pl/ucp.php?mode=login,20191212005845,20191212005845,1,text/html,CSZ3FOJRSRBMUJNRVPM24S7Y6RLTQVUV,4953,https://web.archive.org/web/20191212005845id_/http://forum.clash.y0.pl/ucp.php?mode=login
http://forum.clash.y0.pl/ucp.php?mode=login&redirect=app.php%2Fhelp%2Ffaq,http://forum.clash.y0.pl/ucp.php?mode=login&redirect=app.php%2Fhelp%2Ffaq,20210306185508,20240519165557,2,text/html,HFIIXCUSZ5NZZNOKRAIE3L55YAIGEPK2,4439,https://web.archive.org/web/20210306185508id_/http://forum.clash.y0.pl/ucp.php?mode=login&redirect=app.php%2Fhelp%2Ffaq
http://forum.clash.y0.pl/ucp.php?mode=login&redirect=app.php%2Fuser%2Fdelete_cookies,http://forum.clash.y0.pl/ucp.php?mode=login&redirect=app.php%2Fuser%2Fdelete_cookies&sid=f380363e2f1fcad7508e4b4089f4037b,20241101190215,20241101190215,1,text/html,ZKIL44X6L2HIFBLEELMRHSM7MDMQQLO6,4208,https://web.archive.org/web/20241101190215id_/http://forum.clash.y0.pl/ucp.php?mode=login&redirect=app.php%2Fuser%2Fdelete_cookies&sid=f380363e2f1fcad7508e4b4089f4037b
http://forum.clash.y0.pl/ucp.php?mode=login&redirect=app.php%2Fuser%2Fforgot_password,http://forum.clash.y0.pl/ucp.php?mode=login&redirect=app.php%2Fuser%2Fforgot_password&sid=0960d38b7e5632917ef3c74a38ed64f6,20240712165010,20240712165010,1,text/html,EPIAOYVTZ6NNI3BAYJRLUOLSUXJH2SIN,4540,https://web.archive.org/web/20240712165010id_/http://forum.clash.y0.pl/ucp.php?mode=login&redirect=app.php%2Fuser%2Fforgot_password&sid=0960d38b7e5632917ef3c74a38ed64f6
http://forum.clash.y0.pl/ucp.php?mode=login&redirect=index.php,http://forum.clash.y0.pl/ucp.php?mode=login&redirect=index.php,20200814013019,20231129053845,2,text/html,UVYMPYI5QUOK7FEW6CZYFPS2YJSFXM26,4414,https://web.archive.org/web/20200814013019id_/http://forum.clash.y0.pl/ucp.php?mode=login&redirect=index.php
http://forum.clash.y0.pl/ucp.php?mode=login&redirect=memberlist.php%3Fmode%3Dcontactadmin,http://forum.clash.y0.pl/ucp.php?mode=login&redirect=memberlist.php%3Fmode%3Dcontactadmin,20201030072336,20240422115658,2,text/html,WGBE5UXMIU6GBBHL5GMIFT2CIATIHNVD,4425,https://web.archive.org/web/20201030072336id_/http://forum.clash.y0.pl/ucp.php?mode=login&redirect=memberlist.php%3Fmode%3Dcontactadmin
http://forum.clash.y0.pl/ucp.php?mode=login&redirect=memberlist.php%3Fmode%3Dviewprofile,http://forum.clash.y0.pl/ucp.php?mode=login&redirect=memberlist.php?mode=viewprofile&sid=94db5d984a248c91d112df5cdc362c4a,20240911034735,20240911034735,1,text/html,UNKOKGCU3ZL2ZNQQH3EAPG5JCEF6J3O2,4535,https://web.archive.org/web/20240911034735id_/http://forum.clash.y0.pl/ucp.php?mode=login&redirect=memberlist.php?mode=viewprofile&sid=94db5d984a248c91d112df5cdc362c4a
http://forum.clash.y0.pl/ucp.php?mode=login&redirect=memberlist.php%3Fmode%3Dviewprofile%26u%3D2,http://forum.clash.y0.pl/ucp.php?mode=login&redirect=memberlist.php%3Fmode%3Dviewprofile%26u%3D2,20200814013732,20240422131737,2,text/html,YCY6XBR5UHUW4WMSIOH3KSAJDNAQ653L,4453,https://web.archive.org/web/20200814013732id_/http://forum.clash.y0.pl/ucp.php?mode=login&redirect=memberlist.php%3Fmode%3Dviewprofile%26u%3D2
http://forum.clash.y0.pl/ucp.php?mode=login&redirect=memberlist.php%3Fmode%3Dviewprofile%26u%3D2148,http://forum.clash.y0.pl/ucp.php?mode=login&redirect=memberlist.php%3Fmode%3Dviewprofile%26u%3D2148&sid=61384eb1d7b915ec56a2d6f9b741f2e0,20240713034650,20240713034650,1,text/html,BQRUI7MMO6EGGSYQ5BRLILYHR7T4NJL4,4556,https://web.archive.org/web/20240713034650id_/http://forum.clash.y0.pl/ucp.php?mode=login&redirect=memberlist.php%3Fmode%3Dviewprofile%26u%3D2148&sid=61384eb1d7b915ec56a2d6f9b741f2e0
http://forum.clash.y0.pl/ucp.php?mode=login&redirect=memberlist.php%3Fmode%3Dviewprofile%26u%3D2176,http://forum.clash.y0.pl/ucp.php?mode=login&redirect=memberlist.php%3Fmode%3Dviewprofile%26u%3D2176&sid=ec25bc878072b763b91e45c90118d195,20240612180850,20240612180850,1,text/html,O5DRUAMTKOWK2J53L2QPH7PWU5TIJSN6,4213,https://web.archive.org/web/20240612180850id_/http://forum.clash.y0.pl/ucp.php?mode=login&redirect=memberlist.php%3Fmode%3Dviewprofile%26u%3D2176&sid=ec25bc878072b763b91e45c90118d195
http://forum.clash.y0.pl/ucp.php?mode=login&redirect=memberlist.php%3Fmode%3Dviewprofile%26u%3D2578,http://forum.clash.y0.pl/ucp.php?mode=login&redirect=memberlist.php%3Fmode%3Dviewprofile%26u%3D2578&sid=9bda1f1aec82ed2aad043535d2248e0d,20240713033744,20240713033744,1,text/html,XRYNOIPBFZAZ4VS4T54AEGWD7M53XKZJ,4554,https://web.archive.org/web/20240713033744id_/http://forum.clash.y0.pl/ucp.php?mode=login&redirect=memberlist.php%3Fmode%3Dviewprofile%26u%3D2578&sid=9bda1f1aec82ed2aad043535d2248e0d
http://forum.clash.y0.pl/ucp.php?mode=login&redirect=memberlist.php%3Fmode%3Dviewprofile%26u%3D52,http://forum.clash.y0.pl/ucp.php?mode=login&redirect=memberlist.php%3Fmode%3Dviewprofile%26u%3D52&sid=58414c3517cfd91a8616b1b421a9fc23,20240620213124,20240620213124,1,text/html,ZDMZFFL6ET4CA3TX32SO2SLWJRCKSAHG,4210,https://web.archive.org/web/20240620213124id_/http://forum.clash.y0.pl/ucp.php?mode=login&redirect=memberlist.php%3Fmode%3Dviewprofile%26u%3D52&sid=58414c3517cfd91a8616b1b421a9fc23
http://forum.clash.y0.pl/ucp.php?mode=login&redirect=memberlist.php%3Fmode%3Dviewprofile%26u%3D55,http://forum.clash.y0.pl/ucp.php?mode=login&redirect=memberlist.php%3Fmode%3Dviewprofile%26u%3D55&sid=42cb951f2089321905e0314df9ad888e,20240623081049,20240623081049,1,text/html,UFVMMXTVEE6MAB2VGMKUYDNG5OD7PAUF,4215,https://web.archive.org/web/20240623081049id_/http://forum.clash.y0.pl/ucp.php?mode=login&redirect=memberlist.php%3Fmode%3Dviewprofile%26u%3D55&sid=42cb951f2089321905e0314df9ad888e
http://forum.clash.y0.pl/ucp.php?mode=login&redirect=memberlist.php%3Fmode%3Dviewprofile%26u%3D59,http://forum.clash.y0.pl/ucp.php?mode=login&redirect=memberlist.php%3Fmode%3Dviewprofile%26u%3D59&sid=011e3951dee1ea361aa9a7d9586e5039,20240714163246,20240714163246,1,text/html,GLP7OYIT5I43ZUG4N234F5VP7FFUNRFA,4555,https://web.archive.org/web/20240714163246id_/http://forum.clash.y0.pl/ucp.php?mode=login&redirect=memberlist.php%3Fmode%3Dviewprofile%26u%3D59&sid=011e3951dee1ea361aa9a7d9586e5039
http://forum.clash.y0.pl/ucp.php?mode=login&redirect=memberlist.php%3Fmode%3Dviewprofile%26u%3D78,http://forum.clash.y0.pl/ucp.php?mode=login&redirect=memberlist.php%3Fmode%3Dviewprofile%26u%3D78&sid=6cb9e5e63370bd350f4ceb876f6e7fce,20240612182853,20240612182853,1,text/html,QCUOIFUGB6WUJBINUJFS3JQSS4G7VUIL,4213,https://web.archive.org/web/20240612182853id_/http://forum.clash.y0.pl/ucp.php?mode=login&redirect=memberlist.php%3Fmode%3Dviewprofile%26u%3D78&sid=6cb9e5e63370bd350f4ceb876f6e7fce
http://forum.clash.y0.pl/ucp.php?mode=login&redirect=memberlist.php%3Fmode%3Dviewprofile%26u%3D81,http://forum.clash.y0.pl/ucp.php?mode=login&redirect=memberlist.php%3Fmode%3Dviewprofile%26u%3D81&sid=6c6cf99420263c3c3d5826863d106249,20240623080933,20240623080933,1,text/html,UVH4YOEDW47FCQ6QCLN2N725JSN7F3AD,4211,https://web.archive.org/web/20240623080933id_/http://forum.clash.y0.pl/ucp.php?mode=login&redirect=memberlist.php%3Fmode%3Dviewprofile%26u%3D81&sid=6c6cf99420263c3c3d5826863d106249
http://forum.clash.y0.pl/ucp.php?mode=login&redirect=memberlist.php%3Fmode%3Dviewprofile%26u%3D92,http://forum.clash.y0.pl/ucp.php?mode=login&redirect=memberlist.php%3Fmode%3Dviewprofile%26u%3D92&sid=8f712877d00b819face4c200101be8bf,20240616184521,20240616184521,1,text/html,YYJHG2BOJXRMHIFFF5HJJNFIVN67NUMR,4214,https://web.archive.org/web/20240616184521id_/http://forum.clash.y0.pl/ucp.php?mode=login&redirect=memberlist.php%3Fmode%3Dviewprofile%26u%3D92&sid=8f712877d00b819face4c200101be8bf
http://forum.clash.y0.pl/ucp.php?mode=login&redirect=posting.php%3Ff%3D2%26mode%3Dquote%26p%3D516,http://forum.clash.y0.pl/ucp.php?mode=login&redirect=posting.php%3Ff%3D2%26mode%3Dquote%26p%3D516,20201126155410,20201126155410,1,text/html,ZEQUSYQ6UEAXJUVIINYLMBSBKPCEC35K,4461,https://web.archive.org/web/20201126155410id_/http://forum.clash.y0.pl/ucp.php?mode=login&redirect=posting.php%3Ff%3D2%26mode%3Dquote%26p%3D516
http://forum.clash.y0.pl/ucp.php?mode=login&redirect=posting.php%3Ff%3D3%26mode%3Dquote%26p%3D507,http://forum.clash.y0.pl/ucp.php?mode=login&redirect=posting.php%3Ff%3D3%26mode%3Dquote%26p%3D507,20200930100528,20200930100528,1,text/html,OQFZT2SMZX2ZWU4MHVFB43CGF3PWHEOF,4459,https://web.archive.org/web/20200930100528id_/http://forum.clash.y0.pl/ucp.php?mode=login&redirect=posting.php%3Ff%3D3%26mode%3Dquote%26p%3D507
http://forum.clash.y0.pl/ucp.php?mode=login&redirect=posting.php%3Ff%3D3%26mode%3Dreply%26t%3D19,http://forum.clash.y0.pl/ucp.php?mode=login&redirect=posting.php%3Ff%3D3%26mode%3Dreply%26t%3D19,20200930094817,20200930094817,1,text/html,MIE6XYDI5P4K3NIFICVDOGSM5TJIPTZ7,4462,https://web.archive.org/web/20200930094817id_/http://forum.clash.y0.pl/ucp.php?mode=login&redirect=posting.php%3Ff%3D3%26mode%3Dreply%26t%3D19
http://forum.clash.y0.pl/ucp.php?mode=login&redirect=posting.php%3Ff%3D4%26mode%3Dpost,http://forum.clash.y0.pl/ucp.php?mode=login&redirect=posting.php%3Ff%3D4%26mode%3Dpost&sid=8e9332accfe95248026b2d5910eab93e,20240616180617,20240616180617,1,text/html,DSJTSQNDHBYOOYJTZUM3Q2VUULA6WMUB,4206,https://web.archive.org/web/20240616180617id_/http://forum.clash.y0.pl/ucp.php?mode=login&redirect=posting.php%3Ff%3D4%26mode%3Dpost&sid=8e9332accfe95248026b2d5910eab93e
http://forum.clash.y0.pl/ucp.php?mode=login&redirect=posting.php%3Fmode%3Dquote,http://forum.clash.y0.pl/ucp.php?mode=login&redirect=posting.php?mode=quote&sid=185ae7f2c477ebb371e2f02a875580e1,20240918212205,20240918212205,1,text/html,NBNZ64SC3O4XUPNPRSD5GD2B2MC7IPBV,4536,https://web.archive.org/web/20240918212205id_/http://forum.clash.y0.pl/ucp.php?mode=login&redirect=posting.php?mode=quote&sid=185ae7f2c477ebb371e2f02a875580e1
http://forum.clash.y0.pl/ucp.php?mode=login&redirect=posting.php%3Fmode%3Dquote%26p%3D1391,http://forum.clash.y0.pl/ucp.php?mode=login&redirect=posting.php%3Fmode%3Dquote%26p%3D1391&sid=919a527e1157f308342d088e950f8417,20240714165243,20240714165243,1,text/html,UX34GBEMMQGOWQJ4VW3ZOVE65UDKU6GC,4561,https://web.archive.org/web/20240714165243id_/http://forum.clash.y0.pl/ucp.php?mode=login&redirect=posting.php%3Fmode%3Dquote%26p%3D1391&sid=919a527e1157f308342d088e950f8417
http://forum.clash.y0.pl/ucp.php?mode=login&redirect=posting.php%3Fmode%3Dquote%26p%3D1430,http://forum.clash.y0.pl/ucp.php?mode=login&redirect=posting.php%3Fmode%3Dquote%26p%3D1430&sid=7ed8638a910da857a099ced1cd965cc2,20240716202923,20240716202923,1,text/html,XEIS47QK4LR4D7F72US7G3BMDPCJGFXI,4558,https://web.archive.org/web/20240716202923id_/http://forum.clash.y0.pl/ucp.php?mode=login&redirect=posting.php%3Fmode%3Dquote%26p%3D1430&sid=7ed8638a910da857a099ced1cd965cc2
http://forum.clash.y0.pl/ucp.php?mode=login&redirect=posting.php%3Fmode%3Dquote%26p%3D1449,http://forum.clash.y0.pl/ucp.php?mode=login&redirect=posting.php%3Fmode%3Dquote%26p%3D1449&sid=b8e74f3d7e08b5d6463fade83491f967,20240612183938,20240612183938,1,text/html,4VMGCULCMIFSYAPXDTF77V55UKFIQOVK,4209,https://web.archive.org/web/20240612183938id_/http://forum.clash.y0.pl/ucp.php?mode=login&redirect=posting.php%3Fmode%3Dquote%26p%3D1449&sid=b8e74f3d7e08b5d6463fade83491f967
http://forum.clash.y0.pl/ucp.php?mode=login&redirect=posting.php%3Fmode%3Dquote%26p%3D1453,http://forum.clash.y0.pl/ucp.php?mode=login&redirect=posting.php%3Fmode%3Dquote%26p%3D1453&sid=a3d11a7e48510ba6298236fd692ae9b6,20240623084244,20240623084244,1,text/html,DWIRYTRLLIR5ALQ6NL4HBREIW2K3YYE4,4211,https://web.archive.org/web/20240623084244id_/http://forum.clash.y0.pl/ucp.php?mode=login&redirect=posting.php%3Fmode%3Dquote%26p%3D1453&sid=a3d11a7e48510ba6298236fd692ae9b6
http://forum.clash.y0.pl/ucp.php?mode=login&redirect=posting.php%3Fmode%3Dquote%26p%3D1454,http://forum.clash.y0.pl/ucp.php?mode=login&redirect=posting.php%3Fmode%3Dquote%26p%3D1454&sid=8980e5538e63a9c090c4977e0cf5a2a6,20240616181513,20240616181513,1,text/html,MJYL2S2GDLNTME5ILX6OR7TT6IDZCDBA,4207,https://web.archive.org/web/20240616181513id_/http://forum.clash.y0.pl/ucp.php?mode=login&redirect=posting.php%3Fmode%3Dquote%26p%3D1454&sid=8980e5538e63a9c090c4977e0cf5a2a6
http://forum.clash.y0.pl/ucp.php?mode=login&redirect=posting.php%3Fmode%3Dquote%26p%3D1550,http://forum.clash.y0.pl/ucp.php?mode=login&redirect=posting.php%3Fmode%3Dquote%26p%3D1550&sid=523a9daedb47473797281675ad4d7558,20240713045527,20240713045527,1,text/html,7GTP6OIBX3RAIJJWSN3WVTCT4MRLWRRX,4563,https://web.archive.org/web/20240713045527id_/http://forum.clash.y0.pl/ucp.php?mode=login&redirect=posting.php%3Fmode%3Dquote%26p%3D1550&sid=523a9daedb47473797281675ad4d7558
http://forum.clash.y0.pl/ucp.php?mode=login&redirect=posting.php%3Fmode%3Dquote%26p%3D1552,http://forum.clash.y0.pl/ucp.php?mode=login&redirect=posting.php%3Fmode%3Dquote%26p%3D1552&sid=2a618e76301b0b63a260118bcf316864,20240716185510,20240716185510,1,text/html,VPH2SX42YFWZLWP5LA2AFR5DLASAU3FU,4557,https://web.archive.org/web/20240716185510id_/http://forum.clash.y0.pl/ucp.php?mode=login&redirect=posting.php%3Fmode%3Dquote%26p%3D1552&sid=2a618e76301b0b63a260118bcf316864
http://forum.clash.y0.pl/ucp.php?mode=login&redirect=posting.php%3Fmode%3Dquote%26p%3D1553,http://forum.clash.y0.pl/ucp.php?mode=login&redirect=posting.php%3Fmode%3Dquote%26p%3D1553&sid=ce099644d3f3a77fba033ea87067ae5f,20240716192124,20240716192124,1,text/html,F2USYQA2CEYMFYYARYYJVFX7QQYYSP44,4564,https://web.archive.org/web/20240716192124id_/http://forum.clash.y0.pl/ucp.php?mode=login&redirect=posting.php%3Fmode%3Dquote%26p%3D1553&sid=ce099644d3f3a77fba033ea87067ae5f
http://forum.clash.y0.pl/ucp.php?mode=login&redirect=posting.php%3Fmode%3Dquote%26p%3D1556,http://forum.clash.y0.pl/ucp.php?mode=login&redirect=posting.php%3Fmode%3Dquote%26p%3D1556&sid=6187873ac43bacfa02b77527d8f91317,20240714171644,20240714171644,1,text/html,E6FQ4UBEMQPENYJFOEBUSGGZLTDGIBUN,4564,https://web.archive.org/web/20240714171644id_/http://forum.clash.y0.pl/ucp.php?mode=login&redirect=posting.php%3Fmode%3Dquote%26p%3D1556&sid=6187873ac43bacfa02b77527d8f91317
http://forum.clash.y0.pl/ucp.php?mode=login&redirect=posting.php%3Fmode%3Dquote%26p%3D1558,http://forum.clash.y0.pl/ucp.php?mode=login&redirect=posting.php%3Fmode%3Dquote%26p%3D1558&sid=d39ebd75ca71ed46c74f04d37b852576,20240714171136,20240714171136,1,text/html,SKVSBTWCLQJQSHGGRSQHBLVE75F4LBKL,4563,https://web.archive.org/web/20240714171136id_/http://forum.clash.y0.pl/ucp.php?mode=login&redirect=posting.php%3Fmode%3Dquote%26p%3D1558&sid=d39ebd75ca71ed46c74f04d37b852576
http://forum.clash.y0.pl/ucp.php?mode=login&redirect=posting.php%3Fmode%3Dquote%26p%3D1560,http://forum.clash.y0.pl/ucp.php?mode=login&redirect=posting.php%3Fmode%3Dquote%26p%3D1560&sid=28640582f68fe0c50211962290c48ef9,20240621020311,20240621020311,1,text/html,HMQEYEMAEVGJ6GVRLGTLAFNQDPUTK454,4212,https://web.archive.org/web/20240621020311id_/http://forum.clash.y0.pl/ucp.php?mode=login&redirect=posting.php%3Fmode%3Dquote%26p%3D1560&sid=28640582f68fe0c50211962290c48ef9
http://forum.clash.y0.pl/ucp.php?mode=login&redirect=posting.php%3Fmode%3Dquote%26p%3D1586,http://forum.clash.y0.pl/ucp.php?mode=login&redirect=posting.php%3Fmode%3Dquote%26p%3D1586&sid=d1eb1ca0421c39e5b07d4569ecd68147,20240713020947,20240713020947,1,text/html,BT5XZ3OQENJSJAQSHTBQJYNCEPHTARE3,4559,https://web.archive.org/web/20240713020947id_/http://forum.clash.y0.pl/ucp.php?mode=login&redirect=posting.php%3Fmode%3Dquote%26p%3D1586&sid=d1eb1ca0421c39e5b07d4569ecd68147
http://forum.clash.y0.pl/ucp.php?mode=login&redirect=posting.php%3Fmode%3Dquote%26p%3D1591,http://forum.clash.y0.pl/ucp.php?mode=login&redirect=posting.php%3Fmode%3Dquote%26p%3D1591&sid=7b3145325195cffbd792d2ceecea4e41,20240717194301,20240717194301,1,text/html,5SRHW7XW6CKB6D6E2SQDEZVX2CL7JFBJ,4560,https://web.archive.org/web/20240717194301id_/http://forum.clash.y0.pl/ucp.php?mode=login&redirect=posting.php%3Fmode%3Dquote%26p%3D1591&sid=7b3145325195cffbd792d2ceecea4e41
http://forum.clash.y0.pl/ucp.php?mode=login&redirect=posting.php%3Fmode%3Dquote%26p%3D1604,http://forum.clash.y0.pl/ucp.php?mode=login&redirect=posting.php%3Fmode%3Dquote%26p%3D1604&sid=01c2ae1c6b9c1960897ab3decc12b11f,20240717192347,20240717192347,1,text/html,4I24FUR62HXMYO575SDBAJ2OEWIO26VQ,4561,https://web.archive.org/web/20240717192347id_/http://forum.clash.y0.pl/ucp.php?mode=login&redirect=posting.php%3Fmode%3Dquote%26p%3D1604&sid=01c2ae1c6b9c1960897ab3decc12b11f
http://forum.clash.y0.pl/ucp.php?mode=login&redirect=posting.php%3Fmode%3Dquote%26p%3D1608,http://forum.clash.y0.pl/ucp.php?mode=login&redirect=posting.php%3Fmode%3Dquote%26p%3D1608&sid=d8220f667516a5c60c95399d8ee66c14,20240612192018,20240612192018,1,text/html,ON7U3XVPNWUKFIN3SRZMRYGM4QEV4AJH,4217,https://web.archive.org/web/20240612192018id_/http://forum.clash.y0.pl/ucp.php?mode=login&redirect=posting.php%3Fmode%3Dquote%26p%3D1608&sid=d8220f667516a5c60c95399d8ee66c14
http://forum.clash.y0.pl/ucp.php?mode=login&redirect=posting.php%3Fmode%3Dquote%26p%3D1611,http://forum.clash.y0.pl/ucp.php?mode=login&redirect=posting.php%3Fmode%3Dquote%26p%3D1611&sid=264027a3cb8c44afa39f0c3a6e80eefd,20240717191657,20240717191657,1,text/html,KXS2YF2TSGXOLOYPJQDCOW3A7TKK73E4,4558,https://web.archive.org/web/20240717191657id_/http://forum.clash.y0.pl/ucp.php?mode=login&redirect=posting.php%3Fmode%3Dquote%26p%3D1611&sid=264027a3cb8c44afa39f0c3a6e80eefd
http://forum.clash.y0.pl/ucp.php?mode=login&redirect=posting.php%3Fmode%3Dquote%26p%3D1630,http://forum.clash.y0.pl/ucp.php?mode=login&redirect=posting.php%3Fmode%3Dquote%26p%3D1630&sid=aa3c856e747de8a7d5ae6de25d640964,20240616173553,20240616173553,1,text/html,V7ONU6XRUMQTMFMF66KWCFLSAN3I6MK3,4213,https://web.archive.org/web/20240616173553id_/http://forum.clash.y0.pl/ucp.php?mode=login&redirect=posting.php%3Fmode%3Dquote%26p%3D1630&sid=aa3c856e747de8a7d5ae6de25d640964
http://forum.clash.y0.pl/ucp.php?mode=login&redirect=posting.php%3Fmode%3Dquote%26p%3D1631,http://forum.clash.y0.pl/ucp.php?mode=login&redirect=posting.php%3Fmode%3Dquote%26p%3D1631&sid=9a58de19eec6571938beec64743d3cc1,20240612190755,20240612190755,1,text/html,TASW42WGRTBVHQIOSISDJD4BCWARDC3O,4211,https://web.archive.org/web/20240612190755id_/http://forum.clash.y0.pl/ucp.php?mode=login&redirect=posting.php%3Fmode%3Dquote%26p%3D1631&sid=9a58de19eec6571938beec64743d3cc1
http://forum.clash.y0.pl/ucp.php?mode=login&redirect=posting.php%3Fmode%3Dquote%26p%3D1632,http://forum.clash.y0.pl/ucp.php?mode=login&redirect=posting.php%3Fmode%3Dquote%26p%3D1632&sid=e6ba17880393090851fc1759f5b4e04c,20240612192058,20240612192058,1,text/html,24UYCIPK5ILDZADYSLXIOTV2DKEQJGR5,4214,https://web.archive.org/web/20240612192058id_/http://forum.clash.y0.pl/ucp.php?mode=login&redirect=posting.php%3Fmode%3Dquote%26p%3D1632&sid=e6ba17880393090851fc1759f5b4e04c
http://forum.clash.y0.pl/ucp.php?mode=login&redirect=posting.php%3Fmode%3Dquote%26p%3D1649,http://forum.clash.y0.pl/ucp.php?mode=login&redirect=posting.php%3Fmode%3Dquote%26p%3D1649&sid=5cf74a5d45d290ec65c996928b6872f1,20240616194437,20240616194437,1,text/html,DKSNGIRXSTNVFOZAIKPQ3J7BUGPRD6FK,4210,https://web.archive.org/web/20240616194437id_/http://forum.clash.y0.pl/ucp.php?mode=login&redirect=posting.php%3Fmode%3Dquote%26p%3D1649&sid=5cf74a5d45d290ec65c996928b6872f1
http://forum.clash.y0.pl/ucp.php?mode=login&redirect=posting.php%3Fmode%3Dquote%26p%3D1653,http://forum.clash.y0.pl/ucp.php?mode=login&redirect=posting.php%3Fmode%3Dquote%26p%3D1653&sid=617d41c1827126bb3db3e5bf8f58a2d9,20240612180202,20240612180202,1,text/html,XLURZTERGJFINRYZBHWWP7DQO6HU3MCN,4217,https://web.archive.org/web/20240612180202id_/http://forum.clash.y0.pl/ucp.php?mode=login&redirect=posting.php%3Fmode%3Dquote%26p%3D1653&sid=617d41c1827126bb3db3e5bf8f58a2d9
http://forum.clash.y0.pl/ucp.php?mode=login&redirect=posting.php%3Fmode%3Dquote%26p%3D1654,http://forum.clash.y0.pl/ucp.php?mode=login&redirect=posting.php%3Fmode%3Dquote%26p%3D1654&sid=2324f987af7676e22aeb804a272df011,20240623072314,20240623072314,1,text/html,TZQC67XVBNLAYAOIHIIR76X7XDGTC2SG,4211,https://web.archive.org/web/20240623072314id_/http://forum.clash.y0.pl/ucp.php?mode=login&redirect=posting.php%3Fmode%3Dquote%26p%3D1654&sid=2324f987af7676e22aeb804a272df011
http://forum.clash.y0.pl/ucp.php?mode=login&redirect=posting.php%3Fmode%3Dquote%26p%3D1657,http://forum.clash.y0.pl/ucp.php?mode=login&redirect=posting.php%3Fmode%3Dquote%26p%3D1657&sid=edf64cb39dd33a5fd23db02c8ef0ae7d,20240612193558,20240612193558,1,text/html,YXTA23F26WH3VRKOQPSCLDUMR4RTFSFP,4213,https://web.archive.org/web/20240612193558id_/http://forum.clash.y0.pl/ucp.php?mode=login&redirect=posting.php%3Fmode%3Dquote%26p%3D1657&sid=edf64cb39dd33a5fd23db02c8ef0ae7d
http://forum.clash.y0.pl/ucp.php?mode=login&redirect=posting.php%3Fmode%3Dquote%26p%3D1658,http://forum.clash.y0.pl/ucp.php?mode=login&redirect=posting.php%3Fmode%3Dquote%26p%3D1658&sid=acae386dc300844d734ad84f890b93cd,20240621021126,20240621021126,1,text/html,ET2FE72KKQQPUIDYKEO5S2ZOC2V5AJI3,4211,https://web.archive.org/web/20240621021126id_/http://forum.clash.y0.pl/ucp.php?mode=login&redirect=posting.php%3Fmode%3Dquote%26p%3D1658&sid=acae386dc300844d734ad84f890b93cd
http://forum.clash.y0.pl/ucp.php?mode=login&redirect=posting.php%3Fmode%3Dquote%26p%3D1659,http://forum.clash.y0.pl/ucp.php?mode=login&redirect=posting.php%3Fmode%3Dquote%26p%3D1659&sid=5ad264f7a70f96f7e8370238b6a6ba9f,20240612183035,20240612183035,1,text/html,EAFGLFGYRHRZDMKGO7GWNR5O2V72NUEL,4215,https://web.archive.org/web/20240612183035id_/http://forum.clash.y0.pl/ucp.php?mode=login&redirect=posting.php%3Fmode%3Dquote%26p%3D1659&sid=5ad264f7a70f96f7e8370238b6a6ba9f
http://forum.clash.y0.pl/ucp.php?mode=login&redirect=posting.php%3Fmode%3Dquote%26p%3D1660,http://forum.clash.y0.pl/ucp.php?mode=login&redirect=posting.php%3Fmode%3Dquote%26p%3D1660&sid=99e57a68490363b9af009e5decb8f7a0,20240612191124,20240612191124,1,text/html,EYFAUM7FRAMKDQH6F256TYVYOBCLUM3T,4211,https://web.archive.org/web/20240612191124id_/http://forum.clash.y0.pl/ucp.php?mode=login&redirect=posting.php%3Fmode%3Dquote%26p%3D1660&sid=99e57a68490363b9af009e5decb8f7a0
http://forum.clash.y0.pl/ucp.php?mode=login&redirect=posting.php%3Fmode%3Dquote%26p%3D1662,http://forum.clash.y0.pl/ucp.php?mode=login&redirect=posting.php%3Fmode%3Dquote%26p%3D1662&sid=51f897a3dce6b3f8c6838d7bff8e41c9,20240616183204,20240616183204,1,text/html,KLWWPPPSJJ4M74HQYOLXA4T5QLW3ZIO4,4215,https://web.archive.org/web/20240616183204id_/http://forum.clash.y0.pl/ucp.php?mode=login&redirect=posting.php%3Fmode%3Dquote%26p%3D1662&sid=51f897a3dce6b3f8c6838d7bff8e41c9
http://forum.clash.y0.pl/ucp.php?mode=login&redirect=posting.php%3Fmode%3Dquote%26p%3D203,http://forum.clash.y0.pl/ucp.php?mode=login&redirect=posting.php%3Fmode%3Dquote%26p%3D203&sid=99d9ad2485c49e8d6931f63019913a72,20240612182708,20240612182708,1,text/html,VGHPW7FBNVGKFV2XJAPTMJZX5UNXDLZW,4213,https://web.archive.org/web/20240612182708id_/http://forum.clash.y0.pl/ucp.php?mode=login&redirect=posting.php%3Fmode%3Dquote%26p%3D203&sid=99d9ad2485c49e8d6931f63019913a72
http://forum.clash.y0.pl/ucp.php?mode=login&redirect=posting.php%3Fmode%3Dquote%26p%3D371,http://forum.clash.y0.pl/ucp.php?mode=login&redirect=posting.php%3Fmode%3Dquote%26p%3D371&sid=b8686f658594bd0b87f32ad2ec5a261a,20240723174236,20240723174236,1,text/html,CBI47V4MBO35K7F6ZN5DIAM5W7GXMZZE,4560,https://web.archive.org/web/20240723174236id_/http://forum.clash.y0.pl/ucp.php?mode=login&redirect=posting.php%3Fmode%3Dquote%26p%3D371&sid=b8686f658594bd0b87f32ad2ec5a261a
http://forum.clash.y0.pl/ucp.php?mode=login&redirect=posting.php%3Fmode%3Dquote%26p%3D465,http://forum.clash.y0.pl/ucp.php?mode=login&redirect=posting.php%3Fmode%3Dquote%26p%3D465&sid=4d160e1c5990c352ef6aee0b7ef8b816,20240623071218,20240623071218,1,text/html,2W34MAC75YLFEZX6HLUAIBG7BUJJKST4,4212,https://web.archive.org/web/20240623071218id_/http://forum.clash.y0.pl/ucp.php?mode=login&redirect=posting.php%3Fmode%3Dquote%26p%3D465&sid=4d160e1c5990c352ef6aee0b7ef8b816
http://forum.clash.y0.pl/ucp.php?mode=login&redirect=posting.php%3Fmode%3Dquote%26p%3D466,http://forum.clash.y0.pl/ucp.php?mode=login&redirect=posting.php%3Fmode%3Dquote%26p%3D466&sid=9302803296fbf7fd8060c1c1a7080889,20240623080906,20240623080906,1,text/html,TTU4MAQ7GRV7DL55QYCJWPAFAJADTTEF,4210,https://web.archive.org/web/20240623080906id_/http://forum.clash.y0.pl/ucp.php?mode=login&redirect=posting.php%3Fmode%3Dquote%26p%3D466&sid=9302803296fbf7fd8060c1c1a7080889
http://forum.clash.y0.pl/ucp.php?mode=login&redirect=posting.php%3Fmode%3Dquote%26p%3D467,http://forum.clash.y0.pl/ucp.php?mode=login&redirect=posting.php%3Fmode%3Dquote%26p%3D467&sid=4fc1b1b566bac76211b71120469bd706,20240616175639,20240616175639,1,text/html,46DWVH64UHO6QNCILI2OPGWLULVEDF4V,4211,https://web.archive.org/web/20240616175639id_/http://forum.clash.y0.pl/ucp.php?mode=login&redirect=posting.php%3Fmode%3Dquote%26p%3D467&sid=4fc1b1b566bac76211b71120469bd706
http://forum.clash.y0.pl/ucp.php?mode=login&redirect=posting.php%3Fmode%3Dquote%26p%3D492,http://forum.clash.y0.pl/ucp.php?mode=login&redirect=posting.php%3Fmode%3Dquote%26p%3D492&sid=1f2e7a2ccd6832d2280068a2765c2cb1,20240623072607,20240623072607,1,text/html,7MWZUIZAUF6UETMSGBJF7DHNCPME6IRZ,4212,https://web.archive.org/web/20240623072607id_/http://forum.clash.y0.pl/ucp.php?mode=login&redirect=posting.php%3Fmode%3Dquote%26p%3D492&sid=1f2e7a2ccd6832d2280068a2765c2cb1
http://forum.clash.y0.pl/ucp.php?mode=login&redirect=posting.php%3Fmode%3Dquote%26p%3D676,http://forum.clash.y0.pl/ucp.php?mode=login&redirect=posting.php%3Fmode%3Dquote%26p%3D676&sid=0adace01acea89c721c2e84a7fb17288,20240616181706,20240616181706,1,text/html,Y7U2QY532NLNGMTDUNQG3HXXVV5XVKTG,4212,https://web.archive.org/web/20240616181706id_/http://forum.clash.y0.pl/ucp.php?mode=login&redirect=posting.php%3Fmode%3Dquote%26p%3D676&sid=0adace01acea89c721c2e84a7fb17288
http://forum.clash.y0.pl/ucp.php?mode=login&redirect=posting.php%3Fmode%3Dreply,http://forum.clash.y0.pl/ucp.php?mode=login&redirect=posting.php?mode=reply&sid=84eb059bad8610ea95369f04417c4047,20240914070803,20240914070803,1,text/html,QQOWCEYCFOBQC7D4UQ7D4UCLPIEC4GLL,4533,https://web.archive.org/web/20240914070803id_/http://forum.clash.y0.pl/ucp.php?mode=login&redirect=posting.php?mode=reply&sid=84eb059bad8610ea95369f04417c4047
http://forum.clash.y0.pl/ucp.php?mode=login&redirect=posting.php%3Fmode%3Dreply%26t%3D36,http://forum.clash.y0.pl/ucp.php?mode=login&redirect=posting.php%3Fmode%3Dreply%26t%3D36&sid=36275c4b901dfa361eedda4b092a2c97,20240623073856,20240623073856,1,text/html,HT5OLC6QHPN5ZTXJA55JLK2GHLBO3EO5,4211,https://web.archive.org/web/20240623073856id_/http://forum.clash.y0.pl/ucp.php?mode=login&redirect=posting.php%3Fmode%3Dreply%26t%3D36&sid=36275c4b901dfa361eedda4b092a2c97
http://forum.clash.y0.pl/ucp.php?mode=login&redirect=posting.php%3Fmode%3Dreply%26t%3D753,http://forum.clash.y0.pl/ucp.php?mode=login&redirect=posting.php%3Fmode%3Dreply%26t%3D753&sid=8085d8840d8c8609fb600d95c405d6a1,20240616180109,20240616180109,1,text/html,GT6HTO6YQLOIQ4ZMF5SXPWKZZIYEVVIZ,4210,https://web.archive.org/web/20240616180109id_/http://forum.clash.y0.pl/ucp.php?mode=login&redirect=posting.php%3Fmode%3Dreply%26t%3D753&sid=8085d8840d8c8609fb600d95c405d6a1
http://forum.clash.y0.pl/ucp.php?mode=login&redirect=posting.php%3Fmode%3Dreply%26t%3D762,http://forum.clash.y0.pl/ucp.php?mode=login&redirect=posting.php%3Fmode%3Dreply%26t%3D762&sid=4101976fd9b419837d5c17ed0af15fe8,20240612192624,20240612192624,1,text/html,W2GS2AZNTGBQOXUSUMVF3XELLWB5ALMJ,4214,https://web.archive.org/web/20240612192624id_/http://forum.clash.y0.pl/ucp.php?mode=login&redirect=posting.php%3Fmode%3Dreply%26t%3D762&sid=4101976fd9b419837d5c17ed0af15fe8
http://forum.clash.y0.pl/ucp.php?mode=login&redirect=posting.php%3Fmode%3Dreply%26t%3D764,http://forum.clash.y0.pl/ucp.php?mode=login&redirect=posting.php%3Fmode%3Dreply%26t%3D764&sid=cb58131674dd984c555da52204f63b8c,20240612191501,20240612191501,1,text/html,ZAUC7PWA5YSBZL2CBRPF5W5LL22BH5F7,4208,https://web.archive.org/web/20240612191501id_/http://forum.clash.y0.pl/ucp.php?mode=login&redirect=posting.php%3Fmode%3Dreply%26t%3D764&sid=cb58131674dd984c555da52204f63b8c
http://forum.clash.y0.pl/ucp.php?mode=login&redirect=search.php,http://forum.clash.y0.pl/ucp.php?mode=login&redirect=search.php&sid=4e7b03984b7e10bffc07b988dcbf9554,20240521034842,20240521034842,1,text/html,JXPCK2ZMJEZXUOIMNV4OFLJSTTXSTP2N,4433,https://web.archive.org/web/20240521034842id_/http://forum.clash.y0.pl/ucp.php?mode=login&redirect=search.php&sid=4e7b03984b7e10bffc07b988dcbf9554
http://forum.clash.y0.pl/ucp.php?mode=login&redirect=search.php%3Fauthor_id%3D2%26sr%3Dposts,http://forum.clash.y0.pl/ucp.php?mode=login&redirect=search.php%3Fauthor_id%3D2%26sr%3Dposts&sid=fd009a5c3c323343290ddebeae00332d,20240619010654,20240619010654,1,text/html,UMMG6RHYPYSJWAPBOUDGFH7BCUO7FXGW,4217,https://web.archive.org/web/20240619010654id_/http://forum.clash.y0.pl/ucp.php?mode=login&redirect=search.php%3Fauthor_id%3D2%26sr%3Dposts&sid=fd009a5c3c323343290ddebeae00332d
http://forum.clash.y0.pl/ucp.php?mode=login&redirect=search.php%3Fauthor_id%3D52%26sr%3Dposts,http://forum.clash.y0.pl/ucp.php?mode=login&redirect=search.php%3Fauthor_id%3D52%26sr%3Dposts&sid=58e13061ee0c15c58aa0955630b877d7,20240615134514,20240615134514,1,text/html,JWIXBWLVXQA5JZEBGUXCZDCD6PBS6ZVL,4218,https://web.archive.org/web/20240615134514id_/http://forum.clash.y0.pl/ucp.php?mode=login&redirect=search.php%3Fauthor_id%3D52%26sr%3Dposts&sid=58e13061ee0c15c58aa0955630b877d7
http://forum.clash.y0.pl/ucp.php?mode=login&redirect=search.php%3Fauthor_id%3D55%26sr%3Dposts,http://forum.clash.y0.pl/ucp.php?mode=login&redirect=search.php%3Fauthor_id%3D55%26sr%3Dposts&sid=39ae0a1a4e951dbe6ce35af3df5145b3,20240615141739,20240615141739,1,text/html,4H5Z7UNMWKJXIPZUGGXSSWBLXSCGM2J6,4214,https://web.archive.org/web/20240615141739id_/http://forum.clash.y0.pl/ucp.php?mode=login&redirect=search.php%3Fauthor_id%3D55%26sr%3Dposts&sid=39ae0a1a4e951dbe6ce35af3df5145b3
http://forum.clash.y0.pl/ucp.php?mode=login&redirect=search.php%3Fauthor_id%3D78%26sr%3Dposts,http://forum.clash.y0.pl/ucp.php?mode=login&redirect=search.php%3Fauthor_id%3D78%26sr%3Dposts&sid=feaa812794741ed285c281cb12bf3714,20240623140303,20240623140303,1,text/html,PMEHA5W42UGTKNLVYUVAFL3QNHCQQQDW,4212,https://web.archive.org/web/20240623140303id_/http://forum.clash.y0.pl/ucp.php?mode=login&redirect=search.php%3Fauthor_id%3D78%26sr%3Dposts&sid=feaa812794741ed285c281cb12bf3714
http://forum.clash.y0.pl/ucp.php?mode=login&redirect=search.php%3Fauthor_id%3D81%26sr%3Dposts,http://forum.clash.y0.pl/ucp.php?mode=login&redirect=search.php%3Fauthor_id%3D81%26sr%3Dposts&sid=bda0433e02a40db3eddf5d2572ced247,20240615145733,20240615145733,1,text/html,RMYPRYXKTA2T5UDW4IWLDIUVDJKCY76V,4215,https://web.archive.org/web/20240615145733id_/http://forum.clash.y0.pl/ucp.php?mode=login&redirect=search.php%3Fauthor_id%3D81%26sr%3Dposts&sid=bda0433e02a40db3eddf5d2572ced247
http://forum.clash.y0.pl/ucp.php?mode=login&redirect=search.php%3Fauthor_id%3D91%26sr%3Dposts,http://forum.clash.y0.pl/ucp.php?mode=login&redirect=search.php%3Fauthor_id%3D91%26sr%3Dposts&sid=a94a6aeaa21ccf81e5f3b00d779469d5,20240615125915,20240615125915,1,text/html,VF6M4NKF24YRXDY4CHDUXL6OOQZIKAYD,4213,https://web.archive.org/web/20240615125915id_/http://forum.clash.y0.pl/ucp.php?mode=login&redirect=search.php%3Fauthor_id%3D91%26sr%3Dposts&sid=a94a6aeaa21ccf81e5f3b00d779469d5
http://forum.clash.y0.pl/ucp.php?mode=login&redirect=search.php%3Fauthor_id%3D92%26sr%3Dposts,http://forum.clash.y0.pl/ucp.php?mode=login&redirect=search.php%3Fauthor_id%3D92%26sr%3Dposts,20200930103747,20200930103747,1,text/html,7V4GP4M2UFBFU6UYJYK7GMKBJM3U5IQF,4456,https://web.archive.org/web/20200930103747id_/http://forum.clash.y0.pl/ucp.php?mode=login&redirect=search.php%3Fauthor_id%3D92%26sr%3Dposts
http://forum.clash.y0.pl/ucp.php?mode=login&redirect=search.php%3Ffid%255B%255D%3D3,http://forum.clash.y0.pl/ucp.php?mode=login&redirect=search.php%3Ffid%255B%255D%3D3&sid=e7871f5bdecc52085c16b0ea1829938a,20241006113757,20241006113757,1,text/html,KHN7HDY44PSN6Y2AYAEPY7N5R2JGSCGL,4550,https://web.archive.org/web/20241006113757id_/http://forum.clash.y0.pl/ucp.php?mode=login&redirect=search.php%3Ffid%255B%255D%3D3&sid=e7871f5bdecc52085c16b0ea1829938a
http://forum.clash.y0.pl/ucp.php?mode=login&redirect=search.php%3Ffid%255B%255D%3D4,http://forum.clash.y0.pl/ucp.php?mode=login&redirect=search.php%3Ffid%255B%255D%3D4&sid=8c2c94b867d17b52604ca257299d7ad3,20240620034636,20240620034636,1,text/html,FYIES4SJVI4PW6IQTWPC2XRQYHQ67AKC,4206,https://web.archive.org/web/20240620034636id_/http://forum.clash.y0.pl/ucp.php?mode=login&redirect=search.php%3Ffid%255B%255D%3D4&sid=8c2c94b867d17b52604ca257299d7ad3
http://forum.clash.y0.pl/ucp.php?mode=login&redirect=search.php%3Fsearch_id%3Dactive_topics,http://forum.clash.y0.pl/ucp.php?mode=login&redirect=search.php%3Fsearch_id%3Dactive_topics&sid=aec45dafc03103d794cea3997be83061,20240422131229,20240422131229,1,text/html,R4OHR4UQF72CFGYLXBGLOY3EWWDVT3V5,4515,https://web.archive.org/web/20240422131229id_/http://forum.clash.y0.pl/ucp.php?mode=login&redirect=search.php%3Fsearch_id%3Dactive_topics&sid=aec45dafc03103d794cea3997be83061
http://forum.clash.y0.pl/ucp.php?mode=login&redirect=search.php%3Fsearch_id%3Dunanswered,http://forum.clash.y0.pl/ucp.php?mode=login&redirect=search.php%3Fsearch_id%3Dunanswered,20201030063834,20240422115230,2,text/html,2THPAWWIV4YXASGCBE7373Q7XMDAOKCF,4425,https://web.archive.org/web/20201030063834id_/http://forum.clash.y0.pl/ucp.php?mode=login&redirect=search.php%3Fsearch_id%3Dunanswered
http://forum.clash.y0.pl/ucp.php?mode=login&redirect=ucp.php%3Fmode%3Ddelete_cookies,http://forum.clash.y0.pl/ucp.php?mode=login&redirect=ucp.php%3Fmode%3Ddelete_cookies&sid=83b059feee480045e2edd6eecbabbe78,20240619230621,20240619230621,1,text/html,OP6PTGMAQQIGWE4SKOBTPDYZ2NZIGP2F,4188,https://web.archive.org/web/20240619230621id_/http://forum.clash.y0.pl/ucp.php?mode=login&redirect=ucp.php%3Fmode%3Ddelete_cookies&sid=83b059feee480045e2edd6eecbabbe78
http://forum.clash.y0.pl/ucp.php?mode=login&redirect=ucp.php%3Fmode%3Dprivacy,http://forum.clash.y0.pl/ucp.php?mode=login&redirect=ucp.php%3Fmode%3Dprivacy&sid=9a56b1ba534b88d4a391e9b7c5b9f9c9,20240303084628,20240303084628,1,text/html,XFL5EGW63I42MEV6BDWOVH6ASYN5WOUI,4483,https://web.archive.org/web/20240303084628id_/http://forum.clash.y0.pl/ucp.php?mode=login&redirect=ucp.php%3Fmode%3Dprivacy&sid=9a56b1ba534b88d4a391e9b7c5b9f9c9
http://forum.clash.y0.pl/ucp.php?mode=login&redirect=ucp.php%3Fmode%3Dregister,http://forum.clash.y0.pl/ucp.php?mode=login&redirect=ucp.php%3Fmode%3Dregister&sid=7b89382bd02b5746b572fdd4a1565ffa,20240619223949,20240619223949,1,text/html,MDLUMJCPUTYX6QND3LRXBJGC2TF5ART2,4198,https://web.archive.org/web/20240619223949id_/http://forum.clash.y0.pl/ucp.php?mode=login&redirect=ucp.php%3Fmode%3Dregister&sid=7b89382bd02b5746b572fdd4a1565ffa
http://forum.clash.y0.pl/ucp.php?mode=login&redirect=ucp.php%3Fmode%3Dresend_act,http://forum.clash.y0.pl/ucp.php?mode=login&redirect=ucp.php%3Fmode%3Dresend_act&sid=21c3e7b7c4dd0f429c838f9f013831a3,20240719111403,20240719111403,1,text/html,JOU6K2PVGPGAZJ6VOP3G2AMJLMSO4XRA,4534,https://web.archive.org/web/20240719111403id_/http://forum.clash.y0.pl/ucp.php?mode=login&redirect=ucp.php%3Fmode%3Dresend_act&sid=21c3e7b7c4dd0f429c838f9f013831a3
http://forum.clash.y0.pl/ucp.php?mode=login&redirect=ucp.php%3Fmode%3Dterms,http://forum.clash.y0.pl/ucp.php?mode=login&redirect=ucp.php%3Fmode%3Dterms&sid=78950a1cfa554531ae57c4662e21c575,20210514154301,20210514154301,1,text/html,G6P254574ALYHKS247AY7LXLOGSG6IMO,4466,https://web.archive.org/web/20210514154301id_/http://forum.clash.y0.pl/ucp.php?mode=login&redirect=ucp.php%3Fmode%3Dterms&sid=78950a1cfa554531ae57c4662e21c575
http://forum.clash.y0.pl/ucp.php?mode=login&redirect=viewforum.php%3Ff%3D3,http://forum.clash.y0.pl/ucp.php?mode=login&redirect=viewforum.php%3Ff%3D3&sid=f75d7838fe56b8f0f94bf6ecff70b1ff,20210423044925,20210423044925,1,text/html,ZXKLF43ZL35CPKUEK2R7QZQSWEX4OWSO,4477,https://web.archive.org/web/20210423044925id_/http://forum.clash.y0.pl/ucp.php?mode=login&redirect=viewforum.php%3Ff%3D3&sid=f75d7838fe56b8f0f94bf6ecff70b1ff
http://forum.clash.y0.pl/ucp.php?mode=login&redirect=viewforum.php%3Ff%3D4,http://forum.clash.y0.pl/ucp.php?mode=login&redirect=viewforum.php%3Ff%3D4&sid=423522a90398b7265571b40153988e69,20240521040757,20240521040757,1,text/html,KFJYKBA4BPG5SW5U2OSZVSAUYKL45O56,4520,https://web.archive.org/web/20240521040757id_/http://forum.clash.y0.pl/ucp.php?mode=login&redirect=viewforum.php%3Ff%3D4&sid=423522a90398b7265571b40153988e69
http://forum.clash.y0.pl/ucp.php?mode=login&redirect=viewtopic.php%3Ff%3D2,http://forum.clash.y0.pl/ucp.php?mode=login&redirect=viewtopic.php?f=2,20210119022437,20210119022437,1,text/html,FRZZTHJAO632RTXQJAZUCDWQGEJKG6CY,4461,https://web.archive.org/web/20210119022437id_/http://forum.clash.y0.pl/ucp.php?mode=login&redirect=viewtopic.php?f=2
http://forum.clash.y0.pl/ucp.php?mode=login&redirect=viewtopic.php%3Ff%3D2%26start%3D10%26t%3D29,http://forum.clash.y0.pl/ucp.php?mode=login&redirect=viewtopic.php%3Ff%3D2%26start%3D10%26t%3D29,20201030081426,20201030081426,1,text/html,KT7IWZM446JSDFRIFL3N46VLMD6JMCMU,4458,https://web.archive.org/web/20201030081426id_/http://forum.clash.y0.pl/ucp.php?mode=login&redirect=viewtopic.php%3Ff%3D2%26start%3D10%26t%3D29
http://forum.clash.y0.pl/ucp.php?mode=login&redirect=viewtopic.php%3Ff%3D3%26p%3D1424%26t%3D753,http://forum.clash.y0.pl/ucp.php?mode=login&redirect=viewtopic.php%3Ff%3D3%26p%3D1424%26t%3D753&sid=126c9991e96ea479a6b2185133120d61,20240624065100,20240624065100,1,text/html,N7G7FLVDP3CYPKFAP5YDLCTBFXJ36ODC,4218,https://web.archive.org/web/20240624065100id_/http://forum.clash.y0.pl/ucp.php?mode=login&redirect=viewtopic.php%3Ff%3D3%26p%3D1424%26t%3D753&sid=126c9991e96ea479a6b2185133120d61
http://forum.clash.y0.pl/ucp.php?mode=login&redirect=viewtopic.php%3Ff%3D3%26start%3D10%26t%3D7,http://forum.clash.y0.pl/ucp.php?mode=login&redirect=viewtopic.php%3Ff%3D3%26start%3D10%26t%3D7&sid=bfb4a9bdd1ee4f5b8c7524bfdd5b8438,20210514163659,20210514163659,1,text/html,XCYCCARM66R2YI5QGAYQP7RZJKZ5PSJX,4503,https://web.archive.org/web/20210514163659id_/http://forum.clash.y0.pl/ucp.php?mode=login&redirect=viewtopic.php%3Ff%3D3%26start%3D10%26t%3D7&sid=bfb4a9bdd1ee4f5b8c7524bfdd5b8438
http://forum.clash.y0.pl/ucp.php?mode=login&redirect=viewtopic.php%3Ff%3D3%26start%3D20%26t%3D23,http://forum.clash.y0.pl/ucp.php?mode=login&redirect=viewtopic.php%3Ff%3D3%26start%3D20%26t%3D23&sid=b7533a12ca45c4a09adfd8e311b43733,20210514171222,20210514171222,1,text/html,NVZV7BLH7ZGVRS6ZCB5WV76QWJ4AMRGX,4497,https://web.archive.org/web/20210514171222id_/http://forum.clash.y0.pl/ucp.php?mode=login&redirect=viewtopic.php%3Ff%3D3%26start%3D20%26t%3D23&sid=b7533a12ca45c4a09adfd8e311b43733
http://forum.clash.y0.pl/ucp.php?mode=login&redirect=viewtopic.php%3Ff%3D3%26start%3D40%26t%3D23,http://forum.clash.y0.pl/ucp.php?mode=login&redirect=viewtopic.php%3Ff%3D3%26start%3D40%26t%3D23&sid=8988bfff0df5526858a134d3099d5c02,20210514164729,20210514164729,1,text/html,3ARSXNTJFLRIIUW35KDV24UB2OTKLILO,4502,https://web.archive.org/web/20210514164729id_/http://forum.clash.y0.pl/ucp.php?mode=login&redirect=viewtopic.php%3Ff%3D3%26start%3D40%26t%3D23&sid=8988bfff0df5526858a134d3099d5c02
http://forum.clash.y0.pl/ucp.php?mode=login&redirect=viewtopic.php%3Ff%3D3%26t%3D111,http://forum.clash.y0.pl/ucp.php?mode=login&redirect=viewtopic.php%3Ff%3D3%26t%3D111&sid=c20b76a3e3e2da6fb08623b37092bcad,20240624062903,20240624062903,1,text/html,UC54U5GR2K7HYHCCRSTAB7MZUE5APJZE,4206,https://web.archive.org/web/20240624062903id_/http://forum.clash.y0.pl/ucp.php?mode=login&redirect=viewtopic.php%3Ff%3D3%26t%3D111&sid=c20b76a3e3e2da6fb08623b37092bcad
http://forum.clash.y0.pl/ucp.php?mode=login&redirect=viewtopic.php%3Ff%3D3%26t%3D117,http://forum.clash.y0.pl/ucp.php?mode=login&redirect=viewtopic.php%3Ff%3D3%26t%3D117&sid=6c65241fb6541e4eaee3a8c44883cd84,20240303100218,20240303100218,1,text/html,B4RSDSZNBWNZMOJATFPYV5P4RZI2UOVS,4498,https://web.archive.org/web/20240303100218id_/http://forum.clash.y0.pl/ucp.php?mode=login&redirect=viewtopic.php%3Ff%3D3%26t%3D117&sid=6c65241fb6541e4eaee3a8c44883cd84
http://forum.clash.y0.pl/ucp.php?mode=login&redirect=viewtopic.php%3Ff%3D3%26t%3D19,http://forum.clash.y0.pl/ucp.php?mode=login&redirect=viewtopic.php%3Ff%3D3%26t%3D19&sid=72217aa2ac3dc063d0b91e5b4f50c5cc,20240614085507,20240614085507,1,text/html,HPFB7XLZZBL6YIASC5LC5BJXQ65VIIDY,4207,https://web.archive.org/web/20240614085507id_/http://forum.clash.y0.pl/ucp.php?mode=login&redirect=viewtopic.php%3Ff%3D3%26t%3D19&sid=72217aa2ac3dc063d0b91e5b4f50c5cc
http://forum.clash.y0.pl/ucp.php?mode=login&redirect=viewtopic.php%3Ff%3D3%26t%3D36,http://forum.clash.y0.pl/ucp.php?mode=login&redirect=viewtopic.php%3Ff%3D3%26t%3D36&sid=4c8ca3d75f376556719aa936bf07d9e5,20240620101337,20240620101337,1,text/html,MSA2LIUUL7KS2RVH3R772A4CBI3NIIRG,4208,https://web.archive.org/web/20240620101337id_/http://forum.clash.y0.pl/ucp.php?mode=login&redirect=viewtopic.php%3Ff%3D3%26t%3D36&sid=4c8ca3d75f376556719aa936bf07d9e5
http://forum.clash.y0.pl/ucp.php?mode=login&redirect=viewtopic.php%3Ff%3D3%26t%3D749,http://forum.clash.y0.pl/ucp.php?mode=login&redirect=viewtopic.php%3Ff%3D3%26t%3D749&sid=d02d4cf7b1ff50dd75555b1edc556ce9,20240614060635,20240614060635,1,text/html,QXI4PKRJADABNUJAHQRVCOELPA6JWH6I,4214,https://web.archive.org/web/20240614060635id_/http://forum.clash.y0.pl/ucp.php?mode=login&redirect=viewtopic.php%3Ff%3D3%26t%3D749&sid=d02d4cf7b1ff50dd75555b1edc556ce9
http://forum.clash.y0.pl/ucp.php?mode=login&redirect=viewtopic.php%3Fp%3D1449,http://forum.clash.y0.pl/ucp.php?mode=login&redirect=viewtopic.php%3Fp%3D1449&sid=562c82b57310e5b3d64e1b37d1a3b469,20240613082442,20240613082442,1,text/html,5WWFRRBDATWPKKTBBQ3S35FRDOXSUP5X,4200,https://web.archive.org/web/20240613082442id_/http://forum.clash.y0.pl/ucp.php?mode=login&redirect=viewtopic.php%3Fp%3D1449&sid=562c82b57310e5b3d64e1b37d1a3b469
http://forum.clash.y0.pl/ucp.php?mode=login&redirect=viewtopic.php%3Fp%3D1453,http://forum.clash.y0.pl/ucp.php?mode=login&redirect=viewtopic.php%3Fp%3D1453&sid=caf909f937a23e517ae1460584a3284f,20240622232713,20240622232713,1,text/html,4XM5I3LGFYOPNXP6BMAVZCBVL6BZYE5O,4198,https://web.archive.org/web/20240622232713id_/http://forum.clash.y0.pl/ucp.php?mode=login&redirect=viewtopic.php%3Fp%3D1453&sid=caf909f937a23e517ae1460584a3284f
http://forum.clash.y0.pl/ucp.php?mode=login&redirect=viewtopic.php%3Fp%3D1454,http://forum.clash.y0.pl/ucp.php?mode=login&redirect=viewtopic.php%3Fp%3D1454&sid=656d93d66de0ebeb8168d0bc6fc0b0df,20240618153110,20240618153110,1,text/html,QZDTI57XVCPEAFV3MFENDC7XJ3XXUX4O,4197,https://web.archive.org/web/20240618153110id_/http://forum.clash.y0.pl/ucp.php?mode=login&redirect=viewtopic.php%3Fp%3D1454&sid=656d93d66de0ebeb8168d0bc6fc0b0df
http://forum.clash.y0.pl/ucp.php?mode=login&redirect=viewtopic.php%3Fp%3D1465%26t%3D753,http://forum.clash.y0.pl/ucp.php?mode=login&redirect=viewtopic.php%3Fp%3D1465%26t%3D753,20200930103120,20200930103120,1,text/html,CIAS5EPAFM6X4I5WEEKBGQ5X4PJ5QZZK,4454,https://web.archive.org/web/20200930103120id_/http://forum.clash.y0.pl/ucp.php?mode=login&redirect=viewtopic.php%3Fp%3D1465%26t%3D753
http://forum.clash.y0.pl/ucp.php?mode=login&redirect=viewtopic.php%3Fp%3D1481%26t%3D9,http://forum.clash.y0.pl/ucp.php?mode=login&redirect=viewtopic.php%3Fp%3D1481%26t%3D9,20200930091228,20210924234359,2,text/html,VZUZKCF4GZOKFGS2OJY3VZTJFMEGJ5HO,4446,https://web.archive.org/web/20200930091228id_/http://forum.clash.y0.pl/ucp.php?mode=login&redirect=viewtopic.php%3Fp%3D1481%26t%3D9
http://forum.clash.y0.pl/ucp.php?mode=login&redirect=viewtopic.php%3Fp%3D1559,http://forum.clash.y0.pl/ucp.php?mode=login&redirect=viewtopic.php%3Fp%3D1559&sid=dc0eea1b54ed1b71e8abc3a9cbdaa552,20240624072435,20240624072435,1,text/html,HFGORZF7KNGGAPFMLZRLT25VOFHVT3MV,4194,https://web.archive.org/web/20240624072435id_/http://forum.clash.y0.pl/ucp.php?mode=login&redirect=viewtopic.php%3Fp%3D1559&sid=dc0eea1b54ed1b71e8abc3a9cbdaa552
http://forum.clash.y0.pl/ucp.php?mode=login&redirect=viewtopic.php%3Fp%3D1560,http://forum.clash.y0.pl/ucp.php?mode=login&redirect=viewtopic.php%3Fp%3D1560&sid=500e00cb5d19104148e07f5f33cc23f8,20240521033757,20240521033757,1,text/html,DWTI4EJLZUXYIIXRSPBKYWE3HMPKARSC,4458,https://web.archive.org/web/20240521033757id_/http://forum.clash.y0.pl/ucp.php?mode=login&redirect=viewtopic.php%3Fp%3D1560&sid=500e00cb5d19104148e07f5f33cc23f8
http://forum.clash.y0.pl/ucp.php?mode=login&redirect=viewtopic.php%3Fp%3D1605,http://forum.clash.y0.pl/ucp.php?mode=login&redirect=viewtopic.php%3Fp%3D1605&sid=65a740e991c626d398395b93287647c4,20240614060207,20240614060207,1,text/html,SIEB2EQPFQNNV6K2YZZTZXEXWWC4KCTO,4195,https://web.archive.org/web/20240614060207id_/http://forum.clash.y0.pl/ucp.php?mode=login&redirect=viewtopic.php%3Fp%3D1605&sid=65a740e991c626d398395b93287647c4
http://forum.clash.y0.pl/ucp.php?mode=login&redirect=viewtopic.php%3Fp%3D1607,http://forum.clash.y0.pl/ucp.php?mode=login&redirect=viewtopic.php%3Fp%3D1607&sid=48ffd73e7d55043ceb76ad4de767cf59,20240621064547,20240621064547,1,text/html,YS5CRQN2FC3TVXE4A7R4HYJ6LWRG4LFG,4200,https://web.archive.org/web/20240621064547id_/http://forum.clash.y0.pl/ucp.php?mode=login&redirect=viewtopic.php%3Fp%3D1607&sid=48ffd73e7d55043ceb76ad4de767cf59
http://forum.clash.y0.pl/ucp.php?mode=login&redirect=viewtopic.php%3Fp%3D1608,http://forum.clash.y0.pl/ucp.php?mode=login&redirect=viewtopic.php%3Fp%3D1608&sid=a6e9c5f3138a45ae6552819dc50b4f01,20240614050921,20240614050921,1,text/html,NAOQPIGXDLDTFZOTJHEIPINXPWQB6ZM2,4207,https://web.archive.org/web/20240614050921id_/http://forum.clash.y0.pl/ucp.php?mode=login&redirect=viewtopic.php%3Fp%3D1608&sid=a6e9c5f3138a45ae6552819dc50b4f01
http://forum.clash.y0.pl/ucp.php?mode=login&redirect=viewtopic.php%3Fp%3D1611,http://forum.clash.y0.pl/ucp.php?mode=login&redirect=viewtopic.php%3Fp%3D1611&sid=713a008c6b628d8134c9800a10ecb638,20240614093944,20240614093944,1,text/html,QWP5BKH463M5JEYYMOVX73JCQKOOURPJ,4195,https://web.archive.org/web/20240614093944id_/http://forum.clash.y0.pl/ucp.php?mode=login&redirect=viewtopic.php%3Fp%3D1611&sid=713a008c6b628d8134c9800a10ecb638
http://forum.clash.y0.pl/ucp.php?mode=login&redirect=viewtopic.php%3Fp%3D1630,http://forum.clash.y0.pl/ucp.php?mode=login&redirect=viewtopic.php%3Fp%3D1630&sid=5ddc7ce4d29e373511b508f332e219f7,20240621083903,20240621083903,1,text/html,GZNSIQYABIFXQYCCJVM47DSQHGE6B6FP,4199,https://web.archive.org/web/20240621083903id_/http://forum.clash.y0.pl/ucp.php?mode=login&redirect=viewtopic.php%3Fp%3D1630&sid=5ddc7ce4d29e373511b508f332e219f7
http://forum.clash.y0.pl/ucp.php?mode=login&redirect=viewtopic.php%3Fp%3D1631,http://forum.clash.y0.pl/ucp.php?mode=login&redirect=viewtopic.php%3Fp%3D1631&sid=2f8d4bd508693682d63cd65a13e5a6a1,20240620082535,20240620082535,1,text/html,LXXDFT77SSUJO3PBDKTEXZBQ4RE2JC7M,4202,https://web.archive.org/web/20240620082535id_/http://forum.clash.y0.pl/ucp.php?mode=login&redirect=viewtopic.php%3Fp%3D1631&sid=2f8d4bd508693682d63cd65a13e5a6a1
http://forum.clash.y0.pl/ucp.php?mode=login&redirect=viewtopic.php%3Fp%3D1649,http://forum.clash.y0.pl/ucp.php?mode=login&redirect=viewtopic.php%3Fp%3D1649&sid=40ebaa57b2d35a51de9fc22d8e43f10d,20240618142135,20240618142135,1,text/html,V5TMJNVCWJ3Y2IIKDBW6J3MTX5HIPKNF,4199,https://web.archive.org/web/20240618142135id_/http://forum.clash.y0.pl/ucp.php?mode=login&redirect=viewtopic.php%3Fp%3D1649&sid=40ebaa57b2d35a51de9fc22d8e43f10d
http://forum.clash.y0.pl/ucp.php?mode=login&redirect=viewtopic.php%3Fp%3D1653,http://forum.clash.y0.pl/ucp.php?mode=login&redirect=viewtopic.php%3Fp%3D1653&sid=47b2a101de899eb07b96665f6d77c79c,20240619012729,20240619012729,1,text/html,M4CFCSMS4ESFQMJRUOLVQ3QJUK23G2BQ,4204,https://web.archive.org/web/20240619012729id_/http://forum.clash.y0.pl/ucp.php?mode=login&redirect=viewtopic.php%3Fp%3D1653&sid=47b2a101de899eb07b96665f6d77c79c
http://forum.clash.y0.pl/ucp.php?mode=login&redirect=viewtopic.php%3Fp%3D1654,http://forum.clash.y0.pl/ucp.php?mode=login&redirect=viewtopic.php%3Fp%3D1654&sid=c5d526e6064ff99c13c89bd07e86f0d2,20240619003949,20240619003949,1,text/html,EIQ7GGVFWPJFPWLRMNC3WFCPZB4EKJ2T,4197,https://web.archive.org/web/20240619003949id_/http://forum.clash.y0.pl/ucp.php?mode=login&redirect=viewtopic.php%3Fp%3D1654&sid=c5d526e6064ff99c13c89bd07e86f0d2
http://forum.clash.y0.pl/ucp.php?mode=login&redirect=viewtopic.php%3Fp%3D1657,http://forum.clash.y0.pl/ucp.php?mode=login&redirect=viewtopic.php%3Fp%3D1657&sid=20a0e271002b577ba1d6e6733da8ccd2,20240619012923,20240619012923,1,text/html,Q4WOGGBV3MVPEIX5I3KIBXW7ZXN3MBGW,4199,https://web.archive.org/web/20240619012923id_/http://forum.clash.y0.pl/ucp.php?mode=login&redirect=viewtopic.php%3Fp%3D1657&sid=20a0e271002b577ba1d6e6733da8ccd2
http://forum.clash.y0.pl/ucp.php?mode=login&redirect=viewtopic.php%3Fp%3D1658,http://forum.clash.y0.pl/ucp.php?mode=login&redirect=viewtopic.php%3Fp%3D1658&sid=b9bec0316679ffb0e8cf61bcf58615d0,20240612155712,20240612155712,1,text/html,2VWRIZKPCEP3EJOLTERRJX4T5BNQESY3,4130,https://web.archive.org/web/20240612155712id_/http://forum.clash.y0.pl/ucp.php?mode=login&redirect=viewtopic.php%3Fp%3D1658&sid=b9bec0316679ffb0e8cf61bcf58615d0
http://forum.clash.y0.pl/ucp.php?mode=login&redirect=viewtopic.php%3Fp%3D1659,http://forum.clash.y0.pl/ucp.php?mode=login&redirect=viewtopic.php%3Fp%3D1659&sid=507407d22071c613cc45cb9725cb1e9c,20240619002030,20240619002030,1,text/html,KDHZJSAAKCFUXQTO353SX7WDRCNO4XLZ,4198,https://web.archive.org/web/20240619002030id_/http://forum.clash.y0.pl/ucp.php?mode=login&redirect=viewtopic.php%3Fp%3D1659&sid=507407d22071c613cc45cb9725cb1e9c
http://forum.clash.y0.pl/ucp.php?mode=login&redirect=viewtopic.php%3Fp%3D1660,http://forum.clash.y0.pl/ucp.php?mode=login&redirect=viewtopic.php%3Fp%3D1660&sid=71b09a759a3b48e8b08b2384136fe7de,20240619012259,20240619012259,1,text/html,JKGVXPHZQU6PHP7ARO2QMH6MLFCGRHAM,4199,https://web.archive.org/web/20240619012259id_/http://forum.clash.y0.pl/ucp.php?mode=login&redirect=viewtopic.php%3Fp%3D1660&sid=71b09a759a3b48e8b08b2384136fe7de
http://forum.clash.y0.pl/ucp.php?mode=login&redirect=viewtopic.php%3Fp%3D1662,http://forum.clash.y0.pl/ucp.php?mode=login&redirect=viewtopic.php%3Fp%3D1662&sid=e69d19879901a14aa77f5c456987c177,20240521050113,20240521050113,1,text/html,LASHT74F6KWPYSSUSGJLEIL7WR6X2LOL,4460,https://web.archive.org/web/20240521050113id_/http://forum.clash.y0.pl/ucp.php?mode=login&redirect=viewtopic.php%3Fp%3D1662&sid=e69d19879901a14aa77f5c456987c177
http://forum.clash.y0.pl/ucp.php?mode=login&redirect=viewtopic.php%3Fp%3D1693,http://forum.clash.y0.pl/ucp.php?mode=login&redirect=viewtopic.php%3Fp%3D1693&sid=923ca53abb27b311d54a20382799732b,20240615150017,20240615150017,1,text/html,GKN5MDGX4H34YBVC5ZVA6EML3VYZ2TSR,4205,https://web.archive.org/web/20240615150017id_/http://forum.clash.y0.pl/ucp.php?mode=login&redirect=viewtopic.php%3Fp%3D1693&sid=923ca53abb27b311d54a20382799732b
http://forum.clash.y0.pl/ucp.php?mode=login&redirect=viewtopic.php%3Fp%3D1694,http://forum.clash.y0.pl/ucp.php?mode=login&redirect=viewtopic.php%3Fp%3D1694&sid=2dc53cf41a301bc1628debd6f66b307f,20240908154918,20240908154918,1,text/html,BZJ255CUA3EUCC4D6VJRYDJCJSZYUWLZ,4542,https://web.archive.org/web/20240908154918id_/http://forum.clash.y0.pl/ucp.php?mode=login&redirect=viewtopic.php%3Fp%3D1694&sid=2dc53cf41a301bc1628debd6f66b307f
http://forum.clash.y0.pl/ucp.php?mode=login&redirect=viewtopic.php%3Fp%3D465,http://forum.clash.y0.pl/ucp.php?mode=login&redirect=viewtopic.php%3Fp%3D465&sid=ad9511c6ead37005ac65326766c3e47e,20240613065222,20240613065222,1,text/html,YJ24ADEGRRT6YKGDANQUJ5JTQE33JWPB,4194,https://web.archive.org/web/20240613065222id_/http://forum.clash.y0.pl/ucp.php?mode=login&redirect=viewtopic.php%3Fp%3D465&sid=ad9511c6ead37005ac65326766c3e47e
http://forum.clash.y0.pl/ucp.php?mode=login&redirect=viewtopic.php%3Fp%3D466,http://forum.clash.y0.pl/ucp.php?mode=login&redirect=viewtopic.php%3Fp%3D466&sid=ec4d0926a6f0846786c39d3e961bc757,20240622223055,20240622223055,1,text/html,LVKWZKA4YHFX3FHRPTQJASS5GCZRMUUB,4197,https://web.archive.org/web/20240622223055id_/http://forum.clash.y0.pl/ucp.php?mode=login&redirect=viewtopic.php%3Fp%3D466&sid=ec4d0926a6f0846786c39d3e961bc757
http://forum.clash.y0.pl/ucp.php?mode=login&redirect=viewtopic.php%3Fp%3D467,http://forum.clash.y0.pl/ucp.php?mode=login&redirect=viewtopic.php%3Fp%3D467&sid=e7da7680b230f186f611fcc1f22556b9,20240622222541,20240622222541,1,text/html,GFCNM3BOCSZO2CZKSXVVE3NHJIKK2BVB,4201,https://web.archive.org/web/20240622222541id_/http://forum.clash.y0.pl/ucp.php?mode=login&redirect=viewtopic.php%3Fp%3D467&sid=e7da7680b230f186f611fcc1f22556b9
http://forum.clash.y0.pl/ucp.php?mode=login&redirect=viewtopic.php%3Fp%3D492,http://forum.clash.y0.pl/ucp.php?mode=login&redirect=viewtopic.php%3Fp%3D492&sid=aed5f7e7ac19bf00d62b13fb87c221e5,20240622230116,20240622230116,1,text/html,IATZHJ4J54QZCOJZSREXD7NBFV4UDXN4,4195,https://web.archive.org/web/20240622230116id_/http://forum.clash.y0.pl/ucp.php?mode=login&redirect=viewtopic.php%3Fp%3D492&sid=aed5f7e7ac19bf00d62b13fb87c221e5
http://forum.clash.y0.pl/ucp.php?mode=login&redirect=viewtopic.php%3Fp%3D504,http://forum.clash.y0.pl/ucp.php?mode=login&redirect=viewtopic.php%3Fp%3D504,20200814023326,20200814023326,1,text/html,3BTBIQWBETUV4XH4ZBQAZT6NG52U2C6Z,4438,https://web.archive.org/web/20200814023326id_/http://forum.clash.y0.pl/ucp.php?mode=login&redirect=viewtopic.php%3Fp%3D504
http://forum.clash.y0.pl/ucp.php?mode=login&redirect=viewtopic.php%3Fp%3D547,http://forum.clash.y0.pl/ucp.php?mode=login&redirect=viewtopic.php%3Fp%3D547,20200930091055,20210924232647,2,text/html,UDTB4GNN7AQYABCVS5JJZCMRTU2546PB,4438,https://web.archive.org/web/20200930091055id_/http://forum.clash.y0.pl/ucp.php?mode=login&redirect=viewtopic.php%3Fp%3D547
http://forum.clash.y0.pl/ucp.php?mode=login&redirect=viewtopic.php%3Fp%3D676,http://forum.clash.y0.pl/ucp.php?mode=login&redirect=viewtopic.php%3Fp%3D676&sid=83bb9157b66fcf03316e91d9e02115e6,20240618153102,20240618153102,1,text/html,VTPIKM3R755ZZTWDFBW3SAJZV2QIRZLA,4193,https://web.archive.org/web/20240618153102id_/http://forum.clash.y0.pl/ucp.php?mode=login&redirect=viewtopic.php%3Fp%3D676&sid=83bb9157b66fcf03316e91d9e02115e6
http://forum.clash.y0.pl/ucp.php?mode=login&redirect=viewtopic.php%3Fp%3D700,http://forum.clash.y0.pl/ucp.php?mode=login&redirect=viewtopic.php%3Fp%3D700,20201030080819,20201030080819,1,text/html,EGJZDG633CKQTZDSJOZQNUDDQKPYQ4F6,4430,https://web.archive.org/web/20201030080819id_/http://forum.clash.y0.pl/ucp.php?mode=login&redirect=viewtopic.php%3Fp%3D700
http://forum.clash.y0.pl/ucp.php?mode=login&redirect=viewtopic.php%3Fstart%3D10%26t%3D19,http://forum.clash.y0.pl/ucp.php?mode=login&redirect=viewtopic.php%3Fstart%3D10%26t%3D19&sid=e9a4f5d6993bd842fad3ec5db249deee,20240527191625,20240527191625,1,text/html,6DOPWB5RAIDQUCUS6XUQAMR5HVOJBYZN,4543,https://web.archive.org/web/20240527191625id_/http://forum.clash.y0.pl/ucp.php?mode=login&redirect=viewtopic.php%3Fstart%3D10%26t%3D19&sid=e9a4f5d6993bd842fad3ec5db249deee
http://forum.clash.y0.pl/ucp.php?mode=login&redirect=viewtopic.php%3Fstart%3D10%26t%3D762,http://forum.clash.y0.pl/ucp.php?mode=login&redirect=viewtopic.php%3Fstart%3D10%26t%3D762&sid=9cd526e847f2565be36a48b370cb5f90,20240623134801,20240623134801,1,text/html,TXLMHOSG6TFDB6HVTHOYFLX6GKNNNYQO,4217,https://web.archive.org/web/20240623134801id_/http://forum.clash.y0.pl/ucp.php?mode=login&redirect=viewtopic.php%3Fstart%3D10%26t%3D762&sid=9cd526e847f2565be36a48b370cb5f90
http://forum.clash.y0.pl/ucp.php?mode=login&redirect=viewtopic.php%3Fstart%3D20%26t%3D23,http://forum.clash.y0.pl/ucp.php?mode=login&redirect=viewtopic.php%3Fstart%3D20%26t%3D23&sid=caf9c22cd24168fe8f4a5808c07dd88f,20240527191011,20240527191011,1,text/html,JHXXBCYZJUCCANM6BZK7PN2V5FHF4PUH,4538,https://web.archive.org/web/20240527191011id_/http://forum.clash.y0.pl/ucp.php?mode=login&redirect=viewtopic.php%3Fstart%3D20%26t%3D23&sid=caf9c22cd24168fe8f4a5808c07dd88f
http://forum.clash.y0.pl/ucp.php?mode=login&redirect=viewtopic.php%3Fstart%3D20%26t%3D36,http://forum.clash.y0.pl/ucp.php?mode=login&redirect=viewtopic.php%3Fstart%3D20%26t%3D36&sid=761a5e1b050f16e72b599d40fac2af02,20240527181519,20240527181519,1,text/html,O4HIOCL2BENYAMOGJ7JBW3BUHIMFR5ZZ,4545,https://web.archive.org/web/20240527181519id_/http://forum.clash.y0.pl/ucp.php?mode=login&redirect=viewtopic.php%3Fstart%3D20%26t%3D36&sid=761a5e1b050f16e72b599d40fac2af02
http://forum.clash.y0.pl/ucp.php?mode=login&redirect=viewtopic.php%3Fstart%3D30%26t%3D111,http://forum.clash.y0.pl/ucp.php?mode=login&redirect=viewtopic.php%3Fstart%3D30%26t%3D111&sid=799407f88ae273e9b7bab554894ee2c1,20240527190134,20240527190134,1,text/html,RTLZROYG77HBSBBE7NGNAAIUWZ235ISE,4547,https://web.archive.org/web/20240527190134id_/http://forum.clash.y0.pl/ucp.php?mode=login&redirect=viewtopic.php%3Fstart%3D30%26t%3D111&sid=799407f88ae273e9b7bab554894ee2c1
http://forum.clash.y0.pl/ucp.php?mode=login&redirect=viewtopic.php%3Fstart%3D30%26t%3D748,http://forum.clash.y0.pl/ucp.php?mode=login&redirect=viewtopic.php%3Fstart%3D30%26t%3D748&sid=2194288e81900e63b91b50be22b80a84,20240615141556,20240615141556,1,text/html,IUMC6GKCBX3IIDZBLRC2Z5K7LHXWRQWH,4213,https://web.archive.org/web/20240615141556id_/http://forum.clash.y0.pl/ucp.php?mode=login&redirect=viewtopic.php%3Fstart%3D30%26t%3D748&sid=2194288e81900e63b91b50be22b80a84
http://forum.clash.y0.pl/ucp.php?mode=login&redirect=viewtopic.php%3Fstart%3D50%26t%3D753,http://forum.clash.y0.pl/ucp.php?mode=login&redirect=viewtopic.php%3Fstart%3D50%26t%3D753&sid=e023a287118c5eda9d4366727597a8af,20240527190026,20240527190026,1,text/html,QVV3THMEH3VRUHGS3A7BPGB5BJY5BJ2P,4540,https://web.archive.org/web/20240527190026id_/http://forum.clash.y0.pl/ucp.php?mode=login&redirect=viewtopic.php%3Fstart%3D50%26t%3D753&sid=e023a287118c5eda9d4366727597a8af
http://forum.clash.y0.pl/ucp.php?mode=login&redirect=viewtopic.php%3Fstart%3D60%26t%3D753,http://forum.clash.y0.pl/ucp.php?mode=login&redirect=viewtopic.php%3Fstart%3D60%26t%3D753&sid=a2d00e3d56cad43a44dc4e161f61b132,20240622233537,20240622233537,1,text/html,LXOV4NJELWWG46PMTZAUUOITAW6EDRNS,4215,https://web.archive.org/web/20240622233537id_/http://forum.clash.y0.pl/ucp.php?mode=login&redirect=viewtopic.php%3Fstart%3D60%26t%3D753&sid=a2d00e3d56cad43a44dc4e161f61b132
http://forum.clash.y0.pl/ucp.php?mode=login&redirect=viewtopic.php%3Ft%3D36,http://forum.clash.y0.pl/ucp.php?mode=login&redirect=viewtopic.php%3Ft%3D36&sid=69de98cabd3cca6bc50382c3b8eb4bbd,20240614052051,20240614052051,1,text/html,KBO4EQK4ZSMIW27LMSH4PTDCQSDEHYQS,4196,https://web.archive.org/web/20240614052051id_/http://forum.clash.y0.pl/ucp.php?mode=login&redirect=viewtopic.php%3Ft%3D36&sid=69de98cabd3cca6bc50382c3b8eb4bbd
http://forum.clash.y0.pl/ucp.php?mode=login&redirect=viewtopic.php%3Ft%3D753,http://forum.clash.y0.pl/ucp.php?mode=login&redirect=viewtopic.php%3Ft%3D753&sid=b8166bff977d78e99fd278daa33c1862,20240624071715,20240624071715,1,text/html,KA2OY4LUXO6HCNT6CT52FX2AFZZC5YQ3,4197,https://web.archive.org/web/20240624071715id_/http://forum.clash.y0.pl/ucp.php?mode=login&redirect=viewtopic.php%3Ft%3D753&sid=b8166bff977d78e99fd278daa33c1862
http://forum.clash.y0.pl/ucp.php?mode=login&redirect=viewtopic.php%3Ft%3D762,http://forum.clash.y0.pl/ucp.php?mode=login&redirect=viewtopic.php%3Ft%3D762&sid=afea8e0f1c381e3aebf4d5bdb3c25994,20240624064813,20240624064813,1,text/html,NWJ74EHBQFK5FH4XCSBGIBTOH4P4WIRK,4195,https://web.archive.org/web/20240624064813id_/http://forum.clash.y0.pl/ucp.php?mode=login&redirect=viewtopic.php%3Ft%3D762&sid=afea8e0f1c381e3aebf4d5bdb3c25994
http://forum.clash.y0.pl/ucp.php?mode=login&redirect=viewtopic.php%3Ft%3D764,http://forum.clash.y0.pl/ucp.php?mode=login&redirect=viewtopic.php%3Ft%3D764&sid=fe668c5fa0d6cdd1acdd992b5a554cb3,20240619003005,20240619003005,1,text/html,APP7LUFNFD377SHUQGOILVFNYAIVLKVG,4200,https://web.archive.org/web/20240619003005id_/http://forum.clash.y0.pl/ucp.php?mode=login&redirect=viewtopic.php%3Ft%3D764&sid=fe668c5fa0d6cdd1acdd992b5a554cb3
http://forum.clash.y0.pl/ucp.php?mode=privacy,http://forum.clash.y0.pl/ucp.php?mode=privacy,20191212015825,20210423052917,2,text/html,VVJT7BIYLAOUOB6YPO4UFYNQ6JHATQDC,5540,https://web.archive.org/web/20191212015825id_/http://forum.clash.y0.pl/ucp.php?mode=privacy
http://forum.clash.y0.pl/ucp.php?mode=register,http://forum.clash.y0.pl/ucp.php?mode=register,20191212015548,20210423044722,2,text/html,YXLOLBKIVOOYJLFQ6HXWPVUEU4SINBFH,5671,https://web.archive.org/web/20191212015548id_/http://forum.clash.y0.pl/ucp.php?mode=register
http://forum.clash.y0.pl/ucp.php?mode=resend_act,http://forum.clash.y0.pl/ucp.php?mode=resend_act&sid=48865faa7c1ae3046e9b02c5dbb1f35f,20240612180531,20240612180531,1,text/html,HF6RGX4IHZRY7R2YC5RUIA3C4HMAZSWT,3791,https://web.archive.org/web/20240612180531id_/http://forum.clash.y0.pl/ucp.php?mode=resend_act&sid=48865faa7c1ae3046e9b02c5dbb1f35f
http://forum.clash.y0.pl/ucp.php?mode=sendpassword,http://forum.clash.y0.pl/ucp.php?mode=sendpassword,20191212002342,20191212002342,1,text/html,A3OY5M7JBXGGSVPE22QSGORAYFD65GAD,4546,https://web.archive.org/web/20191212002342id_/http://forum.clash.y0.pl/ucp.php?mode=sendpassword
http://forum.clash.y0.pl/ucp.php?mode=terms,http://forum.clash.y0.pl/ucp.php?mode=terms,20191212002139,20210423045331,2,text/html,DQRF2HKD7GJLZ4BYSDCKLHXLT6FPW33M,5302,https://web.archive.org/web/20191212002139id_/http://forum.clash.y0.pl/ucp.php?mode=terms
http://forum.clash.y0.pl/viewforum.php?f=2,http://forum.clash.y0.pl/viewforum.php?f=2,20191212002018,20210423045252,2,text/html,BTYQKCSAKNPH7HLDR7LCDSPB5PGGRLU7,9209,https://web.archive.org/web/20191212002018id_/http://forum.clash.y0.pl/viewforum.php?f=2
http://forum.clash.y0.pl/viewforum.php?f=2&start=25,http://forum.clash.y0.pl/viewforum.php?f=2&start=25,20191212013438,20191212013438,1,text/html,JNYQCO75ZEDLHMRCVU6RBM2KO6I237PN,6605,https://web.archive.org/web/20191212013438id_/http://forum.clash.y0.pl/viewforum.php?f=2&start=25
http://forum.clash.y0.pl/viewforum.php?f=3,http://forum.clash.y0.pl/viewforum.php?f=3,20191212002106,20210423045612,2,text/html,DQMZZUMJJV2QZTPTJIKBBNBJ5UYPFEQU,7944,https://web.archive.org/web/20191212002106id_/http://forum.clash.y0.pl/viewforum.php?f=3
http://forum.clash.y0.pl/viewforum.php?f=4,http://forum.clash.y0.pl/viewforum.php?f=4,20210306163217,20210423045932,2,text/html,NJWORBLJYRAHVW7QGHUA2IYV52HKP56Z,5536,https://web.archive.org/web/20210306163217id_/http://forum.clash.y0.pl/viewforum.php?f=4
http://forum.clash.y0.pl/viewtopic.php?f=2&p=104&t=17,http://forum.clash.y0.pl/viewtopic.php?f=2&t=17&p=104,20191212002023,20191212002023,1,text/html,6UPISO4ITXI7BSXQHNFBQMRRVABVFBLB,13344,https://web.archive.org/web/20191212002023id_/http://forum.clash.y0.pl/viewtopic.php?f=2&t=17&p=104
http://forum.clash.y0.pl/viewtopic.php?f=2&p=115&t=15,http://forum.clash.y0.pl/viewtopic.php?f=2&t=15&p=115,20191212013814,20191212013814,1,text/html,F25CV4TKYDSYFLZYE752LS3C7PLOC44D,17115,https://web.archive.org/web/20191212013814id_/http://forum.clash.y0.pl/viewtopic.php?f=2&t=15&p=115
http://forum.clash.y0.pl/viewtopic.php?f=2&p=1397&t=750,http://forum.clash.y0.pl/viewtopic.php?f=2&t=750&p=1397,20231129051154,20231129051154,1,text/html,RNG6VPCZP2GGRFY5GA36AD367BZ6ALBR,10142,https://web.archive.org/web/20231129051154id_/http://forum.clash.y0.pl/viewtopic.php?f=2&t=750&p=1397
http://forum.clash.y0.pl/viewtopic.php?f=2&p=1468&t=758,http://forum.clash.y0.pl/viewtopic.php?f=2&t=758&p=1468,20200930095835,20200930095835,1,text/html,5D7AWOS4277GANBXI4IEJ74YWQLEENAK,7737,https://web.archive.org/web/20200930095835id_/http://forum.clash.y0.pl/viewtopic.php?f=2&t=758&p=1468
http://forum.clash.y0.pl/viewtopic.php?f=2&p=1473&t=758,http://forum.clash.y0.pl/viewtopic.php?f=2&t=758&p=1473,20200930103825,20200930103825,1,text/html,RDJAXQXTIAKX3M73MQPYVHY5DGASB46G,7743,https://web.archive.org/web/20200930103825id_/http://forum.clash.y0.pl/viewtopic.php?f=2&t=758&p=1473
http://forum.clash.y0.pl/viewtopic.php?f=2&p=1477&t=758,http://forum.clash.y0.pl/viewtopic.php?f=2&t=758&p=1477,20200930095305,20200930095305,1,text/html,GQV46TO67TQAVADKX4YVCJMNRDFCTPZZ,7739,https://web.archive.org/web/20200930095305id_/http://forum.clash.y0.pl/viewtopic.php?f=2&t=758&p=1477
http://forum.clash.y0.pl/viewtopic.php?f=2&p=1489&t=9,http://forum.clash.y0.pl/viewtopic.php?f=2&t=9&p=1489,20200930094719,20200930094719,1,text/html,4KQ4HLIOJKFQCIVOS57EPLPBK3ALFS7X,8262,https://web.archive.org/web/20200930094719id_/http://forum.clash.y0.pl/viewtopic.php?f=2&t=9&p=1489
http://forum.clash.y0.pl/viewtopic.php?f=2&p=1493,http://forum.clash.y0.pl/viewtopic.php?f=2&p=1493,20200814012623,20200814012623,1,text/html,FULTBWIYMRR2YSQAHEYVYGWNH3YH4A4Z,12055,https://web.archive.org/web/20200814012623id_/http://forum.clash.y0.pl/viewtopic.php?f=2&p=1493
http://forum.clash.y0.pl/viewtopic.php?f=2&p=187&t=14,http://forum.clash.y0.pl/viewtopic.php?f=2&t=14&p=187,20191212012347,20191212012347,1,text/html,4NSDPK3BXIOKMTKNBYES6XLUIMM4S4C3,13789,https://web.archive.org/web/20191212012347id_/http://forum.clash.y0.pl/viewtopic.php?f=2&t=14&p=187
http://forum.clash.y0.pl/viewtopic.php?f=2&p=216&t=21,http://forum.clash.y0.pl/viewtopic.php?f=2&t=21&p=216,20191212005624,20191212005624,1,text/html,KDZ4T56RFTKS2JP2TTPIPQKB3NI2PT64,7678,https://web.archive.org/web/20191212005624id_/http://forum.clash.y0.pl/viewtopic.php?f=2&t=21&p=216
http://forum.clash.y0.pl/viewtopic.php?f=2&p=228&t=8,http://forum.clash.y0.pl/viewtopic.php?f=2&t=8&p=228,20191212002418,20191212002418,1,text/html,FIZAN5QN2TE452JXSEUFQT6AS4B4GVSS,11780,https://web.archive.org/web/20191212002418id_/http://forum.clash.y0.pl/viewtopic.php?f=2&t=8&p=228
http://forum.clash.y0.pl/viewtopic.php?f=2&p=254&t=25,http://forum.clash.y0.pl/viewtopic.php?f=2&t=25&p=254,20191212001900,20191212001900,1,text/html,4W6KDMS44DFCMOF3YDPIJ7WERVLDYR3G,7795,https://web.archive.org/web/20191212001900id_/http://forum.clash.y0.pl/viewtopic.php?f=2&t=25&p=254
http://forum.clash.y0.pl/viewtopic.php?f=2&p=274&t=4,http://forum.clash.y0.pl/viewtopic.php?f=2&t=4&p=274,20191212014300,20191212014300,1,text/html,ND52CSUZJAAMHABIIDPTOJCUJGJ3ACTB,12850,https://web.archive.org/web/20191212014300id_/http://forum.clash.y0.pl/viewtopic.php?f=2&t=4&p=274
http://forum.clash.y0.pl/viewtopic.php?f=2&p=278&t=26,http://forum.clash.y0.pl/viewtopic.php?f=2&t=26&p=278,20191212002007,20191212002007,1,text/html,KNPRXYRRGBTGM5NYGEDBBFLT7ZG3RZRL,6961,https://web.archive.org/web/20191212002007id_/http://forum.clash.y0.pl/viewtopic.php?f=2&t=26&p=278
http://forum.clash.y0.pl/viewtopic.php?f=2&p=305&t=28,http://forum.clash.y0.pl/viewtopic.php?f=2&t=28&p=305,20191212002640,20191212002640,1,text/html,ZNE66ZDMSPPLDM2FOFERKA6MLCMH3G5R,7169,https://web.archive.org/web/20191212002640id_/http://forum.clash.y0.pl/viewtopic.php?f=2&t=28&p=305
http://forum.clash.y0.pl/viewtopic.php?f=2&p=307&t=27,http://forum.clash.y0.pl/viewtopic.php?f=2&t=27&p=307,20191212015125,20191212015125,1,text/html,OGB5GAEYXTB3DZHGG6WWZHNU4XLQABG6,11957,https://web.archive.org/web/20191212015125id_/http://forum.clash.y0.pl/viewtopic.php?f=2&t=27&p=307
http://forum.clash.y0.pl/viewtopic.php?f=2&p=314&t=9,http://forum.clash.y0.pl/viewtopic.php?f=2&t=9&p=314,20191212014041,20191212014041,1,text/html,L3KIDBKS673WXR5YZY7KM5HDED5ABDQD,15036,https://web.archive.org/web/20191212014041id_/http://forum.clash.y0.pl/viewtopic.php?f=2&t=9&p=314
http://forum.clash.y0.pl/viewtopic.php?f=2&p=332&t=33,http://forum.clash.y0.pl/viewtopic.php?f=2&t=33&p=332,20191212010436,20191212010436,1,text/html,XO4PO25ZBL3ZUEEMHTLGJCAUML5GFZ4H,7239,https://web.archive.org/web/20191212010436id_/http://forum.clash.y0.pl/viewtopic.php?f=2&t=33&p=332
http://forum.clash.y0.pl/viewtopic.php?f=2&p=338&t=32,http://forum.clash.y0.pl/viewtopic.php?f=2&t=32&p=338,20191212004347,20191212004347,1,text/html,HAMEK5ITFHJWDYCWA7RKKRYUHDY2FLUG,15277,https://web.archive.org/web/20191212004347id_/http://forum.clash.y0.pl/viewtopic.php?f=2&t=32&p=338
http://forum.clash.y0.pl/viewtopic.php?f=2&p=351&t=34,http://forum.clash.y0.pl/viewtopic.php?f=2&t=34&p=351,20191212014205,20191212014205,1,text/html,LFNVKWZGIAJUEYOZCYE4J6UC63WUL4ZD,14723,https://web.archive.org/web/20191212014205id_/http://forum.clash.y0.pl/viewtopic.php?f=2&t=34&p=351
http://forum.clash.y0.pl/viewtopic.php?f=2&p=453&t=9,http://forum.clash.y0.pl/viewtopic.php?f=2&t=9&p=453,20191212011520,20191212011520,1,text/html,QDHP3OJVCWGLWAX2VEW52N5XYFRGRFCY,12225,https://web.archive.org/web/20191212011520id_/http://forum.clash.y0.pl/viewtopic.php?f=2&t=9&p=453
http://forum.clash.y0.pl/viewtopic.php?f=2&p=455&t=37,http://forum.clash.y0.pl/viewtopic.php?f=2&t=37&p=455,20191212012044,20191212012044,1,text/html,MMBVVUT6HYQNXCQGKUUXAXDR3K5AXJQ3,7318,https://web.archive.org/web/20191212012044id_/http://forum.clash.y0.pl/viewtopic.php?f=2&t=37&p=455
http://forum.clash.y0.pl/viewtopic.php?f=2&p=484&t=10,http://forum.clash.y0.pl/viewtopic.php?f=2&t=10&p=484,20191212002044,20191212002044,1,text/html,XMSMJ5LLOURPUR6GLKZT6A5XZFJDLSYU,12398,https://web.archive.org/web/20191212002044id_/http://forum.clash.y0.pl/viewtopic.php?f=2&t=10&p=484
http://forum.clash.y0.pl/viewtopic.php?f=2&p=486&t=22,http://forum.clash.y0.pl/viewtopic.php?f=2&t=22&p=486,20191212013015,20191212013015,1,text/html,72FGSHPXLE3VERU2NPUS4PD3AQJ7KK2R,10422,https://web.archive.org/web/20191212013015id_/http://forum.clash.y0.pl/viewtopic.php?f=2&t=22&p=486
http://forum.clash.y0.pl/viewtopic.php?f=2&p=506&t=8,http://forum.clash.y0.pl/viewtopic.php?f=2&t=8&p=506,20191212002249,20191212002249,1,text/html,NHGV5S5P6WGICHX3G7J7QGBNDPLIDGQM,22254,https://web.archive.org/web/20191212002249id_/http://forum.clash.y0.pl/viewtopic.php?f=2&t=8&p=506
http://forum.clash.y0.pl/viewtopic.php?f=2&p=520&t=30,http://forum.clash.y0.pl/viewtopic.php?f=2&t=30&p=520,20191212004601,20191212004601,1,text/html,GS6GLLPRDJ2XDXXVRCL4ZKFWEB2SGSDT,9752,https://web.archive.org/web/20191212004601id_/http://forum.clash.y0.pl/viewtopic.php?f=2&t=30&p=520
http://forum.clash.y0.pl/viewtopic.php?f=2&p=527&t=8,http://forum.clash.y0.pl/viewtopic.php?f=2&t=8&p=527,20191212013550,20191212013550,1,text/html,AA662QUS4BZ4OZPEAJZISZXMW4JVCG4F,15363,https://web.archive.org/web/20191212013550id_/http://forum.clash.y0.pl/viewtopic.php?f=2&t=8&p=527
http://forum.clash.y0.pl/viewtopic.php?f=2&p=541&t=5,http://forum.clash.y0.pl/viewtopic.php?f=2&t=5&p=541,20191212002212,20191212002212,1,text/html,RXOBRTTOSQACTVVW4LJH7FDWJ23XNQZD,13316,https://web.archive.org/web/20191212002212id_/http://forum.clash.y0.pl/viewtopic.php?f=2&t=5&p=541
http://forum.clash.y0.pl/viewtopic.php?f=2&p=565&t=8,http://forum.clash.y0.pl/viewtopic.php?f=2&t=8&p=565,20191212005309,20191212005309,1,text/html,JFGNK7SACV2WYWQCKKMM6NWWS6COP3HV,15364,https://web.archive.org/web/20191212005309id_/http://forum.clash.y0.pl/viewtopic.php?f=2&t=8&p=565
http://forum.clash.y0.pl/viewtopic.php?f=2&p=642,http://forum.clash.y0.pl/viewtopic.php?f=2&p=642,20191210154106,20191210154106,1,text/html,CYRV3CGBF3D2JBRK4IS72T2QPZ5HRWZE,8183,https://web.archive.org/web/20191210154106id_/http://forum.clash.y0.pl/viewtopic.php?f=2&p=642
http://forum.clash.y0.pl/viewtopic.php?f=2&start=10&t=15,http://forum.clash.y0.pl/viewtopic.php?f=2&t=15&start=10,20191212002456,20191212002456,1,text/html,5AMVQX52PUQSIBCMU7AHXQF2MA57N7DS,17116,https://web.archive.org/web/20191212002456id_/http://forum.clash.y0.pl/viewtopic.php?f=2&t=15&start=10
http://forum.clash.y0.pl/viewtopic.php?f=2&start=10&t=16,http://forum.clash.y0.pl/viewtopic.php?f=2&t=16&start=10,20191212011513,20191212011513,1,text/html,ZMA6UMRDL2CLLECORXVYXBDII6Q332FE,9892,https://web.archive.org/web/20191212011513id_/http://forum.clash.y0.pl/viewtopic.php?f=2&t=16&start=10
http://forum.clash.y0.pl/viewtopic.php?f=2&start=10&t=21,http://forum.clash.y0.pl/viewtopic.php?f=2&t=21&start=10,20191212002232,20191212002232,1,text/html,7OWLNHJUQ4IPRFKBHFTZXF4WYE6MZZ5C,7673,https://web.archive.org/web/20191212002232id_/http://forum.clash.y0.pl/viewtopic.php?f=2&t=21&start=10
http://forum.clash.y0.pl/viewtopic.php?f=2&start=10&t=29,http://forum.clash.y0.pl/viewtopic.php?f=2&t=29&start=10,20191212012946,20191212012946,1,text/html,4CRVCPZGSO3Y564GMT4VC5DKXA5HLOOW,13035,https://web.archive.org/web/20191212012946id_/http://forum.clash.y0.pl/viewtopic.php?f=2&t=29&start=10
http://forum.clash.y0.pl/viewtopic.php?f=2&start=10&t=29&view=print,http://forum.clash.y0.pl/viewtopic.php?f=2&t=29&start=10&view=print,20201030082004,20201030082004,1,text/html,D6QBZE65BIIUFZL4EKPYKO67BU4QWCRA,7015,https://web.archive.org/web/20201030082004id_/http://forum.clash.y0.pl/viewtopic.php?f=2&t=29&start=10&view=print
http://forum.clash.y0.pl/viewtopic.php?f=2&start=100&t=9,http://forum.clash.y0.pl/viewtopic.php?f=2&t=9&start=100,20200930101130,20200930101130,1,text/html,IJN5Q3L6OYJBZLGMD3YT5AVGUQDN73JX,8250,https://web.archive.org/web/20200930101130id_/http://forum.clash.y0.pl/viewtopic.php?f=2&t=9&start=100
http://forum.clash.y0.pl/viewtopic.php?f=2&start=20&t=29,http://forum.clash.y0.pl/viewtopic.php?f=2&t=29&start=20,20191212015212,20191212015212,1,text/html,7O5I55GHD3EZBL4IMARNEHU7WNZPQTMX,11922,https://web.archive.org/web/20191212015212id_/http://forum.clash.y0.pl/viewtopic.php?f=2&t=29&start=20
http://forum.clash.y0.pl/viewtopic.php?f=2&start=30&t=29,http://forum.clash.y0.pl/viewtopic.php?f=2&t=29&start=30,20191212002207,20210924235456,2,text/html,JPSAZ5TDVNYVQK2O7OSNXRL3YU57JXQZ,9007,https://web.archive.org/web/20191212002207id_/http://forum.clash.y0.pl/viewtopic.php?f=2&t=29&start=30
http://forum.clash.y0.pl/viewtopic.php?f=2&start=30&t=29&view=print,http://forum.clash.y0.pl/viewtopic.php?f=2&t=29&start=30&view=print,20191212002548,20191212002548,1,text/html,C3BNT2S7T7432HKIRSYZKWLZ2XBETYUD,4156,https://web.archive.org/web/20191212002548id_/http://forum.clash.y0.pl/viewtopic.php?f=2&t=29&start=30&view=print
http://forum.clash.y0.pl/viewtopic.php?f=2&start=30&t=8,http://forum.clash.y0.pl/viewtopic.php?f=2&t=8&start=30,20191212013242,20191212013242,1,text/html,R57PSF5KSUPMXPFPU37KF6KSXIXMY43D,12143,https://web.archive.org/web/20191212013242id_/http://forum.clash.y0.pl/viewtopic.php?f=2&t=8&start=30
http://forum.clash.y0.pl/viewtopic.php?f=2&start=40&t=8,http://forum.clash.y0.pl/viewtopic.php?f=2&t=8&start=40,20191212014714,20191212014714,1,text/html,FMFQ237SRJTG5PLVQGKAYFIRXB47FFEW,11783,https://web.archive.org/web/20191212014714id_/http://forum.clash.y0.pl/viewtopic.php?f=2&t=8&start=40
http://forum.clash.y0.pl/viewtopic.php?f=2&start=50&t=8,http://forum.clash.y0.pl/viewtopic.php?f=2&t=8&start=50,20191212001951,20191212001951,1,text/html,3B55UYCH7OE3USQLSNCSKPDMB7UN3JVK,11160,https://web.archive.org/web/20191212001951id_/http://forum.clash.y0.pl/viewtopic.php?f=2&t=8&start=50
http://forum.clash.y0.pl/viewtopic.php?f=2&start=50&t=9,http://forum.clash.y0.pl/viewtopic.php?f=2&t=9&start=50,20191212012246,20191212012246,1,text/html,GOTEX3WZO3UOBQDSIHXZMRI2ZBESKHIM,15025,https://web.archive.org/web/20191212012246id_/http://forum.clash.y0.pl/viewtopic.php?f=2&t=9&start=50
http://forum.clash.y0.pl/viewtopic.php?f=2&start=60&t=8,http://forum.clash.y0.pl/viewtopic.php?f=2&t=8&start=60,20191212002238,20191212002238,1,text/html,46PY6ZI3NMBHXARQTTQRGLBDSE4R7SPU,15732,https://web.archive.org/web/20191212002238id_/http://forum.clash.y0.pl/viewtopic.php?f=2&t=8&start=60
http://forum.clash.y0.pl/viewtopic.php?f=2&start=60&t=9,http://forum.clash.y0.pl/viewtopic.php?f=2&t=9&start=60,20191212013712,20191212013712,1,text/html,SN2SRVAG6UPWDG24BQF4ILYMFCG2Y4OE,12740,https://web.archive.org/web/20191212013712id_/http://forum.clash.y0.pl/viewtopic.php?f=2&t=9&start=60
http://forum.clash.y0.pl/viewtopic.php?f=2&start=70&t=8,http://forum.clash.y0.pl/viewtopic.php?f=2&t=8&start=70,20191212002440,20191212002440,1,text/html,H33LY3IJG6T5BHJOAG4UIYYJHK46HWND,22245,https://web.archive.org/web/20191212002440id_/http://forum.clash.y0.pl/viewtopic.php?f=2&t=8&start=70
http://forum.clash.y0.pl/viewtopic.php?f=2&start=70&t=8&view=print,http://forum.clash.y0.pl/viewtopic.php?f=2&t=8&start=70&view=print,20191212014059,20191212014059,1,text/html,SFZYDIHKC57WVEN3XXZUCUEYZU5D7GYP,15512,https://web.archive.org/web/20191212014059id_/http://forum.clash.y0.pl/viewtopic.php?f=2&t=8&start=70&view=print
http://forum.clash.y0.pl/viewtopic.php?f=2&start=70&t=9,http://forum.clash.y0.pl/viewtopic.php?f=2&t=9&start=70,20191212015128,20191212015128,1,text/html,AJHYEZLFS5KBTR225AGCFKWADFEIBANU,12209,https://web.archive.org/web/20191212015128id_/http://forum.clash.y0.pl/viewtopic.php?f=2&t=9&start=70
http://forum.clash.y0.pl/viewtopic.php?f=2&start=80&t=8,http://forum.clash.y0.pl/viewtopic.php?f=2&t=8&start=80,20191212002706,20191212002706,1,text/html,QZ3VBCQI35LXHONEN2GPQ3WDUWHN64KM,15364,https://web.archive.org/web/20191212002706id_/http://forum.clash.y0.pl/viewtopic.php?f=2&t=8&start=80
http://forum.clash.y0.pl/viewtopic.php?f=2&start=80&t=9,http://forum.clash.y0.pl/viewtopic.php?f=2&t=9&start=80,20191212002034,20191212002034,1,text/html,RSBWJUSBHQLA6FOSP7L7X2SE24OZ3V4A,12212,https://web.archive.org/web/20191212002034id_/http://forum.clash.y0.pl/viewtopic.php?f=2&t=9&start=80
http://forum.clash.y0.pl/viewtopic.php?f=2&start=80&t=9&view=print,http://forum.clash.y0.pl/viewtopic.php?f=2&t=9&start=80&view=print,20201030075123,20201030075123,1,text/html,E3HRXEJZ7X35OT2OD6WRDKDZHAGGCZJD,5405,https://web.archive.org/web/20201030075123id_/http://forum.clash.y0.pl/viewtopic.php?f=2&t=9&start=80&view=print
http://forum.clash.y0.pl/viewtopic.php?f=2&start=90&t=9,http://forum.clash.y0.pl/viewtopic.php?f=2&t=9&start=90,20200930085519,20210924232742,2,text/html,KAIB4TP5GUG4GZJZ2KTDA6R6ALLBKPLC,10151,https://web.archive.org/web/20200930085519id_/http://forum.clash.y0.pl/viewtopic.php?f=2&t=9&start=90
http://forum.clash.y0.pl/viewtopic.php?f=2&start=90&t=9&view=print,http://forum.clash.y0.pl/viewtopic.php?f=2&t=9&start=90&view=print,20200930102105,20200930102105,1,text/html,AMLPCQQ7BW7TC4L5XZT5573RNJ7I7TWG,3787,https://web.archive.org/web/20200930102105id_/http://forum.clash.y0.pl/viewtopic.php?f=2&t=9&start=90&view=print
http://forum.clash.y0.pl/viewtopic.php?f=2&t=10,http://forum.clash.y0.pl/viewtopic.php?f=2&t=10,20191212012759,20191212012759,1,text/html,2QN2XROEB6PKBASQARTOJ33DIME5VEM4,12395,https://web.archive.org/web/20191212012759id_/http://forum.clash.y0.pl/viewtopic.php?f=2&t=10
http://forum.clash.y0.pl/viewtopic.php?f=2&t=14,http://forum.clash.y0.pl/viewtopic.php?f=2&t=14,20191212010443,20191212010443,1,text/html,73W4PGRZMBETXZN2RFHB7YCAHR67QBNH,13777,https://web.archive.org/web/20191212010443id_/http://forum.clash.y0.pl/viewtopic.php?f=2&t=14
http://forum.clash.y0.pl/viewtopic.php?f=2&t=15,http://forum.clash.y0.pl/viewtopic.php?f=2&t=15,20191212002118,20191212002118,1,text/html,54TSZBVKSETNTWGQPL3IY5FTLTGJONPY,13572,https://web.archive.org/web/20191212002118id_/http://forum.clash.y0.pl/viewtopic.php?f=2&t=15
http://forum.clash.y0.pl/viewtopic.php?f=2&t=16,http://forum.clash.y0.pl/viewtopic.php?f=2&t=16,20191212005320,20191212005320,1,text/html,JXOMDEKXYFQE4N5LBU5CTIV4JJTMM3BB,9755,https://web.archive.org/web/20191212005320id_/http://forum.clash.y0.pl/viewtopic.php?f=2&t=16
http://forum.clash.y0.pl/viewtopic.php?f=2&t=17,http://forum.clash.y0.pl/viewtopic.php?f=2&t=17,20191212015735,20191212015735,1,text/html,6I7KVBHBA7N75IDAT2Z3YJ7DQTG6JNFK,13336,https://web.archive.org/web/20191212015735id_/http://forum.clash.y0.pl/viewtopic.php?f=2&t=17
http://forum.clash.y0.pl/viewtopic.php?f=2&t=2,http://forum.clash.y0.pl/viewtopic.php?f=2&t=2,20191212011811,20191212011811,1,text/html,RDHKZ2SPBZBBW5VBHBELJA6QOPYLJYJD,12366,https://web.archive.org/web/20191212011811id_/http://forum.clash.y0.pl/viewtopic.php?f=2&t=2
http://forum.clash.y0.pl/viewtopic.php?f=2&t=21,http://forum.clash.y0.pl/viewtopic.php?f=2&t=21,20191212015337,20191212015337,1,text/html,B2NEOLRKQGAKVDVSPLIO2QWMV2E7PTM5,14286,https://web.archive.org/web/20191212015337id_/http://forum.clash.y0.pl/viewtopic.php?f=2&t=21
http://forum.clash.y0.pl/viewtopic.php?f=2&t=22,http://forum.clash.y0.pl/viewtopic.php?f=2&t=22,20191212003749,20191212003749,1,text/html,AJBLJ4PS2KTZTBKFLXU63V3M44E6MHUO,10410,https://web.archive.org/web/20191212003749id_/http://forum.clash.y0.pl/viewtopic.php?f=2&t=22
http://forum.clash.y0.pl/viewtopic.php?f=2&t=25,http://forum.clash.y0.pl/viewtopic.php?f=2&t=25,20191212013029,20191212013029,1,text/html,FD6PMZGXEBSXMYEDPPZZFK3RZEMONQTW,7784,https://web.archive.org/web/20191212013029id_/http://forum.clash.y0.pl/viewtopic.php?f=2&t=25
http://forum.clash.y0.pl/viewtopic.php?f=2&t=26,http://forum.clash.y0.pl/viewtopic.php?f=2&t=26,20191212002533,20191212002533,1,text/html,3PGUG3WAEPZA75BPYLXSBD5UCMFN3GVI,6959,https://web.archive.org/web/20191212002533id_/http://forum.clash.y0.pl/viewtopic.php?f=2&t=26
http://forum.clash.y0.pl/viewtopic.php?f=2&t=27,http://forum.clash.y0.pl/viewtopic.php?f=2&t=27,20191212011904,20191212011904,1,text/html,MELAEHSVYN4ZHVX6UITL7ID6VETMZTRY,11950,https://web.archive.org/web/20191212011904id_/http://forum.clash.y0.pl/viewtopic.php?f=2&t=27
http://forum.clash.y0.pl/viewtopic.php?f=2&t=27&view=print,http://forum.clash.y0.pl/viewtopic.php?f=2&t=27&view=print,20191212015600,20191212015600,1,text/html,UTSTSB4S7IRTM4KFQSJOKSQ7CT2V2FAL,6694,https://web.archive.org/web/20191212015600id_/http://forum.clash.y0.pl/viewtopic.php?f=2&t=27&view=print
http://forum.clash.y0.pl/viewtopic.php?f=2&t=28,http://forum.clash.y0.pl/viewtopic.php?f=2&t=28,20191212002413,20191212002413,1,text/html,HLBO26LXZBR2VO7KMIFXXHYUHRWYZEAA,7159,https://web.archive.org/web/20191212002413id_/http://forum.clash.y0.pl/viewtopic.php?f=2&t=28
http://forum.clash.y0.pl/viewtopic.php?f=2&t=29,http://forum.clash.y0.pl/viewtopic.php?f=2&t=29,20191212010730,20210924233846,2,text/html,MUN6NGLHS442NHFDVRYBRCQCDBMGXPKT,12364,https://web.archive.org/web/20191212010730id_/http://forum.clash.y0.pl/viewtopic.php?f=2&t=29
http://forum.clash.y0.pl/viewtopic.php?f=2&t=29&view=print,http://forum.clash.y0.pl/viewtopic.php?f=2&t=29&view=print,20191212014433,20191212014433,1,text/html,AL4EP6GGKLBGIBIB5BHE7DIKEZNHKLUK,6895,https://web.archive.org/web/20191212014433id_/http://forum.clash.y0.pl/viewtopic.php?f=2&t=29&view=print
http://forum.clash.y0.pl/viewtopic.php?f=2&t=30,http://forum.clash.y0.pl/viewtopic.php?f=2&t=30,20191212002450,20191212002450,1,text/html,6R2YBIXPSXZAINXJJOCBCFGEUHNDGGVH,9749,https://web.archive.org/web/20191212002450id_/http://forum.clash.y0.pl/viewtopic.php?f=2&t=30
http://forum.clash.y0.pl/viewtopic.php?f=2&t=31,http://forum.clash.y0.pl/viewtopic.php?f=2&t=31,20191212011453,20191212011453,1,text/html,A6AAOFDK7SBKRVO7MZ4YNIHFUBQWPMKI,9553,https://web.archive.org/web/20191212011453id_/http://forum.clash.y0.pl/viewtopic.php?f=2&t=31
http://forum.clash.y0.pl/viewtopic.php?f=2&t=32,http://forum.clash.y0.pl/viewtopic.php?f=2&t=32,20191212002326,20191212002326,1,text/html,I2QALWLL4AEYOV3AI5SRRLBC66TAN3QC,15275,https://web.archive.org/web/20191212002326id_/http://forum.clash.y0.pl/viewtopic.php?f=2&t=32
http://forum.clash.y0.pl/viewtopic.php?f=2&t=33,http://forum.clash.y0.pl/viewtopic.php?f=2&t=33,20191212010321,20191212010321,1,text/html,S57MVHCFXFLWAQN4R5PH4BVLRB5CCQHO,7241,https://web.archive.org/web/20191212010321id_/http://forum.clash.y0.pl/viewtopic.php?f=2&t=33
http://forum.clash.y0.pl/viewtopic.php?f=2&t=34,http://forum.clash.y0.pl/viewtopic.php?f=2&t=34,20191212002100,20191212002100,1,text/html,PYXFCD4BP2CPQGBUK2QODWVNIBE7RQSV,14706,https://web.archive.org/web/20191212002100id_/http://forum.clash.y0.pl/viewtopic.php?f=2&t=34
http://forum.clash.y0.pl/viewtopic.php?f=2&t=37,http://forum.clash.y0.pl/viewtopic.php?f=2&t=37,20191212004021,20191212004021,1,text/html,X7FRS4GQMMEX2EHOGBYNYCIX745TUGOV,7315,https://web.archive.org/web/20191212004021id_/http://forum.clash.y0.pl/viewtopic.php?f=2&t=37
http://forum.clash.y0.pl/viewtopic.php?f=2&t=38,http://forum.clash.y0.pl/viewtopic.php?f=2&t=38,20191212014451,20191212014451,1,text/html,YT4S5VIO7TT6TGC6EJS5QIQU3LDODBKV,10335,https://web.archive.org/web/20191212014451id_/http://forum.clash.y0.pl/viewtopic.php?f=2&t=38
http://forum.clash.y0.pl/viewtopic.php?f=2&t=39,http://forum.clash.y0.pl/viewtopic.php?f=2&t=39,20191212002906,20191212002906,1,text/html,ANMGUUV3MG4Z3ANBFB25BIFDC7SEDBAS,10362,https://web.archive.org/web/20191212002906id_/http://forum.clash.y0.pl/viewtopic.php?f=2&t=39
http://forum.clash.y0.pl/viewtopic.php?f=2&t=4,http://forum.clash.y0.pl/viewtopic.php?f=2&t=4,20191212002352,20191212002352,1,text/html,LXO6BKQ7ROFV4D5VMSH7G2ELUVFEW2UA,12845,https://web.archive.org/web/20191212002352id_/http://forum.clash.y0.pl/viewtopic.php?f=2&t=4
http://forum.clash.y0.pl/viewtopic.php?f=2&t=5,http://forum.clash.y0.pl/viewtopic.php?f=2&t=5,20191212014235,20191212014235,1,text/html,T2VH5RSBLXNPNV4AFITX6GKICZG67GR7,13315,https://web.archive.org/web/20191212014235id_/http://forum.clash.y0.pl/viewtopic.php?f=2&t=5
http://forum.clash.y0.pl/viewtopic.php?f=2&t=758,http://forum.clash.y0.pl/viewtopic.php?f=2&t=758,20200930102554,20200930102554,1,text/html,ZJ3S2LGGLE32RTVWUH3O7LGHM7ARE56A,7726,https://web.archive.org/web/20200930102554id_/http://forum.clash.y0.pl/viewtopic.php?f=2&t=758
http://forum.clash.y0.pl/viewtopic.php?f=2&t=8,http://forum.clash.y0.pl/viewtopic.php?f=2&t=8,20191212002055,20191212002055,1,text/html,W6MAZYCGLW3DMCSUWSCOH2HYLS6G7XFB,11524,https://web.archive.org/web/20191212002055id_/http://forum.clash.y0.pl/viewtopic.php?f=2&t=8
http://forum.clash.y0.pl/viewtopic.php?f=2&t=9,http://forum.clash.y0.pl/viewtopic.php?f=2&t=9,20191212012813,20210924232922,2,text/html,GAJ5EFY4CSAXXJBY5CZ7RQY2O4ITGZ2F,11625,https://web.archive.org/web/20191212012813id_/http://forum.clash.y0.pl/viewtopic.php?f=2&t=9
http://forum.clash.y0.pl/viewtopic.php?f=3&p=1380&t=111,http://forum.clash.y0.pl/viewtopic.php?f=3&t=111&p=1380&sid=f75d7838fe56b8f0f94bf6ecff70b1ff,20210423042830,20210423042830,1,text/html,IPNQVN723LEMU5W37QHE23H35ZG3KL6X,13070,https://web.archive.org/web/20210423042830id_/http://forum.clash.y0.pl/viewtopic.php?f=3&t=111&p=1380&sid=f75d7838fe56b8f0f94bf6ecff70b1ff
http://forum.clash.y0.pl/viewtopic.php?f=3&p=1381&t=23,http://forum.clash.y0.pl/viewtopic.php?f=3&t=23&p=1381&sid=f75d7838fe56b8f0f94bf6ecff70b1ff,20210423053730,20210423053730,1,text/html,ZIS7RHEFNFSIQ72G7DM5SEO7D2RW2HB7,9220,https://web.archive.org/web/20210423053730id_/http://forum.clash.y0.pl/viewtopic.php?f=3&t=23&p=1381&sid=f75d7838fe56b8f0f94bf6ecff70b1ff
http://forum.clash.y0.pl/viewtopic.php?f=3&p=1421&t=749,http://forum.clash.y0.pl/viewtopic.php?f=3&t=749&p=1421&sid=f75d7838fe56b8f0f94bf6ecff70b1ff,20210423054347,20210423054347,1,text/html,7ZVKXEY5CEVU5I676F6WLPMKZM5VXAEW,11873,https://web.archive.org/web/20210423054347id_/http://forum.clash.y0.pl/viewtopic.php?f=3&t=749&p=1421&sid=f75d7838fe56b8f0f94bf6ecff70b1ff
http://forum.clash.y0.pl/viewtopic.php?f=3&p=1424&t=753,http://forum.clash.y0.pl/viewtopic.php?f=3&t=753&p=1424,20231129052016,20231129052016,1,text/html,NJ3ZOVOKC6HOMBWF6UF3R3SEY7USSZWA,16929,https://web.archive.org/web/20231129052016id_/http://forum.clash.y0.pl/viewtopic.php?f=3&t=753&p=1424
http://forum.clash.y0.pl/viewtopic.php?f=3&p=1425&t=753,http://forum.clash.y0.pl/viewtopic.php?f=3&t=753&p=1425,20200930100213,20200930100213,1,text/html,3ORNPK2WFW23FK4N2LENHEH2SBAIY5HU,16192,https://web.archive.org/web/20200930100213id_/http://forum.clash.y0.pl/viewtopic.php?f=3&t=753&p=1425
http://forum.clash.y0.pl/viewtopic.php?f=3&p=1427&t=753,http://forum.clash.y0.pl/viewtopic.php?f=3&t=753&p=1427,20200930104404,20200930104404,1,text/html,W3DOQKP67WNTLH3ES7ZLOQAACKPVW2RM,16183,https://web.archive.org/web/20200930104404id_/http://forum.clash.y0.pl/viewtopic.php?f=3&t=753&p=1427
http://forum.clash.y0.pl/viewtopic.php?f=3&p=1438&t=753,http://forum.clash.y0.pl/viewtopic.php?f=3&t=753&p=1438,20200930090728,20200930090728,1,text/html,QQVUDYLJ5YWD5T2ZSGRAJHFTIBWCRWVR,21977,https://web.archive.org/web/20200930090728id_/http://forum.clash.y0.pl/viewtopic.php?f=3&t=753&p=1438
http://forum.clash.y0.pl/viewtopic.php?f=3&p=1453&t=36,http://forum.clash.y0.pl/viewtopic.php?f=3&t=36&p=1453,20200930095545,20200930095545,1,text/html,64MQHDP76HCZAPKDL4Y6O2VI3NQ632BV,11714,https://web.archive.org/web/20200930095545id_/http://forum.clash.y0.pl/viewtopic.php?f=3&t=36&p=1453
http://forum.clash.y0.pl/viewtopic.php?f=3&p=1454&t=36,http://forum.clash.y0.pl/viewtopic.php?f=3&t=36&p=1454&sid=f75d7838fe56b8f0f94bf6ecff70b1ff,20210423052839,20210423052839,1,text/html,D5PQBXAVCYFQ4SLX4N2FH4A2KNUC4ZMI,11680,https://web.archive.org/web/20210423052839id_/http://forum.clash.y0.pl/viewtopic.php?f=3&t=36&p=1454&sid=f75d7838fe56b8f0f94bf6ecff70b1ff
http://forum.clash.y0.pl/viewtopic.php?f=3&p=1461&t=753,http://forum.clash.y0.pl/viewtopic.php?f=3&t=753&p=1461,20200930093521,20200930093521,1,text/html,XOEB5FD6X445ZJZ6ENVZ6GFKJN36QXS6,36633,https://web.archive.org/web/20200930093521id_/http://forum.clash.y0.pl/viewtopic.php?f=3&t=753&p=1461
http://forum.clash.y0.pl/viewtopic.php?f=3&p=1465&t=753,http://forum.clash.y0.pl/viewtopic.php?f=3&t=753&p=1465,20200930081126,20200930081126,1,text/html,EMVK3SAFDUN3NHQL7LXBVTS4BE4VP7MG,36635,https://web.archive.org/web/20200930081126id_/http://forum.clash.y0.pl/viewtopic.php?f=3&t=753&p=1465
http://forum.clash.y0.pl/viewtopic.php?f=3&p=1486,http://forum.clash.y0.pl/viewtopic.php?f=3&p=1486,20200814025618,20200814025618,1,text/html,F64M33GX7MNIBE5PHGREDO5NLWI6Z4NX,9766,https://web.archive.org/web/20200814025618id_/http://forum.clash.y0.pl/viewtopic.php?f=3&p=1486
http://forum.clash.y0.pl/viewtopic.php?f=3&p=1495&t=24,http://forum.clash.y0.pl/viewtopic.php?f=3&t=24&p=1495&sid=f75d7838fe56b8f0f94bf6ecff70b1ff,20210423044559,20210423044559,1,text/html,I3DN7GTVRH27ULYQRS5NE265CWPSMBDI,7525,https://web.archive.org/web/20210423044559id_/http://forum.clash.y0.pl/viewtopic.php?f=3&t=24&p=1495&sid=f75d7838fe56b8f0f94bf6ecff70b1ff
http://forum.clash.y0.pl/viewtopic.php?f=3&p=1506&t=753,http://forum.clash.y0.pl/viewtopic.php?f=3&t=753&p=1506&sid=f75d7838fe56b8f0f94bf6ecff70b1ff,20210423041532,20210423041532,1,text/html,COCKB2UWPXZISEHTW64L6NYAYGQAD256,11395,https://web.archive.org/web/20210423041532id_/http://forum.clash.y0.pl/viewtopic.php?f=3&t=753&p=1506&sid=f75d7838fe56b8f0f94bf6ecff70b1ff
http://forum.clash.y0.pl/viewtopic.php?f=3&p=238&t=24,http://forum.clash.y0.pl/viewtopic.php?f=3&t=24&p=238,20191212003805,20191212003805,1,text/html,YSL6G3W7BCAZFE3TOMICDFMJNZVBHDQU,7966,https://web.archive.org/web/20191212003805id_/http://forum.clash.y0.pl/viewtopic.php?f=3&t=24&p=238
http://forum.clash.y0.pl/viewtopic.php?f=3&p=263&t=20,http://forum.clash.y0.pl/viewtopic.php?f=3&t=20&p=263,20191212003015,20210423060532,2,text/html,LOYUG2QRVU5KWBNZBTPMGKHROMDL2HAP,7304,https://web.archive.org/web/20191212003015id_/http://forum.clash.y0.pl/viewtopic.php?f=3&t=20&p=263
http://forum.clash.y0.pl/viewtopic.php?f=3&p=364&t=18,http://forum.clash.y0.pl/viewtopic.php?f=3&t=18&p=364,20191212002259,20210423053536,2,text/html,SB3FTF2ZSMFIDVPWZVEDD2UL2ZBWVBIT,10414,https://web.archive.org/web/20191212002259id_/http://forum.clash.y0.pl/viewtopic.php?f=3&t=18&p=364
http://forum.clash.y0.pl/viewtopic.php?f=3&p=365&t=7,http://forum.clash.y0.pl/viewtopic.php?f=3&t=7&p=365,20191212015143,20210423051944,2,text/html,U5IVOSETFK6GRJXWAIOGMNQZZDWTZ6OG,11237,https://web.archive.org/web/20191212015143id_/http://forum.clash.y0.pl/viewtopic.php?f=3&t=7&p=365
http://forum.clash.y0.pl/viewtopic.php?f=3&p=406&t=35,http://forum.clash.y0.pl/viewtopic.php?f=3&t=35&p=406,20191212004732,20210423042147,2,text/html,546MGXCULFXE4R5ZNAHYEY5LFTMUTPRJ,7748,https://web.archive.org/web/20191212004732id_/http://forum.clash.y0.pl/viewtopic.php?f=3&t=35&p=406
http://forum.clash.y0.pl/viewtopic.php?f=3&p=509,http://forum.clash.y0.pl/viewtopic.php?f=3&p=509,20191210154404,20191210154404,1,text/html,GAHZYSYS5EKTGIK7J6AK47F3QDZ2VYIB,11521,https://web.archive.org/web/20191210154404id_/http://forum.clash.y0.pl/viewtopic.php?f=3&p=509
http://forum.clash.y0.pl/viewtopic.php?f=3&p=509&t=19,http://forum.clash.y0.pl/viewtopic.php?f=3&t=19&p=509,20191212013039,20191212013039,1,text/html,YRJ4LGJMTC2USEYHQWVO2IHKKPPWDH5M,11516,https://web.archive.org/web/20191212013039id_/http://forum.clash.y0.pl/viewtopic.php?f=3&t=19&p=509
http://forum.clash.y0.pl/viewtopic.php?f=3&p=653,http://forum.clash.y0.pl/viewtopic.php?f=3&p=653,20191210173445,20191210173445,1,text/html,DITUOGFLYFBD4GOS6GKAHLEZFIQVCRFT,10069,https://web.archive.org/web/20191210173445id_/http://forum.clash.y0.pl/viewtopic.php?f=3&p=653
http://forum.clash.y0.pl/viewtopic.php?f=3&p=664&t=3,http://forum.clash.y0.pl/viewtopic.php?f=3&t=3&p=664&sid=f75d7838fe56b8f0f94bf6ecff70b1ff,20210423044843,20210423044843,1,text/html,IEJUIVNC3OFWMAPVIE7BWDJ2KNQRUOWK,8251,https://web.archive.org/web/20210423044843id_/http://forum.clash.y0.pl/viewtopic.php?f=3&t=3&p=664&sid=f75d7838fe56b8f0f94bf6ecff70b1ff
http://forum.clash.y0.pl/viewtopic.php?f=3&p=666&t=19,http://forum.clash.y0.pl/viewtopic.php?f=3&t=19&p=666&sid=f75d7838fe56b8f0f94bf6ecff70b1ff,20210423042006,20210423042006,1,text/html,KGRSOP3FWUPG7JT2A7WDF3LEULNHQM2R,7185,https://web.archive.org/web/20210423042006id_/http://forum.clash.y0.pl/viewtopic.php?f=3&t=19&p=666&sid=f75d7838fe56b8f0f94bf6ecff70b1ff
http://forum.clash.y0.pl/viewtopic.php?f=3&p=684&t=114,http://forum.clash.y0.pl/viewtopic.php?f=3&t=114&p=684&sid=f75d7838fe56b8f0f94bf6ecff70b1ff,20210423051318,20210423051318,1,text/html,JNLSD5MQG7WIXDIYTXYWISZA73HRAIPM,6997,https://web.archive.org/web/20210423051318id_/http://forum.clash.y0.pl/viewtopic.php?f=3&t=114&p=684&sid=f75d7838fe56b8f0f94bf6ecff70b1ff
http://forum.clash.y0.pl/viewtopic.php?f=3&p=696&t=117,http://forum.clash.y0.pl/viewtopic.php?f=3&t=117&p=696&sid=f75d7838fe56b8f0f94bf6ecff70b1ff,20210423060646,20210423060646,1,text/html,SSVJFD2OYWIPFL6WB35H5ERO34I46IBQ,7445,https://web.archive.org/web/20210423060646id_/http://forum.clash.y0.pl/viewtopic.php?f=3&t=117&p=696&sid=f75d7838fe56b8f0f94bf6ecff70b1ff
http://forum.clash.y0.pl/viewtopic.php?f=3&start=10&t=19,http://forum.clash.y0.pl/viewtopic.php?f=3&t=19&start=10,20191212002145,20191212002145,1,text/html,KALEOYMJNVG6EOYDLQNSWCRCAZNERHQZ,12042,https://web.archive.org/web/20191212002145id_/http://forum.clash.y0.pl/viewtopic.php?f=3&t=19&start=10
http://forum.clash.y0.pl/viewtopic.php?f=3&start=10&t=23,http://forum.clash.y0.pl/viewtopic.php?f=3&t=23&start=10,20191212002111,20191212002111,1,text/html,AX6BFNKM73JR74QPI7ZNNFDJ2VNBL6O7,11293,https://web.archive.org/web/20191212002111id_/http://forum.clash.y0.pl/viewtopic.php?f=3&t=23&start=10
http://forum.clash.y0.pl/viewtopic.php?f=3&start=10&t=3,http://forum.clash.y0.pl/viewtopic.php?f=3&t=3&start=10,20191212001945,20191212001945,1,text/html,YDLBADCDQNFNWCD7MVVPQJ74LU46VN5U,14904,https://web.archive.org/web/20191212001945id_/http://forum.clash.y0.pl/viewtopic.php?f=3&t=3&start=10
http://forum.clash.y0.pl/viewtopic.php?f=3&start=10&t=36,http://forum.clash.y0.pl/viewtopic.php?f=3&t=36&start=10,20191212002408,20191212002408,1,text/html,2MATRAE3EOTVTDIGV5XHMCOONPREAUEQ,11489,https://web.archive.org/web/20191212002408id_/http://forum.clash.y0.pl/viewtopic.php?f=3&t=36&start=10
http://forum.clash.y0.pl/viewtopic.php?f=3&start=10&t=7,http://forum.clash.y0.pl/viewtopic.php?f=3&t=7&start=10,20191212014700,20210514160153,2,text/html,Q6WGP5PYH5BFLBNSEUKK6EQDIPQDXZWU,12011,https://web.archive.org/web/20191212014700id_/http://forum.clash.y0.pl/viewtopic.php?f=3&t=7&start=10
http://forum.clash.y0.pl/viewtopic.php?f=3&start=10&t=7&view=print,http://forum.clash.y0.pl/viewtopic.php?f=3&t=7&start=10&sid=bfb4a9bdd1ee4f5b8c7524bfdd5b8438&view=print,20210514171748,20210514171748,1,text/html,7WZFYMUBJN6OA3SQMTPKFDF7PMW3C5DS,5851,https://web.archive.org/web/20210514171748id_/http://forum.clash.y0.pl/viewtopic.php?f=3&t=7&start=10&sid=bfb4a9bdd1ee4f5b8c7524bfdd5b8438&view=print
http://forum.clash.y0.pl/viewtopic.php?f=3&start=10&t=749,http://forum.clash.y0.pl/viewtopic.php?f=3&t=749&sid=f75d7838fe56b8f0f94bf6ecff70b1ff&start=10,20210423043208,20210423043208,1,text/html,YV2DSTJQY4QOZCBBYCNJCK2FUVQ5S3F3,11866,https://web.archive.org/web/20210423043208id_/http://forum.clash.y0.pl/viewtopic.php?f=3&t=749&sid=f75d7838fe56b8f0f94bf6ecff70b1ff&start=10
http://forum.clash.y0.pl/viewtopic.php?f=3&start=10&t=753,http://forum.clash.y0.pl/viewtopic.php?f=3&t=753&start=10,20200930095646,20200930095646,1,text/html,6C7HZVS3STOA6UHHXIM7M2KOJ5LYBUIP,21975,https://web.archive.org/web/20200930095646id_/http://forum.clash.y0.pl/viewtopic.php?f=3&t=753&start=10
http://forum.clash.y0.pl/viewtopic.php?f=3&start=20&t=19,http://forum.clash.y0.pl/viewtopic.php?f=3&t=19&start=20,20191212002527,20191212002527,1,text/html,GKI6PNMQKTYUTPUDUKVIMBAMEBMXVSGS,11513,https://web.archive.org/web/20191212002527id_/http://forum.clash.y0.pl/viewtopic.php?f=3&t=19&start=20
http://forum.clash.y0.pl/viewtopic.php?f=3&start=20&t=19&view=print,http://forum.clash.y0.pl/viewtopic.php?f=3&t=19&start=20&view=print,20191212003618,20191212003618,1,text/html,SKPYFUSE5K6OYFRWLXDFBZZB2JISWT5A,5557,https://web.archive.org/web/20191212003618id_/http://forum.clash.y0.pl/viewtopic.php?f=3&t=19&start=20&view=print
http://forum.clash.y0.pl/viewtopic.php?f=3&start=20&t=23,http://forum.clash.y0.pl/viewtopic.php?f=3&t=23&start=20,20191212002445,20210514164336,2,text/html,R2UB2HBGLKJZG4SU3M3BB5LQNGBMUNFN,10635,https://web.archive.org/web/20191212002445id_/http://forum.clash.y0.pl/viewtopic.php?f=3&t=23&start=20
http://forum.clash.y0.pl/viewtopic.php?f=3&start=20&t=23&view=print,http://forum.clash.y0.pl/viewtopic.php?f=3&t=23&start=20&sid=b7533a12ca45c4a09adfd8e311b43733&view=print,20210514160050,20210514160050,1,text/html,QRIT6IYVWILUGD7OPNEPM42SSN67XXGC,4393,https://web.archive.org/web/20210514160050id_/http://forum.clash.y0.pl/viewtopic.php?f=3&t=23&start=20&sid=b7533a12ca45c4a09adfd8e311b43733&view=print
http://forum.clash.y0.pl/viewtopic.php?f=3&start=20&t=3,http://forum.clash.y0.pl/viewtopic.php?f=3&t=3&start=20,20191212002222,20191212002222,1,text/html,Z73JOJZ3VBAUBW2I4INXVZASRHPEDEAP,8626,https://web.archive.org/web/20191212002222id_/http://forum.clash.y0.pl/viewtopic.php?f=3&t=3&start=20
http://forum.clash.y0.pl/viewtopic.php?f=3&start=20&t=36,http://forum.clash.y0.pl/viewtopic.php?f=3&t=36&start=20,20191212002711,20191212002711,1,text/html,5KUAWG3EXOPJXTZPXEZ4JQFNHIGMNJM4,9696,https://web.archive.org/web/20191212002711id_/http://forum.clash.y0.pl/viewtopic.php?f=3&t=36&start=20
http://forum.clash.y0.pl/viewtopic.php?f=3&start=20&t=7,http://forum.clash.y0.pl/viewtopic.php?f=3&t=7&start=20,20191212001940,20191212001940,1,text/html,YIX37BEM6KTL4JPYFEIRUFQIFUI2OR6R,11676,https://web.archive.org/web/20191212001940id_/http://forum.clash.y0.pl/viewtopic.php?f=3&t=7&start=20
http://forum.clash.y0.pl/viewtopic.php?f=3&start=20&t=753,http://forum.clash.y0.pl/viewtopic.php?f=3&t=753&start=20,20200930100026,20200930100026,1,text/html,6XOUPZ74M6H27KPIY7LJTNVME2FFHD53,36631,https://web.archive.org/web/20200930100026id_/http://forum.clash.y0.pl/viewtopic.php?f=3&t=753&start=20
http://forum.clash.y0.pl/viewtopic.php?f=3&start=20&t=753&view=print,http://forum.clash.y0.pl/viewtopic.php?f=3&t=753&start=20&view=print,20200930093414,20200930093414,1,text/html,YGSXFMG6WBTGXBABTZ276DZQKCI52VSL,29188,https://web.archive.org/web/20200930093414id_/http://forum.clash.y0.pl/viewtopic.php?f=3&t=753&start=20&view=print
http://forum.clash.y0.pl/viewtopic.php?f=3&start=30&t=19,http://forum.clash.y0.pl/viewtopic.php?f=3&t=19&start=30,20200814020902,20200814020902,1,text/html,XRGVSAF6N7ETDL3XCZ4XVDBRX3XRZPYG,9713,https://web.archive.org/web/20200814020902id_/http://forum.clash.y0.pl/viewtopic.php?f=3&t=19&start=30
http://forum.clash.y0.pl/viewtopic.php?f=3&start=30&t=23,http://forum.clash.y0.pl/viewtopic.php?f=3&t=23&start=30,20191212003330,20191212003330,1,text/html,NDNQ7QYDXNDGGT2GUVCUKSECG2GWERL4,9705,https://web.archive.org/web/20191212003330id_/http://forum.clash.y0.pl/viewtopic.php?f=3&t=23&start=30
http://forum.clash.y0.pl/viewtopic.php?f=3&start=30&t=7,http://forum.clash.y0.pl/viewtopic.php?f=3&t=7&start=30,20191212002217,20191212002217,1,text/html,VSUAAHBF4SOO7Q4ZGKFXSB5KD4FRRMFB,11238,https://web.archive.org/web/20191212002217id_/http://forum.clash.y0.pl/viewtopic.php?f=3&t=7&start=30
http://forum.clash.y0.pl/viewtopic.php?f=3&start=30&t=753,http://forum.clash.y0.pl/viewtopic.php?f=3&t=753&start=30,20200930100120,20200930100120,1,text/html,NNXFPBFZYFKCOVUKUHLIGXGRTF3V5IBI,9765,https://web.archive.org/web/20200930100120id_/http://forum.clash.y0.pl/viewtopic.php?f=3&t=753&start=30
http://forum.clash.y0.pl/viewtopic.php?f=3&start=40&t=19,http://forum.clash.y0.pl/viewtopic.php?f=3&t=19&start=40,20200814022227,20200814022227,1,text/html,77YN7KH3RJW7NLXQI7U6I2OHBRCMSJSU,7133,https://web.archive.org/web/20200814022227id_/http://forum.clash.y0.pl/viewtopic.php?f=3&t=19&start=40
http://forum.clash.y0.pl/viewtopic.php?f=3&start=40&t=23,http://forum.clash.y0.pl/viewtopic.php?f=3&t=23&sid=f75d7838fe56b8f0f94bf6ecff70b1ff&start=40,20210423041631,20210514163621,2,text/html,3GM2H26JSNIBXUGAPJQ5UASYSKGT2M5W,9217,https://web.archive.org/web/20210423041631id_/http://forum.clash.y0.pl/viewtopic.php?f=3&t=23&sid=f75d7838fe56b8f0f94bf6ecff70b1ff&start=40
http://forum.clash.y0.pl/viewtopic.php?f=3&start=40&t=23&view=print,http://forum.clash.y0.pl/viewtopic.php?f=3&t=23&start=40&sid=8988bfff0df5526858a134d3099d5c02&view=print,20210514154517,20210514154517,1,text/html,MJ3D2LZB74PZG6GU25XNTQEJZX5RVKFB,3573,https://web.archive.org/web/20210514154517id_/http://forum.clash.y0.pl/viewtopic.php?f=3&t=23&start=40&sid=8988bfff0df5526858a134d3099d5c02&view=print
http://forum.clash.y0.pl/viewtopic.php?f=3&t=111,http://forum.clash.y0.pl/viewtopic.php?f=3&t=111,20191212002150,20210423050913,2,text/html,3363GGJF3HHGU4BKZYONB2P623GL3ZEE,13339,https://web.archive.org/web/20191212002150id_/http://forum.clash.y0.pl/viewtopic.php?f=3&t=111
http://forum.clash.y0.pl/viewtopic.php?f=3&t=114,http://forum.clash.y0.pl/viewtopic.php?f=3&t=114&sid=f75d7838fe56b8f0f94bf6ecff70b1ff,20210423043125,20210423043125,1,text/html,IWVPOJVQT6YDPJIPJV5DXLNNUGVXTFFK,6988,https://web.archive.org/web/20210423043125id_/http://forum.clash.y0.pl/viewtopic.php?f=3&t=114&sid=f75d7838fe56b8f0f94bf6ecff70b1ff
http://forum.clash.y0.pl/viewtopic.php?f=3&t=117,http://forum.clash.y0.pl/viewtopic.php?f=3&t=117&sid=f75d7838fe56b8f0f94bf6ecff70b1ff,20210423055257,20231129052055,2,text/html,VP3YRLUJHUFRIUHUVURPQ25AIO6XDIXA,7428,https://web.archive.org/web/20210423055257id_/http://forum.clash.y0.pl/viewtopic.php?f=3&t=117&sid=f75d7838fe56b8f0f94bf6ecff70b1ff
http://forum.clash.y0.pl/viewtopic.php?f=3&t=18,http://forum.clash.y0.pl/viewtopic.php?f=3&t=18,20191212004535,20210423045214,2,text/html,EC6E7D6ROTBEJTLUPZ6H7CQFFJSO6DCW,10400,https://web.archive.org/web/20191212004535id_/http://forum.clash.y0.pl/viewtopic.php?f=3&t=18
http://forum.clash.y0.pl/viewtopic.php?f=3&t=19,http://forum.clash.y0.pl/viewtopic.php?f=3&t=19,20191212015016,20210423054916,2,text/html,ZFPCAI5S6F2PQ23765TS7JSC2SXR4OUP,10769,https://web.archive.org/web/20191212015016id_/http://forum.clash.y0.pl/viewtopic.php?f=3&t=19
http://forum.clash.y0.pl/viewtopic.php?f=3&t=20,http://forum.clash.y0.pl/viewtopic.php?f=3&t=20,20191212005315,20210423045812,2,text/html,IEWP6LAWBDS33XT7XUYD7IYJXAPVTI5W,7294,https://web.archive.org/web/20191212005315id_/http://forum.clash.y0.pl/viewtopic.php?f=3&t=20
http://forum.clash.y0.pl/viewtopic.php?f=3&t=23,http://forum.clash.y0.pl/viewtopic.php?f=3&t=23,20191212014614,20210423054613,2,text/html,YJQGMBJKYI7EGBM4TZT7NWG4PBUFHWLF,10657,https://web.archive.org/web/20191212014614id_/http://forum.clash.y0.pl/viewtopic.php?f=3&t=23
http://forum.clash.y0.pl/viewtopic.php?f=3&t=24,http://forum.clash.y0.pl/viewtopic.php?f=3&t=24,20191212003027,20210423043730,2,text/html,CHEOD5IXUHAZLN7Q546BBM7C4MN763KG,7955,https://web.archive.org/web/20191212003027id_/http://forum.clash.y0.pl/viewtopic.php?f=3&t=24
http://forum.clash.y0.pl/viewtopic.php?f=3&t=3,http://forum.clash.y0.pl/viewtopic.php?f=3&t=3,20191212004330,20210423054840,2,text/html,EIAQUDDRSMELXW6JEI4KOS4KC5X24WDQ,16187,https://web.archive.org/web/20191212004330id_/http://forum.clash.y0.pl/viewtopic.php?f=3&t=3
http://forum.clash.y0.pl/viewtopic.php?f=3&t=35,http://forum.clash.y0.pl/viewtopic.php?f=3&t=35,20191212005546,20210423050057,2,text/html,H4C5OBBR4HKSFGFNK6QK2TUQ226NBSXA,7744,https://web.archive.org/web/20191212005546id_/http://forum.clash.y0.pl/viewtopic.php?f=3&t=35
http://forum.clash.y0.pl/viewtopic.php?f=3&t=36,http://forum.clash.y0.pl/viewtopic.php?f=3&t=36,20191212001917,20210423055838,2,text/html,5QVXIORBY5XU62VSL7F7JNDLRFGMXDJT,12908,https://web.archive.org/web/20191212001917id_/http://forum.clash.y0.pl/viewtopic.php?f=3&t=36
http://forum.clash.y0.pl/viewtopic.php?f=3&t=7,http://forum.clash.y0.pl/viewtopic.php?f=3&t=7,20191212002928,20210423053614,2,text/html,ZCSP22JZ5LTD3CXFWFLSKCWBUCFZCYKQ,9937,https://web.archive.org/web/20191212002928id_/http://forum.clash.y0.pl/viewtopic.php?f=3&t=7
http://forum.clash.y0.pl/viewtopic.php?f=3&t=748,http://forum.clash.y0.pl/viewtopic.php?f=3&t=748,20231129051357,20231129051357,1,text/html,LPIFTGPMXL57IA4EUTZ46SFA4SR75OMS,13409,https://web.archive.org/web/20231129051357id_/http://forum.clash.y0.pl/viewtopic.php?f=3&t=748
http://forum.clash.y0.pl/viewtopic.php?f=3&t=749,http://forum.clash.y0.pl/viewtopic.php?f=3&t=749&sid=f75d7838fe56b8f0f94bf6ecff70b1ff,20210423041432,20231129054525,2,text/html,JHPEIOWNH42IO25YZLDID56Y2C6Z2L5N,12321,https://web.archive.org/web/20210423041432id_/http://forum.clash.y0.pl/viewtopic.php?f=3&t=749&sid=f75d7838fe56b8f0f94bf6ecff70b1ff
http://forum.clash.y0.pl/viewtopic.php?f=3&t=753,http://forum.clash.y0.pl/viewtopic.php?f=3&t=753,20200930101348,20210423042746,2,text/html,LC6UU6O2DHVWELR4QFIY3I5X4YVOGIJD,16171,https://web.archive.org/web/20200930101348id_/http://forum.clash.y0.pl/viewtopic.php?f=3&t=753
http://forum.clash.y0.pl/viewtopic.php?f=4&p=1502&t=748,http://forum.clash.y0.pl/viewtopic.php?f=4&t=748&p=1502&sid=f75d7838fe56b8f0f94bf6ecff70b1ff,20210423042620,20210423042620,1,text/html,6OVFXMOLKHOUGUVH5PQCSQQ4MR62V7VR,9100,https://web.archive.org/web/20210423042620id_/http://forum.clash.y0.pl/viewtopic.php?f=4&t=748&p=1502&sid=f75d7838fe56b8f0f94bf6ecff70b1ff
http://forum.clash.y0.pl/viewtopic.php?f=4&start=10&t=748,http://forum.clash.y0.pl/viewtopic.php?f=4&t=748&sid=f75d7838fe56b8f0f94bf6ecff70b1ff&start=10,20210423060908,20210423060908,1,text/html,RC56ZGT2ZN6AN3ZIPRQGRHZ37INEOFQV,11519,https://web.archive.org/web/20210423060908id_/http://forum.clash.y0.pl/viewtopic.php?f=4&t=748&sid=f75d7838fe56b8f0f94bf6ecff70b1ff&start=10
http://forum.clash.y0.pl/viewtopic.php?f=4&start=20&t=748,http://forum.clash.y0.pl/viewtopic.php?f=4&t=748&sid=f75d7838fe56b8f0f94bf6ecff70b1ff&start=20,20210423055648,20210423055648,1,text/html,W4SOU46U7PSPQUTFDQIMAQBI4DKZZUBX,9093,https://web.archive.org/web/20210423055648id_/http://forum.clash.y0.pl/viewtopic.php?f=4&t=748&sid=f75d7838fe56b8f0f94bf6ecff70b1ff&start=20
http://forum.clash.y0.pl/viewtopic.php?f=4&t=748,http://forum.clash.y0.pl/viewtopic.php?f=4&t=748&sid=f75d7838fe56b8f0f94bf6ecff70b1ff,20210423055030,20210423055030,1,text/html,LPUAODBQGKSOLWCNPGU4TIGI3ACICZDT,13397,https://web.archive.org/web/20210423055030id_/http://forum.clash.y0.pl/viewtopic.php?f=4&t=748&sid=f75d7838fe56b8f0f94bf6ecff70b1ff
http://forum.clash.y0.pl/viewtopic.php?p=124,http://forum.clash.y0.pl/viewtopic.php?p=124&sid=bfb4a9bdd1ee4f5b8c7524bfdd5b8438,20210514172201,20210514172201,1,text/html,CMWV4XQZFYXMFGYB7UQ3CZECEXY4TQT5,11667,https://web.archive.org/web/20210514172201id_/http://forum.clash.y0.pl/viewtopic.php?p=124&sid=bfb4a9bdd1ee4f5b8c7524bfdd5b8438
http://forum.clash.y0.pl/viewtopic.php?p=125,http://forum.clash.y0.pl/viewtopic.php?p=125&sid=bfb4a9bdd1ee4f5b8c7524bfdd5b8438,20210514165911,20210514165911,1,text/html,GYPWZRY2HFNCKD3TZILXLHNYHI63AKGI,11672,https://web.archive.org/web/20210514165911id_/http://forum.clash.y0.pl/viewtopic.php?p=125&sid=bfb4a9bdd1ee4f5b8c7524bfdd5b8438
http://forum.clash.y0.pl/viewtopic.php?p=126,http://forum.clash.y0.pl/viewtopic.php?p=126&sid=bfb4a9bdd1ee4f5b8c7524bfdd5b8438,20210514163424,20210514163424,1,text/html,L6LLVDCYCFR7OSYOCLO4ADOFFZTWH2QC,11675,https://web.archive.org/web/20210514163424id_/http://forum.clash.y0.pl/viewtopic.php?p=126&sid=bfb4a9bdd1ee4f5b8c7524bfdd5b8438
http://forum.clash.y0.pl/viewtopic.php?p=127,http://forum.clash.y0.pl/viewtopic.php?p=127&sid=bfb4a9bdd1ee4f5b8c7524bfdd5b8438,20210514155243,20210514155243,1,text/html,YXMSTTEWLCSDT75YYADOY6A7ICEJ6YOJ,11671,https://web.archive.org/web/20210514155243id_/http://forum.clash.y0.pl/viewtopic.php?p=127&sid=bfb4a9bdd1ee4f5b8c7524bfdd5b8438
http://forum.clash.y0.pl/viewtopic.php?p=131,http://forum.clash.y0.pl/viewtopic.php?p=131&sid=bfb4a9bdd1ee4f5b8c7524bfdd5b8438,20210514164452,20210514164452,1,text/html,SQJOM7QCT5G2FKVQBNLK45OA3CKWYZAG,11669,https://web.archive.org/web/20210514164452id_/http://forum.clash.y0.pl/viewtopic.php?p=131&sid=bfb4a9bdd1ee4f5b8c7524bfdd5b8438
http://forum.clash.y0.pl/viewtopic.php?p=132,http://forum.clash.y0.pl/viewtopic.php?p=132&sid=bfb4a9bdd1ee4f5b8c7524bfdd5b8438,20210514161057,20210514161057,1,text/html,IHBJWWQM6PVPLHAQUGFVGQBM5DXSTWKC,11675,https://web.archive.org/web/20210514161057id_/http://forum.clash.y0.pl/viewtopic.php?p=132&sid=bfb4a9bdd1ee4f5b8c7524bfdd5b8438
http://forum.clash.y0.pl/viewtopic.php?p=133,http://forum.clash.y0.pl/viewtopic.php?p=133&sid=bfb4a9bdd1ee4f5b8c7524bfdd5b8438,20210514173748,20210514173748,1,text/html,IBUWGKB7YHMVZXJEZ4G6FCDRJTKF2RJF,11671,https://web.archive.org/web/20210514173748id_/http://forum.clash.y0.pl/viewtopic.php?p=133&sid=bfb4a9bdd1ee4f5b8c7524bfdd5b8438
http://forum.clash.y0.pl/viewtopic.php?p=134,http://forum.clash.y0.pl/viewtopic.php?p=134&sid=bfb4a9bdd1ee4f5b8c7524bfdd5b8438,20210514171109,20210514171109,1,text/html,5KJ4ZUVCYQNBFL6HJIMFBRDN3JP2ZGHN,11667,https://web.archive.org/web/20210514171109id_/http://forum.clash.y0.pl/viewtopic.php?p=134&sid=bfb4a9bdd1ee4f5b8c7524bfdd5b8438
http://forum.clash.y0.pl/viewtopic.php?p=1346&t=747,http://forum.clash.y0.pl/viewtopic.php?t=747&p=1346,20200814024408,20200814024408,1,text/html,GIBISYXNROV4GTXLSZ42CRB3DW32RRRB,7774,https://web.archive.org/web/20200814024408id_/http://forum.clash.y0.pl/viewtopic.php?t=747&p=1346
http://forum.clash.y0.pl/viewtopic.php?p=135,http://forum.clash.y0.pl/viewtopic.php?p=135&sid=bfb4a9bdd1ee4f5b8c7524bfdd5b8438,20210514164958,20210514164958,1,text/html,AEM6QGAPX6L5V44BGH7PLEXG7IAUFJJV,11675,https://web.archive.org/web/20210514164958id_/http://forum.clash.y0.pl/viewtopic.php?p=135&sid=bfb4a9bdd1ee4f5b8c7524bfdd5b8438
http://forum.clash.y0.pl/viewtopic.php?p=1350&t=748,http://forum.clash.y0.pl/viewtopic.php?t=748&p=1350,20200814025807,20200814025807,1,text/html,X524OXIWZ2UKYGIZPNPURMYTKWYTFCXH,13322,https://web.archive.org/web/20200814025807id_/http://forum.clash.y0.pl/viewtopic.php?t=748&p=1350
http://forum.clash.y0.pl/viewtopic.php?p=136,http://forum.clash.y0.pl/viewtopic.php?p=136&sid=bfb4a9bdd1ee4f5b8c7524bfdd5b8438,20210514161843,20210514161843,1,text/html,MXLGI2HNTOK2D35J53GRF5AJIBW5QPU7,11669,https://web.archive.org/web/20210514161843id_/http://forum.clash.y0.pl/viewtopic.php?p=136&sid=bfb4a9bdd1ee4f5b8c7524bfdd5b8438
http://forum.clash.y0.pl/viewtopic.php?p=1367,http://forum.clash.y0.pl/viewtopic.php?p=1367&sid=8988bfff0df5526858a134d3099d5c02,20210514160605,20210514160605,1,text/html,GNMCV2EXGSDNNMK36JOXA7JZYEQ3KTQJ,9200,https://web.archive.org/web/20210514160605id_/http://forum.clash.y0.pl/viewtopic.php?p=1367&sid=8988bfff0df5526858a134d3099d5c02
http://forum.clash.y0.pl/viewtopic.php?p=1368,http://forum.clash.y0.pl/viewtopic.php?p=1368&sid=8988bfff0df5526858a134d3099d5c02,20210514171524,20210514171524,1,text/html,ZEV6QWHVLBRWPB3KJO4PQ4WET7F74DTG,9206,https://web.archive.org/web/20210514171524id_/http://forum.clash.y0.pl/viewtopic.php?p=1368&sid=8988bfff0df5526858a134d3099d5c02
http://forum.clash.y0.pl/viewtopic.php?p=1373,http://forum.clash.y0.pl/viewtopic.php?p=1373&sid=8988bfff0df5526858a134d3099d5c02,20210514165309,20210514165309,1,text/html,YYW2YNGDPN7ZW6HB6ERIAORGVO4FPN54,9204,https://web.archive.org/web/20210514165309id_/http://forum.clash.y0.pl/viewtopic.php?p=1373&sid=8988bfff0df5526858a134d3099d5c02
http://forum.clash.y0.pl/viewtopic.php?p=1374,http://forum.clash.y0.pl/viewtopic.php?p=1374&sid=8988bfff0df5526858a134d3099d5c02,20210514155446,20210514155446,1,text/html,CZART6P6AFXC66YREXRNKJGQ4UYY3DEV,9208,https://web.archive.org/web/20210514155446id_/http://forum.clash.y0.pl/viewtopic.php?p=1374&sid=8988bfff0df5526858a134d3099d5c02
http://forum.clash.y0.pl/viewtopic.php?p=1375,http://forum.clash.y0.pl/viewtopic.php?p=1375&sid=8988bfff0df5526858a134d3099d5c02,20210514171145,20210514171145,1,text/html,FZ3VTKFR5NSYJTNXROWYN3IGH23RBHQ6,9211,https://web.archive.org/web/20210514171145id_/http://forum.clash.y0.pl/viewtopic.php?p=1375&sid=8988bfff0df5526858a134d3099d5c02
http://forum.clash.y0.pl/viewtopic.php?p=1377,http://forum.clash.y0.pl/viewtopic.php?p=1377&sid=d02d4cf7b1ff50dd75555b1edc556ce9,20240614101439,20240614101439,1,text/html,U6OLJIIDJY7H2MDZ4KWKR3NJKXC5RDSS,12058,https://web.archive.org/web/20240614101439id_/http://forum.clash.y0.pl/viewtopic.php?p=1377&sid=d02d4cf7b1ff50dd75555b1edc556ce9
http://forum.clash.y0.pl/viewtopic.php?p=1377&t=749,http://forum.clash.y0.pl/viewtopic.php?t=749&p=1377,20200814020358,20200814020358,1,text/html,NVBXWRX2CJIKMWHW52VBZ7GZGDYVXXLG,12238,https://web.archive.org/web/20200814020358id_/http://forum.clash.y0.pl/viewtopic.php?t=749&p=1377
http://forum.clash.y0.pl/viewtopic.php?p=1379,http://forum.clash.y0.pl/viewtopic.php?p=1379&sid=8988bfff0df5526858a134d3099d5c02,20210514155952,20210514155952,1,text/html,AXHP7TQSO4TPFTBBAPW4WQSURXCWVDDW,9200,https://web.archive.org/web/20210514155952id_/http://forum.clash.y0.pl/viewtopic.php?p=1379&sid=8988bfff0df5526858a134d3099d5c02
http://forum.clash.y0.pl/viewtopic.php?p=1380,http://forum.clash.y0.pl/viewtopic.php?p=1380&sid=c20b76a3e3e2da6fb08623b37092bcad,20240624055141,20240624055141,1,text/html,RR4MWDYI3GR2DWVNDCIFPTFZBPVC4UKI,12961,https://web.archive.org/web/20240624055141id_/http://forum.clash.y0.pl/viewtopic.php?p=1380&sid=c20b76a3e3e2da6fb08623b37092bcad
http://forum.clash.y0.pl/viewtopic.php?p=1381,http://forum.clash.y0.pl/viewtopic.php?p=1381&sid=8988bfff0df5526858a134d3099d5c02,20210514153943,20210514153943,1,text/html,ST4HY7YQLENF6M7QFPW735V6XHIIU5H5,9201,https://web.archive.org/web/20210514153943id_/http://forum.clash.y0.pl/viewtopic.php?p=1381&sid=8988bfff0df5526858a134d3099d5c02
http://forum.clash.y0.pl/viewtopic.php?p=1382,http://forum.clash.y0.pl/viewtopic.php?p=1382&sid=d02d4cf7b1ff50dd75555b1edc556ce9,20240614062619,20240614062619,1,text/html,XBYHQ6MEPUMG6R54PCZUOYEGPZUZ6BIT,12055,https://web.archive.org/web/20240614062619id_/http://forum.clash.y0.pl/viewtopic.php?p=1382&sid=d02d4cf7b1ff50dd75555b1edc556ce9
http://forum.clash.y0.pl/viewtopic.php?p=1383,http://forum.clash.y0.pl/viewtopic.php?p=1383&sid=d02d4cf7b1ff50dd75555b1edc556ce9,20240614052729,20240614052729,1,text/html,J5SFKSFZ4XKINVKWHJQBQEI4E5MRESC3,12058,https://web.archive.org/web/20240614052729id_/http://forum.clash.y0.pl/viewtopic.php?p=1383&sid=d02d4cf7b1ff50dd75555b1edc556ce9
http://forum.clash.y0.pl/viewtopic.php?p=1384,http://forum.clash.y0.pl/viewtopic.php?p=1384&sid=d02d4cf7b1ff50dd75555b1edc556ce9,20240620101029,20240620101029,1,text/html,XINJXDG4O7YQS6IWJMDK3RA3AXR3MOX7,12063,https://web.archive.org/web/20240620101029id_/http://forum.clash.y0.pl/viewtopic.php?p=1384&sid=d02d4cf7b1ff50dd75555b1edc556ce9
http://forum.clash.y0.pl/viewtopic.php?p=1387,http://forum.clash.y0.pl/viewtopic.php?p=1387&sid=d02d4cf7b1ff50dd75555b1edc556ce9,20240614093903,20240614093903,1,text/html,SL6275DFSQXW426ASNZG2IKIFXNLQYO2,12054,https://web.archive.org/web/20240614093903id_/http://forum.clash.y0.pl/viewtopic.php?p=1387&sid=d02d4cf7b1ff50dd75555b1edc556ce9
http://forum.clash.y0.pl/viewtopic.php?p=1390,http://forum.clash.y0.pl/viewtopic.php?p=1390&sid=d02d4cf7b1ff50dd75555b1edc556ce9,20240621071429,20240621071429,1,text/html,IVERK2UE6KWY7T7YZ5ZQ4P2P4CODKML3,12054,https://web.archive.org/web/20240621071429id_/http://forum.clash.y0.pl/viewtopic.php?p=1390&sid=d02d4cf7b1ff50dd75555b1edc556ce9
http://forum.clash.y0.pl/viewtopic.php?p=1391,http://forum.clash.y0.pl/viewtopic.php?p=1391&sid=d02d4cf7b1ff50dd75555b1edc556ce9,20240614095923,20240614095923,1,text/html,IQFPIXB27OEHTI2EWK5GHE3PIIAGV6DI,12059,https://web.archive.org/web/20240614095923id_/http://forum.clash.y0.pl/viewtopic.php?p=1391&sid=d02d4cf7b1ff50dd75555b1edc556ce9
http://forum.clash.y0.pl/viewtopic.php?p=1397&t=750,http://forum.clash.y0.pl/viewtopic.php?t=750&p=1397,20200814015910,20200814015910,1,text/html,NTVBF5ALXY4JBIVHOLF3DVZ4XXYVAMFX,10089,https://web.archive.org/web/20200814015910id_/http://forum.clash.y0.pl/viewtopic.php?t=750&p=1397
http://forum.clash.y0.pl/viewtopic.php?p=1399,http://forum.clash.y0.pl/viewtopic.php?p=1399&sid=d02d4cf7b1ff50dd75555b1edc556ce9,20240614093516,20240614093516,1,text/html,BQC7BV45ZGS56UNYW2IHUXPY7BWUVMVB,12058,https://web.archive.org/web/20240614093516id_/http://forum.clash.y0.pl/viewtopic.php?p=1399&sid=d02d4cf7b1ff50dd75555b1edc556ce9
http://forum.clash.y0.pl/viewtopic.php?p=1400,http://forum.clash.y0.pl/viewtopic.php?p=1400&sid=d02d4cf7b1ff50dd75555b1edc556ce9,20240614083936,20240614083936,1,text/html,W6ZCVNK5ECUTPFV4PKY33OAKJFKOFFOJ,12062,https://web.archive.org/web/20240614083936id_/http://forum.clash.y0.pl/viewtopic.php?p=1400&sid=d02d4cf7b1ff50dd75555b1edc556ce9
http://forum.clash.y0.pl/viewtopic.php?p=1402,http://forum.clash.y0.pl/viewtopic.php?p=1402&sid=d02d4cf7b1ff50dd75555b1edc556ce9,20240620090828,20240620090828,1,text/html,KRFMFAJBB3N5PS6SAJ3NJUHUNN6UJIML,12051,https://web.archive.org/web/20240620090828id_/http://forum.clash.y0.pl/viewtopic.php?p=1402&sid=d02d4cf7b1ff50dd75555b1edc556ce9
http://forum.clash.y0.pl/viewtopic.php?p=1424,http://forum.clash.y0.pl/viewtopic.php?p=1424&sid=126c9991e96ea479a6b2185133120d61,20240624073508,20240624073508,1,text/html,TBNCFFDN6MG6SLUZZ2TBHTLMCDEOKS5P,16594,https://web.archive.org/web/20240624073508id_/http://forum.clash.y0.pl/viewtopic.php?p=1424&sid=126c9991e96ea479a6b2185133120d61
http://forum.clash.y0.pl/viewtopic.php?p=1424&t=753,http://forum.clash.y0.pl/viewtopic.php?t=753&p=1424,20200814014614,20200814014614,1,text/html,ODCTAMQYKOEVD736X2UIM6ZEWA3JQFGS,16123,https://web.archive.org/web/20200814014614id_/http://forum.clash.y0.pl/viewtopic.php?t=753&p=1424
http://forum.clash.y0.pl/viewtopic.php?p=1425,http://forum.clash.y0.pl/viewtopic.php?p=1425&sid=126c9991e96ea479a6b2185133120d61,20240614084857,20240614084857,1,text/html,ZJ25OL5LHUUZONH63PB72VPPQBO5ZJWH,16595,https://web.archive.org/web/20240614084857id_/http://forum.clash.y0.pl/viewtopic.php?p=1425&sid=126c9991e96ea479a6b2185133120d61
http://forum.clash.y0.pl/viewtopic.php?p=1426,http://forum.clash.y0.pl/viewtopic.php?p=1426&sid=b8166bff977d78e99fd278daa33c1862,20240624061356,20240624061356,1,text/html,QLKZCDHPJ2NMERR6BMGVCDWLYGPH53T5,16596,https://web.archive.org/web/20240624061356id_/http://forum.clash.y0.pl/viewtopic.php?p=1426&sid=b8166bff977d78e99fd278daa33c1862
http://forum.clash.y0.pl/viewtopic.php?p=1427,http://forum.clash.y0.pl/viewtopic.php?p=1427,20200930101727,20240624071448,2,text/html,VTQDFCETTLWHJR3XSUG3M6F4ILKIS453,16172,https://web.archive.org/web/20200930101727id_/http://forum.clash.y0.pl/viewtopic.php?p=1427
http://forum.clash.y0.pl/viewtopic.php?p=1428,http://forum.clash.y0.pl/viewtopic.php?p=1428,20200930093633,20240624061318,2,text/html,3HRFNGXF5AR7MPCLLXURCSJNGP4S7QN4,16163,https://web.archive.org/web/20200930093633id_/http://forum.clash.y0.pl/viewtopic.php?p=1428
http://forum.clash.y0.pl/viewtopic.php?p=1429,http://forum.clash.y0.pl/viewtopic.php?p=1429&sid=b8166bff977d78e99fd278daa33c1862,20240624053813,20240624053813,1,text/html,D3ORG262V7IWYTZSSWPMSXS5MGGYWVXI,16593,https://web.archive.org/web/20240624053813id_/http://forum.clash.y0.pl/viewtopic.php?p=1429&sid=b8166bff977d78e99fd278daa33c1862
http://forum.clash.y0.pl/viewtopic.php?p=1430,http://forum.clash.y0.pl/viewtopic.php?p=1430&sid=126c9991e96ea479a6b2185133120d61,20240624060255,20240624060255,1,text/html,5OWS2VXR3O6KRS3VW6TFOVPQRHYSEGO2,16597,https://web.archive.org/web/20240624060255id_/http://forum.clash.y0.pl/viewtopic.php?p=1430&sid=126c9991e96ea479a6b2185133120d61
http://forum.clash.y0.pl/viewtopic.php?p=1431,http://forum.clash.y0.pl/viewtopic.php?p=1431&sid=126c9991e96ea479a6b2185133120d61,20240624072816,20240624072816,1,text/html,WLNZYSP6LZCKBUFACCKCYWS2DNG5MZNF,16593,https://web.archive.org/web/20240624072816id_/http://forum.clash.y0.pl/viewtopic.php?p=1431&sid=126c9991e96ea479a6b2185133120d61
http://forum.clash.y0.pl/viewtopic.php?p=1433,http://forum.clash.y0.pl/viewtopic.php?p=1433&sid=126c9991e96ea479a6b2185133120d61,20240614101256,20240614101256,1,text/html,LESWVM5QWZIAJV2JAK4IEUVHJOJCXQIP,16597,https://web.archive.org/web/20240614101256id_/http://forum.clash.y0.pl/viewtopic.php?p=1433&sid=126c9991e96ea479a6b2185133120d61
http://forum.clash.y0.pl/viewtopic.php?p=1434,http://forum.clash.y0.pl/viewtopic.php?p=1434&sid=126c9991e96ea479a6b2185133120d61,20240624065812,20240624065812,1,text/html,5JCHHGIEA3FRY4H7DTLBYRWOQTZYP3B4,16591,https://web.archive.org/web/20240624065812id_/http://forum.clash.y0.pl/viewtopic.php?p=1434&sid=126c9991e96ea479a6b2185133120d61
http://forum.clash.y0.pl/viewtopic.php?p=1439,http://forum.clash.y0.pl/viewtopic.php?p=1439&sid=58e13061ee0c15c58aa0955630b877d7,20240619005017,20240619005017,1,text/html,KB76CUCVYCUJDZBF2YPJOKAWO7RCJY4K,22286,https://web.archive.org/web/20240619005017id_/http://forum.clash.y0.pl/viewtopic.php?p=1439&sid=58e13061ee0c15c58aa0955630b877d7
http://forum.clash.y0.pl/viewtopic.php?p=1444,http://forum.clash.y0.pl/viewtopic.php?p=1444,20200930094917,20200930094917,1,text/html,KZ7KACRRWDLINYGLDUW3T2AYKABWAVZZ,21957,https://web.archive.org/web/20200930094917id_/http://forum.clash.y0.pl/viewtopic.php?p=1444
http://forum.clash.y0.pl/viewtopic.php?p=1445,http://forum.clash.y0.pl/viewtopic.php?p=1445,20200930083535,20200930083535,1,text/html,LE5NJ6ADL6AUS6TYSGGHYTO2ZJXDYABL,36608,https://web.archive.org/web/20200930083535id_/http://forum.clash.y0.pl/viewtopic.php?p=1445
http://forum.clash.y0.pl/viewtopic.php?p=1446,http://forum.clash.y0.pl/viewtopic.php?p=1446,20200930101048,20200930101048,1,text/html,VL6VUYAGTYQWY2GV65DVTXIRVILQKQFO,36615,https://web.archive.org/web/20200930101048id_/http://forum.clash.y0.pl/viewtopic.php?p=1446
http://forum.clash.y0.pl/viewtopic.php?p=1447,http://forum.clash.y0.pl/viewtopic.php?p=1447,20200930092258,20200930092258,1,text/html,TAB5JKVABCUOEBJZVBJ3TYZO4FGQT75Y,36618,https://web.archive.org/web/20200930092258id_/http://forum.clash.y0.pl/viewtopic.php?p=1447
http://forum.clash.y0.pl/viewtopic.php?p=1448,http://forum.clash.y0.pl/viewtopic.php?p=1448,20200930103945,20200930103945,1,text/html,NTONEQX4ERNKMHIOKKDH63C3SIQ5LYFW,36613,https://web.archive.org/web/20200930103945id_/http://forum.clash.y0.pl/viewtopic.php?p=1448
http://forum.clash.y0.pl/viewtopic.php?p=1449,http://forum.clash.y0.pl/viewtopic.php?p=1449&sid=761a5e1b050f16e72b599d40fac2af02,20240521044314,20240521044314,1,text/html,LWF5WTZIH5TRYKTHFOQOE3YKHETZDGHU,11674,https://web.archive.org/web/20240521044314id_/http://forum.clash.y0.pl/viewtopic.php?p=1449&sid=761a5e1b050f16e72b599d40fac2af02
http://forum.clash.y0.pl/viewtopic.php?p=1451,http://forum.clash.y0.pl/viewtopic.php?p=1451,20200930094314,20200930094314,1,text/html,6UM3AO5L45IWPG4YXAGZNJGVSOH5AAHG,36609,https://web.archive.org/web/20200930094314id_/http://forum.clash.y0.pl/viewtopic.php?p=1451
http://forum.clash.y0.pl/viewtopic.php?p=1451&t=753,http://forum.clash.y0.pl/viewtopic.php?t=753&p=1451,20200814015058,20200814015058,1,text/html,2EW5LLT6THPM474SAZQYSODKJCQTXL7P,36452,https://web.archive.org/web/20200814015058id_/http://forum.clash.y0.pl/viewtopic.php?t=753&p=1451
http://forum.clash.y0.pl/viewtopic.php?p=1453,http://forum.clash.y0.pl/viewtopic.php?p=1453&sid=761a5e1b050f16e72b599d40fac2af02,20240521045708,20240521045708,1,text/html,DXANBXFTDJFXNFFX2VBELCMUNPC4R7WF,11612,https://web.archive.org/web/20240521045708id_/http://forum.clash.y0.pl/viewtopic.php?p=1453&sid=761a5e1b050f16e72b599d40fac2af02
http://forum.clash.y0.pl/viewtopic.php?p=1453&t=36,http://forum.clash.y0.pl/viewtopic.php?t=36&p=1453,20200814015719,20200814015719,1,text/html,WE2C5EDK2XLQ4MXUAZOZ4GPAMFSXQJMW,11690,https://web.archive.org/web/20200814015719id_/http://forum.clash.y0.pl/viewtopic.php?t=36&p=1453
http://forum.clash.y0.pl/viewtopic.php?p=1454,http://forum.clash.y0.pl/viewtopic.php?p=1454&sid=76cbc0bf46a9b004d2dbbc61b46a0ffc,20240422125527,20240422125527,1,text/html,7LIO5QTWSRYLBMIEU5EZ2MWDTHYCKVW6,11675,https://web.archive.org/web/20240422125527id_/http://forum.clash.y0.pl/viewtopic.php?p=1454&sid=76cbc0bf46a9b004d2dbbc61b46a0ffc
http://forum.clash.y0.pl/viewtopic.php?p=1454&t=36,http://forum.clash.y0.pl/viewtopic.php?t=36&p=1454,20200814015308,20200814015308,1,text/html,JAGTLHWLR32MDUKUDRNXK3PKGHXNQF5Z,11695,https://web.archive.org/web/20200814015308id_/http://forum.clash.y0.pl/viewtopic.php?t=36&p=1454
http://forum.clash.y0.pl/viewtopic.php?p=1459,http://forum.clash.y0.pl/viewtopic.php?p=1459,20200930091851,20200930091851,1,text/html,KF6PEMMTGEN5AWTC2WPF3ZMWXJLG6XT6,36612,https://web.archive.org/web/20200930091851id_/http://forum.clash.y0.pl/viewtopic.php?p=1459
http://forum.clash.y0.pl/viewtopic.php?p=1459&t=753,http://forum.clash.y0.pl/viewtopic.php?t=753&p=1459,20200814020102,20200814020102,1,text/html,QX4Y2BAWO2APQHY5SCRYKIGK7TKHIQKR,36451,https://web.archive.org/web/20200814020102id_/http://forum.clash.y0.pl/viewtopic.php?t=753&p=1459
http://forum.clash.y0.pl/viewtopic.php?p=1460,http://forum.clash.y0.pl/viewtopic.php?p=1460,20200930095740,20240615144753,2,text/html,CWDLJEFBHUNXMDFKVLQOMDADKEUEF3K6,36607,https://web.archive.org/web/20200930095740id_/http://forum.clash.y0.pl/viewtopic.php?p=1460
http://forum.clash.y0.pl/viewtopic.php?p=1460&t=753,http://forum.clash.y0.pl/viewtopic.php?t=753&p=1460,20200814030144,20200814030144,1,text/html,JRYREHFUYXW53G57ROL62GBQNZC23IUO,36452,https://web.archive.org/web/20200814030144id_/http://forum.clash.y0.pl/viewtopic.php?t=753&p=1460
http://forum.clash.y0.pl/viewtopic.php?p=1461,http://forum.clash.y0.pl/viewtopic.php?p=1461,20200930090913,20200930090913,1,text/html,4N5DOT7QQ3A45KLWVJWZBSKPF5LTV2BG,36602,https://web.archive.org/web/20200930090913id_/http://forum.clash.y0.pl/viewtopic.php?p=1461
http://forum.clash.y0.pl/viewtopic.php?p=1461&t=753,http://forum.clash.y0.pl/viewtopic.php?t=753&p=1461,20200814014506,20200814014506,1,text/html,KUJ3OOFN6HR4JER3A5ULJLX2MJHTGJXT,36457,https://web.archive.org/web/20200814014506id_/http://forum.clash.y0.pl/viewtopic.php?t=753&p=1461
http://forum.clash.y0.pl/viewtopic.php?p=1464,http://forum.clash.y0.pl/viewtopic.php?p=1464,20200930080758,20200930080758,1,text/html,PYORPO3HCKDCE3S4UKEL3CW2CT75MARH,36609,https://web.archive.org/web/20200930080758id_/http://forum.clash.y0.pl/viewtopic.php?p=1464
http://forum.clash.y0.pl/viewtopic.php?p=1464&t=753,http://forum.clash.y0.pl/viewtopic.php?t=753&p=1464,20200814030922,20200814030922,1,text/html,LHKLF4FOKMUOZYH5LQUAWCXXYN7P45NG,36457,https://web.archive.org/web/20200814030922id_/http://forum.clash.y0.pl/viewtopic.php?t=753&p=1464
http://forum.clash.y0.pl/viewtopic.php?p=1465,http://forum.clash.y0.pl/viewtopic.php?p=1465,20200930100352,20200930100352,1,text/html,FLPMT3NKB5IWPLUPLDRLZTXCFJVUSVH6,36614,https://web.archive.org/web/20200930100352id_/http://forum.clash.y0.pl/viewtopic.php?p=1465
http://forum.clash.y0.pl/viewtopic.php?p=1465&t=753,http://forum.clash.y0.pl/viewtopic.php?t=753&p=1465,20200814014956,20200814014956,1,text/html,O64H6YFHYFD7OSCVEGB23ZLPQ7RQYT5U,36455,https://web.archive.org/web/20200814014956id_/http://forum.clash.y0.pl/viewtopic.php?t=753&p=1465
http://forum.clash.y0.pl/viewtopic.php?p=1466&t=753,http://forum.clash.y0.pl/viewtopic.php?t=753&p=1466,20200814021135,20200814021135,1,text/html,TTBHC6T54GSHG3ZCDTPF7XI76AB4LCI7,9753,https://web.archive.org/web/20200814021135id_/http://forum.clash.y0.pl/viewtopic.php?t=753&p=1466
http://forum.clash.y0.pl/viewtopic.php?p=1467&t=753,http://forum.clash.y0.pl/viewtopic.php?t=753&p=1467,20200814024345,20200814024345,1,text/html,GBWYNJFQH2HJCNKBW2UOQJRH3TWCYCUC,9760,https://web.archive.org/web/20200814024345id_/http://forum.clash.y0.pl/viewtopic.php?t=753&p=1467
http://forum.clash.y0.pl/viewtopic.php?p=1469,http://forum.clash.y0.pl/viewtopic.php?p=1469&sid=bda0433e02a40db3eddf5d2572ced247,20240615133313,20240615133313,1,text/html,BAG3OKDZXT57E56KL73EK7PL3HYHJSDS,7437,https://web.archive.org/web/20240615133313id_/http://forum.clash.y0.pl/viewtopic.php?p=1469&sid=bda0433e02a40db3eddf5d2572ced247
http://forum.clash.y0.pl/viewtopic.php?p=1470,http://forum.clash.y0.pl/viewtopic.php?p=1470&sid=bda0433e02a40db3eddf5d2572ced247,20240615141251,20240615141251,1,text/html,EVIPZA632GJXJGU2KXCKBTYMT3XEHDTP,7728,https://web.archive.org/web/20240615141251id_/http://forum.clash.y0.pl/viewtopic.php?p=1470&sid=bda0433e02a40db3eddf5d2572ced247
http://forum.clash.y0.pl/viewtopic.php?p=1476,http://forum.clash.y0.pl/viewtopic.php?p=1476,20200930105342,20200930105342,1,text/html,5CXTZSZZZZXEPJTT254XSOFDBN5WGQEP,7716,https://web.archive.org/web/20200930105342id_/http://forum.clash.y0.pl/viewtopic.php?p=1476
http://forum.clash.y0.pl/viewtopic.php?p=1478,http://forum.clash.y0.pl/viewtopic.php?p=1478,20200930090533,20210924233150,2,text/html,RVFHWCQV6P7AY63GIVICTPZGUW2CSAM2,10140,https://web.archive.org/web/20200930090533id_/http://forum.clash.y0.pl/viewtopic.php?p=1478
http://forum.clash.y0.pl/viewtopic.php?p=1479,http://forum.clash.y0.pl/viewtopic.php?p=1479,20200930102022,20210925004653,2,text/html,N4AJVWKQWT7MKKLIVK7ELETUQ7JENWPB,10137,https://web.archive.org/web/20200930102022id_/http://forum.clash.y0.pl/viewtopic.php?p=1479
http://forum.clash.y0.pl/viewtopic.php?p=1480,http://forum.clash.y0.pl/viewtopic.php?p=1480,20200930084334,20210924232158,2,text/html,3ACWYIGNS4ZFCYPI6QJXZREVKWFTAHV7,10138,https://web.archive.org/web/20200930084334id_/http://forum.clash.y0.pl/viewtopic.php?p=1480
http://forum.clash.y0.pl/viewtopic.php?p=1481,http://forum.clash.y0.pl/viewtopic.php?p=1481,20200930101304,20210925003837,2,text/html,33PX3447ZNX7OJAUZWAH3O4YMMKJH57S,10136,https://web.archive.org/web/20200930101304id_/http://forum.clash.y0.pl/viewtopic.php?p=1481
http://forum.clash.y0.pl/viewtopic.php?p=1481&t=9,http://forum.clash.y0.pl/viewtopic.php?t=9&p=1481,20200814025026,20200814025026,1,text/html,VSCY7PQKXM6Z2KU4IUXDLOMK46UH5OIM,10118,https://web.archive.org/web/20200814025026id_/http://forum.clash.y0.pl/viewtopic.php?t=9&p=1481
http://forum.clash.y0.pl/viewtopic.php?p=1482,http://forum.clash.y0.pl/viewtopic.php?p=1482,20200930092809,20210924234526,2,text/html,GJUEFXSNGP3Z6SVNCWQ4JBILZUO6BUR5,10148,https://web.archive.org/web/20200930092809id_/http://forum.clash.y0.pl/viewtopic.php?p=1482
http://forum.clash.y0.pl/viewtopic.php?p=1482&t=9,http://forum.clash.y0.pl/viewtopic.php?t=9&p=1482,20200814025005,20200814025005,1,text/html,VJNGKMSCEMQRYATXE2XLU3Q25XGP2BGN,10116,https://web.archive.org/web/20200814025005id_/http://forum.clash.y0.pl/viewtopic.php?t=9&p=1482
http://forum.clash.y0.pl/viewtopic.php?p=1483,http://forum.clash.y0.pl/viewtopic.php?p=1483,20200930104440,20210925010448,2,text/html,6Y6LDC7FYJ25BUG6IPUD2GTA7GZQP7VV,10146,https://web.archive.org/web/20200930104440id_/http://forum.clash.y0.pl/viewtopic.php?p=1483
http://forum.clash.y0.pl/viewtopic.php?p=1483&t=9,http://forum.clash.y0.pl/viewtopic.php?t=9&p=1483,20200814024944,20200814024944,1,text/html,TMGJD4IF2I455HOKGHVEIYRU26U4KA7W,10116,https://web.archive.org/web/20200814024944id_/http://forum.clash.y0.pl/viewtopic.php?t=9&p=1483
http://forum.clash.y0.pl/viewtopic.php?p=1484&t=9,http://forum.clash.y0.pl/viewtopic.php?t=9&p=1484,20200814024924,20200814024924,1,text/html,2SH623RHOUI7N2BTXTVXRKKPJOKYB6Y3,8220,https://web.archive.org/web/20200814024924id_/http://forum.clash.y0.pl/viewtopic.php?t=9&p=1484
http://forum.clash.y0.pl/viewtopic.php?p=1485&t=753,http://forum.clash.y0.pl/viewtopic.php?t=753&p=1485,20200814014051,20200814014051,1,text/html,UBULIKIEMYB4NLQCN5SGBAOES6PNJSOF,9763,https://web.archive.org/web/20200814014051id_/http://forum.clash.y0.pl/viewtopic.php?t=753&p=1485
http://forum.clash.y0.pl/viewtopic.php?p=1486&t=753,http://forum.clash.y0.pl/viewtopic.php?t=753&p=1486,20200814020450,20200814020450,1,text/html,5ZHZLQMZW35456F3MD46RG3FWCRXZN2Z,9761,https://web.archive.org/web/20200814020450id_/http://forum.clash.y0.pl/viewtopic.php?t=753&p=1486
http://forum.clash.y0.pl/viewtopic.php?p=1487&t=9,http://forum.clash.y0.pl/viewtopic.php?t=9&p=1487,20200814024844,20200814024844,1,text/html,YSHBIOUWBUUVC4CGTKM3K73NSGQBIMXZ,8220,https://web.archive.org/web/20200814024844id_/http://forum.clash.y0.pl/viewtopic.php?t=9&p=1487
http://forum.clash.y0.pl/viewtopic.php?p=1489&t=9,http://forum.clash.y0.pl/viewtopic.php?t=9&p=1489,20200814024823,20200814024823,1,text/html,7TORMD2J7VJSPWIWX42DZRXRPW2JRY7D,8216,https://web.archive.org/web/20200814024823id_/http://forum.clash.y0.pl/viewtopic.php?t=9&p=1489
http://forum.clash.y0.pl/viewtopic.php?p=1490&t=30,http://forum.clash.y0.pl/viewtopic.php?t=30&p=1490,20200814013215,20200814013215,1,text/html,G7ADU7ZIAJRCRD2OC6PKSQEA4BDDI3CR,12055,https://web.archive.org/web/20200814013215id_/http://forum.clash.y0.pl/viewtopic.php?t=30&p=1490
http://forum.clash.y0.pl/viewtopic.php?p=1491&t=750,http://forum.clash.y0.pl/viewtopic.php?t=750&p=1491,20200814023854,20200814023854,1,text/html,NZRBCRS7NXXU3ORCQZRSN7TTA2CXY3WI,10090,https://web.archive.org/web/20200814023854id_/http://forum.clash.y0.pl/viewtopic.php?t=750&p=1491
http://forum.clash.y0.pl/viewtopic.php?p=1492&t=4,http://forum.clash.y0.pl/viewtopic.php?t=4&p=1492,20200814025923,20200814025923,1,text/html,PZPF3UGNSCBLSI7FFMRHBDV2FK26FILA,7430,https://web.archive.org/web/20200814025923id_/http://forum.clash.y0.pl/viewtopic.php?t=4&p=1492
http://forum.clash.y0.pl/viewtopic.php?p=1493&t=30,http://forum.clash.y0.pl/viewtopic.php?t=30&p=1493,20200814030246,20200814030246,1,text/html,HH2S5RNGSY27QLASHNNRNXZSUWDRVERG,12060,https://web.archive.org/web/20200814030246id_/http://forum.clash.y0.pl/viewtopic.php?t=30&p=1493
http://forum.clash.y0.pl/viewtopic.php?p=1494&t=748,http://forum.clash.y0.pl/viewtopic.php?t=748&p=1494,20200814023714,20200814023714,1,text/html,W6ZIJHR5LXOGL5B5ZHENMS7B6GMIHWML,10680,https://web.archive.org/web/20200814023714id_/http://forum.clash.y0.pl/viewtopic.php?t=748&p=1494
http://forum.clash.y0.pl/viewtopic.php?p=1495,http://forum.clash.y0.pl/viewtopic.php?p=1495&sid=76cbc0bf46a9b004d2dbbc61b46a0ffc,20240422120706,20240422120706,1,text/html,SSCLJMF7RJKV44RAAPJF4UEV6CLSEJLZ,7516,https://web.archive.org/web/20240422120706id_/http://forum.clash.y0.pl/viewtopic.php?p=1495&sid=76cbc0bf46a9b004d2dbbc61b46a0ffc
http://forum.clash.y0.pl/viewtopic.php?p=1495&t=24,http://forum.clash.y0.pl/viewtopic.php?t=24&p=1495,20200814020207,20200814020207,1,text/html,YSTEOZ7OR2MN74ZFGW5T4J7XGZAB4P7M,7486,https://web.archive.org/web/20200814020207id_/http://forum.clash.y0.pl/viewtopic.php?t=24&p=1495
http://forum.clash.y0.pl/viewtopic.php?p=1496&t=748,http://forum.clash.y0.pl/viewtopic.php?t=748&p=1496,20200814015209,20200814015209,1,text/html,BCEBUQGNQCNLTWWK4YCR7X7PXUGVE6C6,10681,https://web.archive.org/web/20200814015209id_/http://forum.clash.y0.pl/viewtopic.php?t=748&p=1496
http://forum.clash.y0.pl/viewtopic.php?p=150,http://forum.clash.y0.pl/viewtopic.php?p=150&sid=72217aa2ac3dc063d0b91e5b4f50c5cc,20240620080947,20240620080947,1,text/html,BQHZQK2TXRNQJL7Y4OD2B3VEUQNF5QWC,10186,https://web.archive.org/web/20240620080947id_/http://forum.clash.y0.pl/viewtopic.php?p=150&sid=72217aa2ac3dc063d0b91e5b4f50c5cc
http://forum.clash.y0.pl/viewtopic.php?p=1503,http://forum.clash.y0.pl/viewtopic.php?p=1503&sid=dc53ab951c1474591cd4ab1978167fbc,20210925003718,20210925003718,1,text/html,VMNRAAONQUPZVP4QH2NTENU7UO6PD5RJ,11124,https://web.archive.org/web/20210925003718id_/http://forum.clash.y0.pl/viewtopic.php?p=1503&sid=dc53ab951c1474591cd4ab1978167fbc
http://forum.clash.y0.pl/viewtopic.php?p=1505,http://forum.clash.y0.pl/viewtopic.php?p=1505&sid=dc53ab951c1474591cd4ab1978167fbc,20210925010255,20210925010255,1,text/html,3XSEIT7LLWIRQSC3GDJTYP4YK3UXT54W,11121,https://web.archive.org/web/20210925010255id_/http://forum.clash.y0.pl/viewtopic.php?p=1505&sid=dc53ab951c1474591cd4ab1978167fbc
http://forum.clash.y0.pl/viewtopic.php?p=151,http://forum.clash.y0.pl/viewtopic.php?p=151&sid=72217aa2ac3dc063d0b91e5b4f50c5cc,20240614064450,20240614064450,1,text/html,W7LAYQBEVBUS6E46R66HVJGNVNWRK7NA,10186,https://web.archive.org/web/20240614064450id_/http://forum.clash.y0.pl/viewtopic.php?p=151&sid=72217aa2ac3dc063d0b91e5b4f50c5cc
http://forum.clash.y0.pl/viewtopic.php?p=1510,http://forum.clash.y0.pl/viewtopic.php?p=1510&sid=dc53ab951c1474591cd4ab1978167fbc,20210925003055,20210925003055,1,text/html,Z2HNNRVJGZF3EESG4H5MH5Y6RL3HCRHH,11126,https://web.archive.org/web/20210925003055id_/http://forum.clash.y0.pl/viewtopic.php?p=1510&sid=dc53ab951c1474591cd4ab1978167fbc
http://forum.clash.y0.pl/viewtopic.php?p=1519,http://forum.clash.y0.pl/viewtopic.php?p=1519&sid=2dc53cf41a301bc1628debd6f66b307f,20240911165852,20240911165852,1,text/html,BIFM2FT7BKW2ND4DDFR4SZKN2YHTJOUZ,12558,https://web.archive.org/web/20240911165852id_/http://forum.clash.y0.pl/viewtopic.php?p=1519&sid=2dc53cf41a301bc1628debd6f66b307f
http://forum.clash.y0.pl/viewtopic.php?p=152,http://forum.clash.y0.pl/viewtopic.php?p=152&sid=72217aa2ac3dc063d0b91e5b4f50c5cc,20240620093042,20240620093042,1,text/html,BGRJUQVCZJ5MYHQQ5X6DPRWYNJPBXGX5,10179,https://web.archive.org/web/20240620093042id_/http://forum.clash.y0.pl/viewtopic.php?p=152&sid=72217aa2ac3dc063d0b91e5b4f50c5cc
http://forum.clash.y0.pl/viewtopic.php?p=1525,http://forum.clash.y0.pl/viewtopic.php?p=1525&sid=5e4f71c44dfc52e45713ed95d2fadf58,20240908165240,20240908165240,1,text/html,ZPQIYXEX5VDLLZLOTIYF25NMNM7KHN4S,12564,https://web.archive.org/web/20240908165240id_/http://forum.clash.y0.pl/viewtopic.php?p=1525&sid=5e4f71c44dfc52e45713ed95d2fadf58
http://forum.clash.y0.pl/viewtopic.php?p=1528,http://forum.clash.y0.pl/viewtopic.php?p=1528&sid=85f13b86c50af75cb93e0fcafcee35da,20240908152606,20240908152606,1,text/html,ZSXAAEQAUSYMQYHBN575VDZ4YQK5SZVH,12558,https://web.archive.org/web/20240908152606id_/http://forum.clash.y0.pl/viewtopic.php?p=1528&sid=85f13b86c50af75cb93e0fcafcee35da
http://forum.clash.y0.pl/viewtopic.php?p=1529,http://forum.clash.y0.pl/viewtopic.php?p=1529&sid=475585355aa7e8f8683e83a33b6d6415,20240908170306,20240908170306,1,text/html,S4JDKVUGXIY4SPM5W6URG4MNBH4OHV2M,12471,https://web.archive.org/web/20240908170306id_/http://forum.clash.y0.pl/viewtopic.php?p=1529&sid=475585355aa7e8f8683e83a33b6d6415
http://forum.clash.y0.pl/viewtopic.php?p=1530,http://forum.clash.y0.pl/viewtopic.php?p=1530&sid=37c4d65967e45c72f525bb3a101a8ec4,20240908154540,20240908154540,1,text/html,HJ3PTTBTPP3EJ43S7WDYPGY2QNIBGKD4,12467,https://web.archive.org/web/20240908154540id_/http://forum.clash.y0.pl/viewtopic.php?p=1530&sid=37c4d65967e45c72f525bb3a101a8ec4
http://forum.clash.y0.pl/viewtopic.php?p=1532,http://forum.clash.y0.pl/viewtopic.php?p=1532&sid=37c4d65967e45c72f525bb3a101a8ec4,20240908161151,20240908161151,1,text/html,43IZLT55KYBZCYPRNYLHVNUZJFFZBPYV,12477,https://web.archive.org/web/20240908161151id_/http://forum.clash.y0.pl/viewtopic.php?p=1532&sid=37c4d65967e45c72f525bb3a101a8ec4
http://forum.clash.y0.pl/viewtopic.php?p=1534,http://forum.clash.y0.pl/viewtopic.php?p=1534&sid=bda0433e02a40db3eddf5d2572ced247,20240615145129,20240615145129,1,text/html,PTAJYJBZ32LUD6Z5IHYH6VKKUXTF3RIE,10042,https://web.archive.org/web/20240615145129id_/http://forum.clash.y0.pl/viewtopic.php?p=1534&sid=bda0433e02a40db3eddf5d2572ced247
http://forum.clash.y0.pl/viewtopic.php?p=1535,http://forum.clash.y0.pl/viewtopic.php?p=1535&sid=85f13b86c50af75cb93e0fcafcee35da,20240908151551,20240908151551,1,text/html,DIQZKGXFK465NXPUOID6RYBO6YSFPYUP,12477,https://web.archive.org/web/20240908151551id_/http://forum.clash.y0.pl/viewtopic.php?p=1535&sid=85f13b86c50af75cb93e0fcafcee35da
http://forum.clash.y0.pl/viewtopic.php?p=1538,http://forum.clash.y0.pl/viewtopic.php?p=1538&sid=37c4d65967e45c72f525bb3a101a8ec4,20240908152821,20240908152821,1,text/html,XNVO7KMIDFM2JQXJD7TMSUMVYVMQZXW6,12475,https://web.archive.org/web/20240908152821id_/http://forum.clash.y0.pl/viewtopic.php?p=1538&sid=37c4d65967e45c72f525bb3a101a8ec4
http://forum.clash.y0.pl/viewtopic.php?p=1539,http://forum.clash.y0.pl/viewtopic.php?p=1539&sid=bda0433e02a40db3eddf5d2572ced247,20240615145342,20240615145342,1,text/html,GLT6NVI22JDIJ74CGSZPHYWL4J3PM6WN,10039,https://web.archive.org/web/20240615145342id_/http://forum.clash.y0.pl/viewtopic.php?p=1539&sid=bda0433e02a40db3eddf5d2572ced247
http://forum.clash.y0.pl/viewtopic.php?p=1542,http://forum.clash.y0.pl/viewtopic.php?p=1542&sid=76cbc0bf46a9b004d2dbbc61b46a0ffc,20240422124351,20240422124351,1,text/html,7JHKM3GFZN2NXQIZIUTFUJ3XNTHXW6DM,10337,https://web.archive.org/web/20240422124351id_/http://forum.clash.y0.pl/viewtopic.php?p=1542&sid=76cbc0bf46a9b004d2dbbc61b46a0ffc
http://forum.clash.y0.pl/viewtopic.php?p=1550,http://forum.clash.y0.pl/viewtopic.php?p=1550&sid=dc0eea1b54ed1b71e8abc3a9cbdaa552,20240618155233,20240618155233,1,text/html,PYX5QXZLVRB5FUCVG7JSHYJSU4LWVISG,13828,https://web.archive.org/web/20240618155233id_/http://forum.clash.y0.pl/viewtopic.php?p=1550&sid=dc0eea1b54ed1b71e8abc3a9cbdaa552
http://forum.clash.y0.pl/viewtopic.php?p=1551,http://forum.clash.y0.pl/viewtopic.php?p=1551&sid=afea8e0f1c381e3aebf4d5bdb3c25994,20240618145004,20240618145004,1,text/html,MXDEIYBEBFWIMWZU4MPWNOCNWDLAZHWM,13829,https://web.archive.org/web/20240618145004id_/http://forum.clash.y0.pl/viewtopic.php?p=1551&sid=afea8e0f1c381e3aebf4d5bdb3c25994
http://forum.clash.y0.pl/viewtopic.php?p=1552,http://forum.clash.y0.pl/viewtopic.php?p=1552&sid=dc0eea1b54ed1b71e8abc3a9cbdaa552,20240618161721,20240618161721,1,text/html,M6ZB6ZWWA3W3JA6TRWAZ5XFUN6RCJYNV,13832,https://web.archive.org/web/20240618161721id_/http://forum.clash.y0.pl/viewtopic.php?p=1552&sid=dc0eea1b54ed1b71e8abc3a9cbdaa552
http://forum.clash.y0.pl/viewtopic.php?p=1553,http://forum.clash.y0.pl/viewtopic.php?p=1553&sid=afea8e0f1c381e3aebf4d5bdb3c25994,20240618151848,20240618151848,1,text/html,4XGXRSP2YNUOPF7REJUI47FQQ6KSWNWF,13824,https://web.archive.org/web/20240618151848id_/http://forum.clash.y0.pl/viewtopic.php?p=1553&sid=afea8e0f1c381e3aebf4d5bdb3c25994
http://forum.clash.y0.pl/viewtopic.php?p=1554,http://forum.clash.y0.pl/viewtopic.php?p=1554&sid=dc0eea1b54ed1b71e8abc3a9cbdaa552,20240618142355,20240618142355,1,text/html,RKHNR2TLFBTIKUVDWVYJLVVUVDRBPTGQ,13827,https://web.archive.org/web/20240618142355id_/http://forum.clash.y0.pl/viewtopic.php?p=1554&sid=dc0eea1b54ed1b71e8abc3a9cbdaa552
http://forum.clash.y0.pl/viewtopic.php?p=1555,http://forum.clash.y0.pl/viewtopic.php?p=1555&sid=afea8e0f1c381e3aebf4d5bdb3c25994,20240618155150,20240618155150,1,text/html,YEZ77C4EKF45E4HKMPUQTVO3V4NQUHS2,13831,https://web.archive.org/web/20240618155150id_/http://forum.clash.y0.pl/viewtopic.php?p=1555&sid=afea8e0f1c381e3aebf4d5bdb3c25994
http://forum.clash.y0.pl/viewtopic.php?p=1556,http://forum.clash.y0.pl/viewtopic.php?p=1556&sid=afea8e0f1c381e3aebf4d5bdb3c25994,20240618145328,20240618145328,1,text/html,YHQKSJE5W5RI2EZKLE2K4UQ4WRVUOQZI,13828,https://web.archive.org/web/20240618145328id_/http://forum.clash.y0.pl/viewtopic.php?p=1556&sid=afea8e0f1c381e3aebf4d5bdb3c25994
http://forum.clash.y0.pl/viewtopic.php?p=1557,http://forum.clash.y0.pl/viewtopic.php?p=1557&sid=afea8e0f1c381e3aebf4d5bdb3c25994,20240624074243,20240624074243,1,text/html,ED2LCFYYFWIRMTUHQW5CGHAC65GOF3HA,13835,https://web.archive.org/web/20240624074243id_/http://forum.clash.y0.pl/viewtopic.php?p=1557&sid=afea8e0f1c381e3aebf4d5bdb3c25994
http://forum.clash.y0.pl/viewtopic.php?p=1558,http://forum.clash.y0.pl/viewtopic.php?p=1558&sid=afea8e0f1c381e3aebf4d5bdb3c25994,20240618151954,20240618151954,1,text/html,WJVEROKOJQSSUB4GKOAT5NSW7B4P7GYZ,13827,https://web.archive.org/web/20240618151954id_/http://forum.clash.y0.pl/viewtopic.php?p=1558&sid=afea8e0f1c381e3aebf4d5bdb3c25994
http://forum.clash.y0.pl/viewtopic.php?p=1559,http://forum.clash.y0.pl/viewtopic.php?p=1559&sid=500e00cb5d19104148e07f5f33cc23f8,20240521033240,20240521033240,1,text/html,WXGIQ5JNSUJFZWH25ICFWPSVYRWPEN3K,14144,https://web.archive.org/web/20240521033240id_/http://forum.clash.y0.pl/viewtopic.php?p=1559&sid=500e00cb5d19104148e07f5f33cc23f8
http://forum.clash.y0.pl/viewtopic.php?p=1560,http://forum.clash.y0.pl/viewtopic.php?p=1560&sid=76cbc0bf46a9b004d2dbbc61b46a0ffc,20240422132946,20240422132946,1,text/html,EH36LHB6DQ6H7XJ742WRG7WEXOJJJS3Q,6624,https://web.archive.org/web/20240422132946id_/http://forum.clash.y0.pl/viewtopic.php?p=1560&sid=76cbc0bf46a9b004d2dbbc61b46a0ffc
http://forum.clash.y0.pl/viewtopic.php?p=157,http://forum.clash.y0.pl/viewtopic.php?p=157&sid=72217aa2ac3dc063d0b91e5b4f50c5cc,20240620085557,20240620085557,1,text/html,67XPBHSYSSO2HYW3CM5ODG57TIHNGZZK,10185,https://web.archive.org/web/20240620085557id_/http://forum.clash.y0.pl/viewtopic.php?p=157&sid=72217aa2ac3dc063d0b91e5b4f50c5cc
http://forum.clash.y0.pl/viewtopic.php?p=1582,http://forum.clash.y0.pl/viewtopic.php?p=1582&sid=799407f88ae273e9b7bab554894ee2c1,20240527183731,20240527183731,1,text/html,JEUHYDSVWVNPEWIM4QU5KHJIEVAKLSBE,13194,https://web.archive.org/web/20240527183731id_/http://forum.clash.y0.pl/viewtopic.php?p=1582&sid=799407f88ae273e9b7bab554894ee2c1
http://forum.clash.y0.pl/viewtopic.php?p=1583,http://forum.clash.y0.pl/viewtopic.php?p=1583&sid=799407f88ae273e9b7bab554894ee2c1,20240527195141,20240527195141,1,text/html,QZ4MZQ75EK5576DUYJ5ELWCRBHRANWQI,10536,https://web.archive.org/web/20240527195141id_/http://forum.clash.y0.pl/viewtopic.php?p=1583&sid=799407f88ae273e9b7bab554894ee2c1
http://forum.clash.y0.pl/viewtopic.php?p=1584,http://forum.clash.y0.pl/viewtopic.php?p=1584&sid=799407f88ae273e9b7bab554894ee2c1,20240527190206,20240527190206,1,text/html,E6LWXKDAANDUGGARL4CWER6GLZSAM5AK,10546,https://web.archive.org/web/20240527190206id_/http://forum.clash.y0.pl/viewtopic.php?p=1584&sid=799407f88ae273e9b7bab554894ee2c1
http://forum.clash.y0.pl/viewtopic.php?p=1585,http://forum.clash.y0.pl/viewtopic.php?p=1585&sid=799407f88ae273e9b7bab554894ee2c1,20240527181222,20240527181222,1,text/html,YQOELXSGFPD77U2BPAULDEXMVABEHEI5,10545,https://web.archive.org/web/20240527181222id_/http://forum.clash.y0.pl/viewtopic.php?p=1585&sid=799407f88ae273e9b7bab554894ee2c1
http://forum.clash.y0.pl/viewtopic.php?p=1586,http://forum.clash.y0.pl/viewtopic.php?p=1586&sid=799407f88ae273e9b7bab554894ee2c1,20240527192703,20240527192703,1,text/html,PHEKD53CO5FBBIW3WLTJZMNJ6PMI3ALM,10542,https://web.archive.org/web/20240527192703id_/http://forum.clash.y0.pl/viewtopic.php?p=1586&sid=799407f88ae273e9b7bab554894ee2c1
http://forum.clash.y0.pl/viewtopic.php?p=1587,http://forum.clash.y0.pl/viewtopic.php?p=1587&sid=799407f88ae273e9b7bab554894ee2c1,20240527184030,20240527184030,1,text/html,3BOALBSX7ZQUAW7MRN4QQRYZNMBUQ53T,10544,https://web.archive.org/web/20240527184030id_/http://forum.clash.y0.pl/viewtopic.php?p=1587&sid=799407f88ae273e9b7bab554894ee2c1
http://forum.clash.y0.pl/viewtopic.php?p=1591,http://forum.clash.y0.pl/viewtopic.php?p=1591&sid=799407f88ae273e9b7bab554894ee2c1,20240527185803,20240527185803,1,text/html,VLCEDYJ7UFO355T7OZYOB7PSAICY2DVZ,10542,https://web.archive.org/web/20240527185803id_/http://forum.clash.y0.pl/viewtopic.php?p=1591&sid=799407f88ae273e9b7bab554894ee2c1
http://forum.clash.y0.pl/viewtopic.php?p=1603,http://forum.clash.y0.pl/viewtopic.php?p=1603&sid=e023a287118c5eda9d4366727597a8af,20240527193447,20240527193447,1,text/html,T3ZYHL4OBGIPDB4FHPS56D7TY25XZHD6,14540,https://web.archive.org/web/20240527193447id_/http://forum.clash.y0.pl/viewtopic.php?p=1603&sid=e023a287118c5eda9d4366727597a8af
http://forum.clash.y0.pl/viewtopic.php?p=1604,http://forum.clash.y0.pl/viewtopic.php?p=1604&sid=e023a287118c5eda9d4366727597a8af,20240527184553,20240527184553,1,text/html,MG3K3VV3CBYQG2UWKCL3RJM7WJTUP6ZM,18080,https://web.archive.org/web/20240527184553id_/http://forum.clash.y0.pl/viewtopic.php?p=1604&sid=e023a287118c5eda9d4366727597a8af
http://forum.clash.y0.pl/viewtopic.php?p=1605,http://forum.clash.y0.pl/viewtopic.php?p=1605&sid=e023a287118c5eda9d4366727597a8af,20240519183625,20240519183625,1,text/html,FTDRNBHFKVYT6FU3VSWFEWW4CAS4YYWX,18084,https://web.archive.org/web/20240519183625id_/http://forum.clash.y0.pl/viewtopic.php?p=1605&sid=e023a287118c5eda9d4366727597a8af
http://forum.clash.y0.pl/viewtopic.php?p=1606,http://forum.clash.y0.pl/viewtopic.php?p=1606&sid=e023a287118c5eda9d4366727597a8af,20240527190820,20240527190820,1,text/html,LTIWEJVS42J6COAWSXHXG6QCHDODINC7,18088,https://web.archive.org/web/20240527190820id_/http://forum.clash.y0.pl/viewtopic.php?p=1606&sid=e023a287118c5eda9d4366727597a8af
http://forum.clash.y0.pl/viewtopic.php?p=1607,http://forum.clash.y0.pl/viewtopic.php?p=1607&sid=e023a287118c5eda9d4366727597a8af,20240519164859,20240519164859,1,text/html,YBTN7ZMST6SLYVIS3L23BKKJPVMVHB7H,18027,https://web.archive.org/web/20240519164859id_/http://forum.clash.y0.pl/viewtopic.php?p=1607&sid=e023a287118c5eda9d4366727597a8af
http://forum.clash.y0.pl/viewtopic.php?p=1608,http://forum.clash.y0.pl/viewtopic.php?p=1608&sid=e023a287118c5eda9d4366727597a8af,20240519181328,20240519181328,1,text/html,JCBGGJZW4KMZJW2WYY3EL7FPZ3FPYI55,18078,https://web.archive.org/web/20240519181328id_/http://forum.clash.y0.pl/viewtopic.php?p=1608&sid=e023a287118c5eda9d4366727597a8af
http://forum.clash.y0.pl/viewtopic.php?p=1609,http://forum.clash.y0.pl/viewtopic.php?p=1609&sid=e023a287118c5eda9d4366727597a8af,20240519171954,20240519171954,1,text/html,R6SR4K3NLWXOBHGCVBG42IAVYVHFHUK5,18079,https://web.archive.org/web/20240519171954id_/http://forum.clash.y0.pl/viewtopic.php?p=1609&sid=e023a287118c5eda9d4366727597a8af
http://forum.clash.y0.pl/viewtopic.php?p=1611,http://forum.clash.y0.pl/viewtopic.php?p=1611&sid=e023a287118c5eda9d4366727597a8af,20240519170942,20240519170942,1,text/html,DPOY73DBUJJ2UWHLAAZKZV2LQGYT7TZQ,18030,https://web.archive.org/web/20240519170942id_/http://forum.clash.y0.pl/viewtopic.php?p=1611&sid=e023a287118c5eda9d4366727597a8af
http://forum.clash.y0.pl/viewtopic.php?p=1630,http://forum.clash.y0.pl/viewtopic.php?p=1630&sid=e023a287118c5eda9d4366727597a8af,20240519165809,20240519165809,1,text/html,Y4IOLFMBRGJ74FB5GXYF4YF33DXNC5TF,18032,https://web.archive.org/web/20240519165809id_/http://forum.clash.y0.pl/viewtopic.php?p=1630&sid=e023a287118c5eda9d4366727597a8af
http://forum.clash.y0.pl/viewtopic.php?p=1631,http://forum.clash.y0.pl/viewtopic.php?p=1631&sid=e023a287118c5eda9d4366727597a8af,20240519181952,20240519181952,1,text/html,PHLZAROOYFHEPL62LXMRRBJOHVUKOCFJ,18078,https://web.archive.org/web/20240519181952id_/http://forum.clash.y0.pl/viewtopic.php?p=1631&sid=e023a287118c5eda9d4366727597a8af
http://forum.clash.y0.pl/viewtopic.php?p=1632,http://forum.clash.y0.pl/viewtopic.php?p=1632&sid=e023a287118c5eda9d4366727597a8af,20240527185730,20240527185730,1,text/html,I543NZZIOKTXDYBRZMPV5O6HGPTQLCWL,18085,https://web.archive.org/web/20240527185730id_/http://forum.clash.y0.pl/viewtopic.php?p=1632&sid=e023a287118c5eda9d4366727597a8af
http://forum.clash.y0.pl/viewtopic.php?p=1633,http://forum.clash.y0.pl/viewtopic.php?p=1633&sid=a2d00e3d56cad43a44dc4e161f61b132,20240622215754,20240622215754,1,text/html,5H4QX2CBS5CUC2XEPMW3KIYVSM3J3P2H,10902,https://web.archive.org/web/20240622215754id_/http://forum.clash.y0.pl/viewtopic.php?p=1633&sid=a2d00e3d56cad43a44dc4e161f61b132
http://forum.clash.y0.pl/viewtopic.php?p=1635,http://forum.clash.y0.pl/viewtopic.php?p=1635&sid=a2d00e3d56cad43a44dc4e161f61b132,20240622222846,20240622222846,1,text/html,3TGUAAQ45IWECBJHYAYJLAJPE63375PG,10910,https://web.archive.org/web/20240622222846id_/http://forum.clash.y0.pl/viewtopic.php?p=1635&sid=a2d00e3d56cad43a44dc4e161f61b132
http://forum.clash.y0.pl/viewtopic.php?p=1636,http://forum.clash.y0.pl/viewtopic.php?p=1636&sid=a2d00e3d56cad43a44dc4e161f61b132,20240622213137,20240622213137,1,text/html,2DYHOB5K6UAZURFJF6YMN7ZI6Y5JPXGH,10905,https://web.archive.org/web/20240622213137id_/http://forum.clash.y0.pl/viewtopic.php?p=1636&sid=a2d00e3d56cad43a44dc4e161f61b132
http://forum.clash.y0.pl/viewtopic.php?p=1637,http://forum.clash.y0.pl/viewtopic.php?p=1637&sid=a2d00e3d56cad43a44dc4e161f61b132,20240622230738,20240622230738,1,text/html,LF2DKIXMPSF5ERZQPTJL2LKNPTKFY64F,10902,https://web.archive.org/web/20240622230738id_/http://forum.clash.y0.pl/viewtopic.php?p=1637&sid=a2d00e3d56cad43a44dc4e161f61b132
http://forum.clash.y0.pl/viewtopic.php?p=1638,http://forum.clash.y0.pl/viewtopic.php?p=1638&sid=a2d00e3d56cad43a44dc4e161f61b132,20240622220238,20240622220238,1,text/html,IPHWW5SWARAASXNI4QYJEXFH5FMU2AZY,10904,https://web.archive.org/web/20240622220238id_/http://forum.clash.y0.pl/viewtopic.php?p=1638&sid=a2d00e3d56cad43a44dc4e161f61b132
http://forum.clash.y0.pl/viewtopic.php?p=1639,http://forum.clash.y0.pl/viewtopic.php?p=1639&sid=76cbc0bf46a9b004d2dbbc61b46a0ffc,20240422133659,20240422133659,1,text/html,EJ2B66MWCDPSUDIMYE3S33O77OUEM7QZ,11428,https://web.archive.org/web/20240422133659id_/http://forum.clash.y0.pl/viewtopic.php?p=1639&sid=76cbc0bf46a9b004d2dbbc61b46a0ffc
http://forum.clash.y0.pl/viewtopic.php?p=1643,http://forum.clash.y0.pl/viewtopic.php?p=1643&sid=76cbc0bf46a9b004d2dbbc61b46a0ffc,20240422135614,20240422135614,1,text/html,AFBB5LBVLNBUU3UNJCVCWGZKTGQWUE2F,9372,https://web.archive.org/web/20240422135614id_/http://forum.clash.y0.pl/viewtopic.php?p=1643&sid=76cbc0bf46a9b004d2dbbc61b46a0ffc
http://forum.clash.y0.pl/viewtopic.php?p=1646,http://forum.clash.y0.pl/viewtopic.php?p=1646&sid=799407f88ae273e9b7bab554894ee2c1,20240527190751,20240527190751,1,text/html,NQKZCON25PCI2JZZQQGEE6ULVEQIMWBH,10546,https://web.archive.org/web/20240527190751id_/http://forum.clash.y0.pl/viewtopic.php?p=1646&sid=799407f88ae273e9b7bab554894ee2c1
http://forum.clash.y0.pl/viewtopic.php?p=1647,http://forum.clash.y0.pl/viewtopic.php?p=1647&sid=799407f88ae273e9b7bab554894ee2c1,20240527182146,20240527182146,1,text/html,G64VKONG5BJS7WG3DDVLEFLQXPHVUH6Q,10546,https://web.archive.org/web/20240527182146id_/http://forum.clash.y0.pl/viewtopic.php?p=1647&sid=799407f88ae273e9b7bab554894ee2c1
http://forum.clash.y0.pl/viewtopic.php?p=1649,http://forum.clash.y0.pl/viewtopic.php?p=1649&sid=76cbc0bf46a9b004d2dbbc61b46a0ffc,20240422130216,20240422130216,1,text/html,JPFX34WPAEORKBPCETLDXNFWU3N7QDJI,10541,https://web.archive.org/web/20240422130216id_/http://forum.clash.y0.pl/viewtopic.php?p=1649&sid=76cbc0bf46a9b004d2dbbc61b46a0ffc
http://forum.clash.y0.pl/viewtopic.php?p=1650,http://forum.clash.y0.pl/viewtopic.php?p=1650&sid=39ae0a1a4e951dbe6ce35af3df5145b3,20240623141044,20240623141044,1,text/html,TAFL7XM63KZNNVQLEFKDCDLEH4NU2DMU,7165,https://web.archive.org/web/20240623141044id_/http://forum.clash.y0.pl/viewtopic.php?p=1650&sid=39ae0a1a4e951dbe6ce35af3df5145b3
http://forum.clash.y0.pl/viewtopic.php?p=1651,http://forum.clash.y0.pl/viewtopic.php?p=1651&sid=39ae0a1a4e951dbe6ce35af3df5145b3,20240623153700,20240623153700,1,text/html,FHSBQ4OFW6WVNBTLUIMAJIRWRUUTT4QN,7164,https://web.archive.org/web/20240623153700id_/http://forum.clash.y0.pl/viewtopic.php?p=1651&sid=39ae0a1a4e951dbe6ce35af3df5145b3
http://forum.clash.y0.pl/viewtopic.php?p=1652,http://forum.clash.y0.pl/viewtopic.php?p=1652&sid=39ae0a1a4e951dbe6ce35af3df5145b3,20240623143429,20240623143429,1,text/html,2ELO4DS7WOHRUHLWOM46FNOMX4ZC4TOG,7162,https://web.archive.org/web/20240623143429id_/http://forum.clash.y0.pl/viewtopic.php?p=1652&sid=39ae0a1a4e951dbe6ce35af3df5145b3
http://forum.clash.y0.pl/viewtopic.php?p=1653,http://forum.clash.y0.pl/viewtopic.php?p=1653&sid=e69d19879901a14aa77f5c456987c177,20240521043113,20240521043113,1,text/html,HSVUJL7CLN6YHBMLME53IGFGJJ2BMHDD,9111,https://web.archive.org/web/20240521043113id_/http://forum.clash.y0.pl/viewtopic.php?p=1653&sid=e69d19879901a14aa77f5c456987c177
http://forum.clash.y0.pl/viewtopic.php?p=1654,http://forum.clash.y0.pl/viewtopic.php?p=1654&sid=e69d19879901a14aa77f5c456987c177,20240521035405,20240521035405,1,text/html,27TG7FUCYBAGHZNZ3RDOJG6GAY7DNI6P,9177,https://web.archive.org/web/20240521035405id_/http://forum.clash.y0.pl/viewtopic.php?p=1654&sid=e69d19879901a14aa77f5c456987c177
http://forum.clash.y0.pl/viewtopic.php?p=1655,http://forum.clash.y0.pl/viewtopic.php?p=1655&sid=fd009a5c3c323343290ddebeae00332d,20240619013517,20240619013517,1,text/html,WLKGA2D4Z4HYKSLYZEGHQAPKONFS55JV,7162,https://web.archive.org/web/20240619013517id_/http://forum.clash.y0.pl/viewtopic.php?p=1655&sid=fd009a5c3c323343290ddebeae00332d
http://forum.clash.y0.pl/viewtopic.php?p=1656,http://forum.clash.y0.pl/viewtopic.php?p=1656&sid=39ae0a1a4e951dbe6ce35af3df5145b3,20240623153804,20240623153804,1,text/html,73TCYJRKGPJHHKR3FDCRXICHKFVAXOZC,7166,https://web.archive.org/web/20240623153804id_/http://forum.clash.y0.pl/viewtopic.php?p=1656&sid=39ae0a1a4e951dbe6ce35af3df5145b3
http://forum.clash.y0.pl/viewtopic.php?p=1657,http://forum.clash.y0.pl/viewtopic.php?p=1657&sid=e69d19879901a14aa77f5c456987c177,20240521032548,20240521032548,1,text/html,B5U2OWD3T4JLCQHBZABEBH46YOFA57IO,9176,https://web.archive.org/web/20240521032548id_/http://forum.clash.y0.pl/viewtopic.php?p=1657&sid=e69d19879901a14aa77f5c456987c177
http://forum.clash.y0.pl/viewtopic.php?p=1658,http://forum.clash.y0.pl/viewtopic.php?p=1658&sid=e69d19879901a14aa77f5c456987c177,20240521043515,20240521043515,1,text/html,XCIELXUZA4UBQWIRTBVFRSIKLNOH7USA,9180,https://web.archive.org/web/20240521043515id_/http://forum.clash.y0.pl/viewtopic.php?p=1658&sid=e69d19879901a14aa77f5c456987c177
http://forum.clash.y0.pl/viewtopic.php?p=1659,http://forum.clash.y0.pl/viewtopic.php?p=1659&sid=e69d19879901a14aa77f5c456987c177,20240521035533,20240521035533,1,text/html,IUKPW7WS4ADUTS7FSYFCNGQQEOEEMQLC,9173,https://web.archive.org/web/20240521035533id_/http://forum.clash.y0.pl/viewtopic.php?p=1659&sid=e69d19879901a14aa77f5c456987c177
http://forum.clash.y0.pl/viewtopic.php?p=1660,http://forum.clash.y0.pl/viewtopic.php?p=1660&sid=e69d19879901a14aa77f5c456987c177,20240521042357,20240521042357,1,text/html,OGBEEBZW65OVKACKIO4GS2FH2RLBT4A5,9112,https://web.archive.org/web/20240521042357id_/http://forum.clash.y0.pl/viewtopic.php?p=1660&sid=e69d19879901a14aa77f5c456987c177
http://forum.clash.y0.pl/viewtopic.php?p=1661,http://forum.clash.y0.pl/viewtopic.php?p=1661&sid=39ae0a1a4e951dbe6ce35af3df5145b3,20240615143305,20240615143305,1,text/html,G6TEXSPW3GNRRX3TLSULEIIJQWME5OWP,10528,https://web.archive.org/web/20240615143305id_/http://forum.clash.y0.pl/viewtopic.php?p=1661&sid=39ae0a1a4e951dbe6ce35af3df5145b3
http://forum.clash.y0.pl/viewtopic.php?p=1662,http://forum.clash.y0.pl/viewtopic.php?p=1662&sid=d2ccbf92460dea3ffb362e89f6712a85,20231129062750,20231129062750,1,text/html,JEUUWVGNK7HNAR2ZBAW6LTBECDFXZWAL,9186,https://web.archive.org/web/20231129062750id_/http://forum.clash.y0.pl/viewtopic.php?p=1662&sid=d2ccbf92460dea3ffb362e89f6712a85
http://forum.clash.y0.pl/viewtopic.php?p=1665,http://forum.clash.y0.pl/viewtopic.php?p=1665&sid=fd009a5c3c323343290ddebeae00332d,20240619005554,20240619005554,1,text/html,YHXF3GCBBYOTGA5HN562BWBWJLV5YXB4,7879,https://web.archive.org/web/20240619005554id_/http://forum.clash.y0.pl/viewtopic.php?p=1665&sid=fd009a5c3c323343290ddebeae00332d
http://forum.clash.y0.pl/viewtopic.php?p=1669,http://forum.clash.y0.pl/viewtopic.php?p=1669&sid=fd009a5c3c323343290ddebeae00332d,20240615145911,20240615145911,1,text/html,5RWMUH5V3EZ2F4TAHW77GHJYSNIEAJEX,7871,https://web.archive.org/web/20240615145911id_/http://forum.clash.y0.pl/viewtopic.php?p=1669&sid=fd009a5c3c323343290ddebeae00332d
http://forum.clash.y0.pl/viewtopic.php?p=1670,http://forum.clash.y0.pl/viewtopic.php?p=1670&sid=fd009a5c3c323343290ddebeae00332d,20240612144120,20240612144120,1,text/html,XQYH2TBQAWDQGXI7HBYTWOE7W26CA5OY,8118,https://web.archive.org/web/20240612144120id_/http://forum.clash.y0.pl/viewtopic.php?p=1670&sid=fd009a5c3c323343290ddebeae00332d
http://forum.clash.y0.pl/viewtopic.php?p=1674,http://forum.clash.y0.pl/viewtopic.php?p=1674&sid=923ca53abb27b311d54a20382799732b,20240615125408,20240615125408,1,text/html,X7XZB26R7YFIK5UFJSJLLIX3GLLFQMHT,10537,https://web.archive.org/web/20240615125408id_/http://forum.clash.y0.pl/viewtopic.php?p=1674&sid=923ca53abb27b311d54a20382799732b
http://forum.clash.y0.pl/viewtopic.php?p=1675,http://forum.clash.y0.pl/viewtopic.php?p=1675&sid=2194288e81900e63b91b50be22b80a84,20240615134558,20240615134558,1,text/html,X3YERNOYKAAQTZD4QCVSQ625PT3S3C5C,6760,https://web.archive.org/web/20240615134558id_/http://forum.clash.y0.pl/viewtopic.php?p=1675&sid=2194288e81900e63b91b50be22b80a84
http://forum.clash.y0.pl/viewtopic.php?p=1677,http://forum.clash.y0.pl/viewtopic.php?p=1677&sid=fd009a5c3c323343290ddebeae00332d,20240619005150,20240619005150,1,text/html,KBE755NVM2KHHZR62NNYU5S3CHWUG3OY,9562,https://web.archive.org/web/20240619005150id_/http://forum.clash.y0.pl/viewtopic.php?p=1677&sid=fd009a5c3c323343290ddebeae00332d
http://forum.clash.y0.pl/viewtopic.php?p=1678,http://forum.clash.y0.pl/viewtopic.php?p=1678&sid=2194288e81900e63b91b50be22b80a84,20240615132459,20240615132459,1,text/html,SGLACART66EDZX5NZYJWFG6QGUYPJ4XH,6760,https://web.archive.org/web/20240615132459id_/http://forum.clash.y0.pl/viewtopic.php?p=1678&sid=2194288e81900e63b91b50be22b80a84
http://forum.clash.y0.pl/viewtopic.php?p=168,http://forum.clash.y0.pl/viewtopic.php?p=168&sid=72217aa2ac3dc063d0b91e5b4f50c5cc,20240614081338,20240614081338,1,text/html,5OGKWUDQRS7JJA75RDCYSTQQXR44B2UV,10185,https://web.archive.org/web/20240614081338id_/http://forum.clash.y0.pl/viewtopic.php?p=168&sid=72217aa2ac3dc063d0b91e5b4f50c5cc
http://forum.clash.y0.pl/viewtopic.php?p=1680,http://forum.clash.y0.pl/viewtopic.php?p=1680&sid=feaa812794741ed285c281cb12bf3714,20240615140103,20240615140103,1,text/html,T7YA2RQ354HABJDOYAGCCZKDMD6XXT7C,17128,https://web.archive.org/web/20240615140103id_/http://forum.clash.y0.pl/viewtopic.php?p=1680&sid=feaa812794741ed285c281cb12bf3714
http://forum.clash.y0.pl/viewtopic.php?p=1681,http://forum.clash.y0.pl/viewtopic.php?p=1681&sid=fd009a5c3c323343290ddebeae00332d,20240612153725,20240612153725,1,text/html,BNEYSSIL2WRTX2YVHYU5J2YWIRGSJCCZ,1114,https://web.archive.org/web/20240612153725id_/http://forum.clash.y0.pl/viewtopic.php?p=1681&sid=fd009a5c3c323343290ddebeae00332d
http://forum.clash.y0.pl/viewtopic.php?p=1682,http://forum.clash.y0.pl/viewtopic.php?p=1682&sid=feaa812794741ed285c281cb12bf3714,20240615143423,20240615143423,1,text/html,7EVTEH5WSE5RCBM2DONL7GLIDTOX3IWG,17121,https://web.archive.org/web/20240615143423id_/http://forum.clash.y0.pl/viewtopic.php?p=1682&sid=feaa812794741ed285c281cb12bf3714
http://forum.clash.y0.pl/viewtopic.php?p=1683,http://forum.clash.y0.pl/viewtopic.php?p=1683&sid=feaa812794741ed285c281cb12bf3714,20240615133626,20240615133626,1,text/html,PFZI3QGSSBUMGTFDY4G3S7NKM6ERZDJI,17128,https://web.archive.org/web/20240615133626id_/http://forum.clash.y0.pl/viewtopic.php?p=1683&sid=feaa812794741ed285c281cb12bf3714
http://forum.clash.y0.pl/viewtopic.php?p=1684,http://forum.clash.y0.pl/viewtopic.php?p=1684&sid=feaa812794741ed285c281cb12bf3714,20240623153415,20240623153415,1,text/html,57JB56A3LL26NBO7KFW4XEPLWHLDYT7B,17129,https://web.archive.org/web/20240623153415id_/http://forum.clash.y0.pl/viewtopic.php?p=1684&sid=feaa812794741ed285c281cb12bf3714
http://forum.clash.y0.pl/viewtopic.php?p=1685,http://forum.clash.y0.pl/viewtopic.php?p=1685&sid=feaa812794741ed285c281cb12bf3714,20240615140350,20240615140350,1,text/html,TP2XXGR5AWDHTRBGMSUOCJFJ7SSVBCF6,17126,https://web.archive.org/web/20240615140350id_/http://forum.clash.y0.pl/viewtopic.php?p=1685&sid=feaa812794741ed285c281cb12bf3714
http://forum.clash.y0.pl/viewtopic.php?p=1686,http://forum.clash.y0.pl/viewtopic.php?p=1686&sid=feaa812794741ed285c281cb12bf3714,20240623134841,20240623134841,1,text/html,TC45WJGT6UQGDIWHPT4ADS6APN2QDV25,17122,https://web.archive.org/web/20240623134841id_/http://forum.clash.y0.pl/viewtopic.php?p=1686&sid=feaa812794741ed285c281cb12bf3714
http://forum.clash.y0.pl/viewtopic.php?p=1687,http://forum.clash.y0.pl/viewtopic.php?p=1687&sid=feaa812794741ed285c281cb12bf3714,20240623151426,20240623151426,1,text/html,LQH436247X6A7LRTLIAT3OHMVWEZSH4U,17126,https://web.archive.org/web/20240623151426id_/http://forum.clash.y0.pl/viewtopic.php?p=1687&sid=feaa812794741ed285c281cb12bf3714
http://forum.clash.y0.pl/viewtopic.php?p=1688,http://forum.clash.y0.pl/viewtopic.php?p=1688&sid=feaa812794741ed285c281cb12bf3714,20240623141011,20240623141011,1,text/html,GOHORA6NLIESVPWVENER6IOSC5ZDKCM2,17126,https://web.archive.org/web/20240623141011id_/http://forum.clash.y0.pl/viewtopic.php?p=1688&sid=feaa812794741ed285c281cb12bf3714
http://forum.clash.y0.pl/viewtopic.php?p=1689,http://forum.clash.y0.pl/viewtopic.php?p=1689&sid=feaa812794741ed285c281cb12bf3714,20240623153553,20240623153553,1,text/html,EGOEANT4OVQYD3I4NBQ3BEACXEEKY7OO,17127,https://web.archive.org/web/20240623153553id_/http://forum.clash.y0.pl/viewtopic.php?p=1689&sid=feaa812794741ed285c281cb12bf3714
http://forum.clash.y0.pl/viewtopic.php?p=1690,http://forum.clash.y0.pl/viewtopic.php?p=1690&sid=fd009a5c3c323343290ddebeae00332d,20240619014004,20240619014004,1,text/html,Y3VQ2NAXBE6LY524GIUFHU636L6RAQIM,9021,https://web.archive.org/web/20240619014004id_/http://forum.clash.y0.pl/viewtopic.php?p=1690&sid=fd009a5c3c323343290ddebeae00332d
http://forum.clash.y0.pl/viewtopic.php?p=1691,http://forum.clash.y0.pl/viewtopic.php?p=1691&sid=feaa812794741ed285c281cb12bf3714,20240623152840,20240623152840,1,text/html,XGFRIBJCSR526ONGPEMHYH6G73NIKOSI,9029,https://web.archive.org/web/20240623152840id_/http://forum.clash.y0.pl/viewtopic.php?p=1691&sid=feaa812794741ed285c281cb12bf3714
http://forum.clash.y0.pl/viewtopic.php?p=1693,http://forum.clash.y0.pl/viewtopic.php?p=1693&sid=d2ccbf92460dea3ffb362e89f6712a85,20231129061329,20231129061329,1,text/html,4SZZEH42XJQ6YX5S3LV3D3ONT5IDWND2,7089,https://web.archive.org/web/20231129061329id_/http://forum.clash.y0.pl/viewtopic.php?p=1693&sid=d2ccbf92460dea3ffb362e89f6712a85
http://forum.clash.y0.pl/viewtopic.php?p=1694,http://forum.clash.y0.pl/viewtopic.php?p=1694&sid=d2ccbf92460dea3ffb362e89f6712a85,20231129052213,20231129052213,1,text/html,LCHYCXH3HT2STGMYU4BTFTEAMBA6AS6V,12481,https://web.archive.org/web/20231129052213id_/http://forum.clash.y0.pl/viewtopic.php?p=1694&sid=d2ccbf92460dea3ffb362e89f6712a85
http://forum.clash.y0.pl/viewtopic.php?p=1697,http://forum.clash.y0.pl/viewtopic.php?p=1697&sid=70c6793f38d978d4e51a495d544723d1,20250512172131,20250512172131,1,text/html,2EACLQHRF5FRGZ34GF7OKTAL2EWZMQ5E,4339,https://web.archive.org/web/20250512172131id_/http://forum.clash.y0.pl/viewtopic.php?p=1697&sid=70c6793f38d978d4e51a495d544723d1
http://forum.clash.y0.pl/viewtopic.php?p=1698,http://forum.clash.y0.pl/viewtopic.php?p=1698&sid=d186b4a335af96a1f2ded2fdcbd7abaf,20250514051734,20250514051734,1,text/html,PC33BBR7VSIOXBPQECQ7YXK5EYWDUUPP,4339,https://web.archive.org/web/20250514051734id_/http://forum.clash.y0.pl/viewtopic.php?p=1698&sid=d186b4a335af96a1f2ded2fdcbd7abaf
http://forum.clash.y0.pl/viewtopic.php?p=1709,http://forum.clash.y0.pl/viewtopic.php?p=1709&sid=1b550486481ef5a16ada0b177f00ef08,20250714223001,20250714223001,1,text/html,OYPBTMM6T2AXJJZ3BIZ3RNJKLWMTBTP4,4341,https://web.archive.org/web/20250714223001id_/http://forum.clash.y0.pl/viewtopic.php?p=1709&sid=1b550486481ef5a16ada0b177f00ef08
http://forum.clash.y0.pl/viewtopic.php?p=1748,http://forum.clash.y0.pl/viewtopic.php?p=1748&sid=14099c2d9f16c351fce935ed15b3c544,20260413011903,20260413011903,1,text/html,BS6N5GV3Y5HGKHYJE6DEUDDX7PMQRMN3,7984,https://web.archive.org/web/20260413011903id_/http://forum.clash.y0.pl/viewtopic.php?p=1748&sid=14099c2d9f16c351fce935ed15b3c544
http://forum.clash.y0.pl/viewtopic.php?p=1759,http://forum.clash.y0.pl/viewtopic.php?p=1759&sid=14099c2d9f16c351fce935ed15b3c544,20260413015642,20260413015642,1,text/html,HPFM4SW4SD65SWGRKP6UC6RHXYRWVQCF,26635,https://web.archive.org/web/20260413015642id_/http://forum.clash.y0.pl/viewtopic.php?p=1759&sid=14099c2d9f16c351fce935ed15b3c544
http://forum.clash.y0.pl/viewtopic.php?p=1771,http://forum.clash.y0.pl/viewtopic.php?p=1771&sid=14099c2d9f16c351fce935ed15b3c544,20260413012604,20260413012604,1,text/html,TMIVGSHFUARTFYTDFUOX7BCTD2TESS57,14217,https://web.archive.org/web/20260413012604id_/http://forum.clash.y0.pl/viewtopic.php?p=1771&sid=14099c2d9f16c351fce935ed15b3c544
http://forum.clash.y0.pl/viewtopic.php?p=1773,http://forum.clash.y0.pl/viewtopic.php?p=1773&sid=f95125b913a49fe5e5ede84ac8b0a313,20260513164212,20260513164212,1,text/html,UVCDR7CT7FHFWWZARFV5LGLGPO3SVKF4,10668,https://web.archive.org/web/20260513164212id_/http://forum.clash.y0.pl/viewtopic.php?p=1773&sid=f95125b913a49fe5e5ede84ac8b0a313
http://forum.clash.y0.pl/viewtopic.php?p=1780,http://forum.clash.y0.pl/viewtopic.php?p=1780&sid=2474e96f867e675273f97480898885e8,20260513163535,20260513163535,1,text/html,VOWSQCBPBPXEHZHOOCZZ24R5LSMJQBDU,7060,https://web.archive.org/web/20260513163535id_/http://forum.clash.y0.pl/viewtopic.php?p=1780&sid=2474e96f867e675273f97480898885e8
http://forum.clash.y0.pl/viewtopic.php?p=1782,http://forum.clash.y0.pl/viewtopic.php?p=1782&sid=2474e96f867e675273f97480898885e8,20260513165841,20260513165841,1,text/html,PAKXGXCNVQKX554YVOGM246ZE65Q2KOD,8558,https://web.archive.org/web/20260513165841id_/http://forum.clash.y0.pl/viewtopic.php?p=1782&sid=2474e96f867e675273f97480898885e8
http://forum.clash.y0.pl/viewtopic.php?p=188,http://forum.clash.y0.pl/viewtopic.php?p=188&sid=72217aa2ac3dc063d0b91e5b4f50c5cc,20240621085231,20240621085231,1,text/html,SQYCHBRKQPVU27RMRZ7UCH7WM6QSN5TB,10192,https://web.archive.org/web/20240621085231id_/http://forum.clash.y0.pl/viewtopic.php?p=188&sid=72217aa2ac3dc063d0b91e5b4f50c5cc
http://forum.clash.y0.pl/viewtopic.php?p=189,http://forum.clash.y0.pl/viewtopic.php?p=189&sid=72217aa2ac3dc063d0b91e5b4f50c5cc,20240614092327,20240614092327,1,text/html,IFDDTOEL4DCWXM5GOPVGNRDDX7X6RDBS,10181,https://web.archive.org/web/20240614092327id_/http://forum.clash.y0.pl/viewtopic.php?p=189&sid=72217aa2ac3dc063d0b91e5b4f50c5cc
http://forum.clash.y0.pl/viewtopic.php?p=190,http://forum.clash.y0.pl/viewtopic.php?p=190&sid=72217aa2ac3dc063d0b91e5b4f50c5cc,20240621082616,20240621082616,1,text/html,NHYHXASZQ6YVGODPLNTI2MRUT5BB2DTQ,10181,https://web.archive.org/web/20240621082616id_/http://forum.clash.y0.pl/viewtopic.php?p=190&sid=72217aa2ac3dc063d0b91e5b4f50c5cc
http://forum.clash.y0.pl/viewtopic.php?p=192,http://forum.clash.y0.pl/viewtopic.php?p=192&sid=72217aa2ac3dc063d0b91e5b4f50c5cc,20240620082407,20240620082407,1,text/html,WMZEVERBDAFGFLSXT3GV3B7G6NOQ7A2G,10176,https://web.archive.org/web/20240620082407id_/http://forum.clash.y0.pl/viewtopic.php?p=192&sid=72217aa2ac3dc063d0b91e5b4f50c5cc
http://forum.clash.y0.pl/viewtopic.php?p=197,http://forum.clash.y0.pl/viewtopic.php?p=197,20191212012053,20191212012053,1,text/html,OQDNNM6DHPWPTJHJKFNWQH2MHUWBZ4QQ,10414,https://web.archive.org/web/20191212012053id_/http://forum.clash.y0.pl/viewtopic.php?p=197
http://forum.clash.y0.pl/viewtopic.php?p=200,http://forum.clash.y0.pl/viewtopic.php?p=200&sid=72217aa2ac3dc063d0b91e5b4f50c5cc,20240614061939,20240614061939,1,text/html,VKV7TRZSSL4JR4RLWG4G7C4ISIZKDX2X,10187,https://web.archive.org/web/20240614061939id_/http://forum.clash.y0.pl/viewtopic.php?p=200&sid=72217aa2ac3dc063d0b91e5b4f50c5cc
http://forum.clash.y0.pl/viewtopic.php?p=203,http://forum.clash.y0.pl/viewtopic.php?p=203&sid=e9a4f5d6993bd842fad3ec5db249deee,20240527200247,20240527200247,1,text/html,WPS7VPXOLONLVZUFMT4WYLXWCVEPDZ2S,11580,https://web.archive.org/web/20240527200247id_/http://forum.clash.y0.pl/viewtopic.php?p=203&sid=e9a4f5d6993bd842fad3ec5db249deee
http://forum.clash.y0.pl/viewtopic.php?p=205,http://forum.clash.y0.pl/viewtopic.php?p=205&sid=e9a4f5d6993bd842fad3ec5db249deee,20240527190416,20240527190416,1,text/html,R6QUQ2HHMSA7C4VZK333DCRVW7YDZGYS,11580,https://web.archive.org/web/20240527190416id_/http://forum.clash.y0.pl/viewtopic.php?p=205&sid=e9a4f5d6993bd842fad3ec5db249deee
http://forum.clash.y0.pl/viewtopic.php?p=263,http://forum.clash.y0.pl/viewtopic.php?p=263&sid=76cbc0bf46a9b004d2dbbc61b46a0ffc,20240422123147,20240422123147,1,text/html,VHIXLF5ONSPWAMAX7C2OHESFF4RIAXUV,6911,https://web.archive.org/web/20240422123147id_/http://forum.clash.y0.pl/viewtopic.php?p=263&sid=76cbc0bf46a9b004d2dbbc61b46a0ffc
http://forum.clash.y0.pl/viewtopic.php?p=299,http://forum.clash.y0.pl/viewtopic.php?p=299,20191212002559,20191212002559,1,text/html,YYJWXQPN7IDOOST4E6XVG7CPDMBGCLRS,11952,https://web.archive.org/web/20191212002559id_/http://forum.clash.y0.pl/viewtopic.php?p=299
http://forum.clash.y0.pl/viewtopic.php?p=306,http://forum.clash.y0.pl/viewtopic.php?p=306,20191212015359,20191212015359,1,text/html,SHQPLWTQS3HVT5JBSBURS7DY6IWRNNEB,11947,https://web.archive.org/web/20191212015359id_/http://forum.clash.y0.pl/viewtopic.php?p=306
http://forum.clash.y0.pl/viewtopic.php?p=307,http://forum.clash.y0.pl/viewtopic.php?p=307,20191212012039,20191212012039,1,text/html,X663IEKGHODOPLTLWAYJZXQ5LFALTU7O,11947,https://web.archive.org/web/20191212012039id_/http://forum.clash.y0.pl/viewtopic.php?p=307
http://forum.clash.y0.pl/viewtopic.php?p=319,http://forum.clash.y0.pl/viewtopic.php?p=319,20191212002320,20191212002320,1,text/html,2I5L7CHJCFC63ANH5QPIWKN3AHKAAB4K,12363,https://web.archive.org/web/20191212002320id_/http://forum.clash.y0.pl/viewtopic.php?p=319
http://forum.clash.y0.pl/viewtopic.php?p=324&t=33,http://forum.clash.y0.pl/viewtopic.php?t=33&p=324,20191210163525,20191210163525,1,text/html,PL2PKWFP6KM4NR6OTIKC3TU4KRSLLMXP,7236,https://web.archive.org/web/20191210163525id_/http://forum.clash.y0.pl/viewtopic.php?t=33&p=324
http://forum.clash.y0.pl/viewtopic.php?p=328,http://forum.clash.y0.pl/viewtopic.php?p=328&sid=e9a4f5d6993bd842fad3ec5db249deee,20240527191506,20240527191506,1,text/html,R4VZSLBINTM43IGVODEJKW5IEJJM7YGO,11578,https://web.archive.org/web/20240527191506id_/http://forum.clash.y0.pl/viewtopic.php?p=328&sid=e9a4f5d6993bd842fad3ec5db249deee
http://forum.clash.y0.pl/viewtopic.php?p=331,http://forum.clash.y0.pl/viewtopic.php?p=331&sid=e9a4f5d6993bd842fad3ec5db249deee,20240527182701,20240527182701,1,text/html,JZUETPBOD24AVGDPH6M7S4OB5OHXVPYK,11576,https://web.archive.org/web/20240527182701id_/http://forum.clash.y0.pl/viewtopic.php?p=331&sid=e9a4f5d6993bd842fad3ec5db249deee
http://forum.clash.y0.pl/viewtopic.php?p=340&t=34,http://forum.clash.y0.pl/viewtopic.php?t=34&p=340,20191210173443,20191210173443,1,text/html,LSZW56QDWEC2M47EEMT4W22LZHZP2ZWC,14715,https://web.archive.org/web/20191210173443id_/http://forum.clash.y0.pl/viewtopic.php?t=34&p=340
http://forum.clash.y0.pl/viewtopic.php?p=341,http://forum.clash.y0.pl/viewtopic.php?p=341,20191212012227,20191212012227,1,text/html,64RWWBVSIYXKBPO33HWX43XXXJD2LYAV,12364,https://web.archive.org/web/20191212012227id_/http://forum.clash.y0.pl/viewtopic.php?p=341
http://forum.clash.y0.pl/viewtopic.php?p=343,http://forum.clash.y0.pl/viewtopic.php?p=343,20191212002543,20191212002543,1,text/html,62B2HMKIOIEJVKAXDSE4YE2A5QBREJZK,12361,https://web.archive.org/web/20191212002543id_/http://forum.clash.y0.pl/viewtopic.php?p=343
http://forum.clash.y0.pl/viewtopic.php?p=345,http://forum.clash.y0.pl/viewtopic.php?p=345,20191212012845,20191212012845,1,text/html,MFE3LIWVHUDUIP3APJSLQM6AYCO2QHWY,12365,https://web.archive.org/web/20191212012845id_/http://forum.clash.y0.pl/viewtopic.php?p=345
http://forum.clash.y0.pl/viewtopic.php?p=347,http://forum.clash.y0.pl/viewtopic.php?p=347,20191212002701,20191212002701,1,text/html,2XXIEPT5V2N2ZSQVK7PO7F3VNQ4ONFSI,12362,https://web.archive.org/web/20191212002701id_/http://forum.clash.y0.pl/viewtopic.php?p=347
http://forum.clash.y0.pl/viewtopic.php?p=348,http://forum.clash.y0.pl/viewtopic.php?p=348&sid=a94a6aeaa21ccf81e5f3b00d779469d5,20240615143957,20240615143957,1,text/html,G7AOOCDH7RMFELSYEZOTG5Q4WNOIXNGR,14111,https://web.archive.org/web/20240615143957id_/http://forum.clash.y0.pl/viewtopic.php?p=348&sid=a94a6aeaa21ccf81e5f3b00d779469d5
http://forum.clash.y0.pl/viewtopic.php?p=350,http://forum.clash.y0.pl/viewtopic.php?p=350&sid=a94a6aeaa21ccf81e5f3b00d779469d5,20240615140703,20240615140703,1,text/html,MXX2VXNOEHKWB5LLG6TOMW5N7SZW5QMA,14113,https://web.archive.org/web/20240615140703id_/http://forum.clash.y0.pl/viewtopic.php?p=350&sid=a94a6aeaa21ccf81e5f3b00d779469d5
http://forum.clash.y0.pl/viewtopic.php?p=353&t=35,http://forum.clash.y0.pl/viewtopic.php?t=35&p=353,20191210154039,20191210154039,1,text/html,26UYXBA2BL2STRYTIBY7W2HNRAJW42HV,7754,https://web.archive.org/web/20191210154039id_/http://forum.clash.y0.pl/viewtopic.php?t=35&p=353
http://forum.clash.y0.pl/viewtopic.php?p=355,http://forum.clash.y0.pl/viewtopic.php?p=355&sid=e9a4f5d6993bd842fad3ec5db249deee,20240527175952,20240527175952,1,text/html,W7ZGWPQQOWB36PJG6PJ7UBILP4CMY2GV,11576,https://web.archive.org/web/20240527175952id_/http://forum.clash.y0.pl/viewtopic.php?p=355&sid=e9a4f5d6993bd842fad3ec5db249deee
http://forum.clash.y0.pl/viewtopic.php?p=356,http://forum.clash.y0.pl/viewtopic.php?p=356&sid=e9a4f5d6993bd842fad3ec5db249deee,20240527193835,20240527193835,1,text/html,PXH7KOYICVZ2XNHL42TWBZIPXM3C4E7H,11585,https://web.archive.org/web/20240527193835id_/http://forum.clash.y0.pl/viewtopic.php?p=356&sid=e9a4f5d6993bd842fad3ec5db249deee
http://forum.clash.y0.pl/viewtopic.php?p=364,http://forum.clash.y0.pl/viewtopic.php?p=364&sid=5ab4983683b26bf2dc7d405a895b8870,20240908054033,20240908054033,1,text/html,XGDZMSLSRDEK5BCUBBXNIKI5ZOTGBP6J,10134,https://web.archive.org/web/20240908054033id_/http://forum.clash.y0.pl/viewtopic.php?p=364&sid=5ab4983683b26bf2dc7d405a895b8870
http://forum.clash.y0.pl/viewtopic.php?p=365,http://forum.clash.y0.pl/viewtopic.php?p=365&sid=76cbc0bf46a9b004d2dbbc61b46a0ffc,20240422135428,20240422135428,1,text/html,IPUD75MXDKP4RTDDV6ILNF2WMQRGINMZ,10692,https://web.archive.org/web/20240422135428id_/http://forum.clash.y0.pl/viewtopic.php?p=365&sid=76cbc0bf46a9b004d2dbbc61b46a0ffc
http://forum.clash.y0.pl/viewtopic.php?p=368,http://forum.clash.y0.pl/viewtopic.php?p=368&sid=4c8ca3d75f376556719aa936bf07d9e5,20240614050752,20240614050752,1,text/html,WL5TJOLIYC727OJEYBB52M3WSXAUOWSR,12127,https://web.archive.org/web/20240614050752id_/http://forum.clash.y0.pl/viewtopic.php?p=368&sid=4c8ca3d75f376556719aa936bf07d9e5
http://forum.clash.y0.pl/viewtopic.php?p=368&t=36,http://forum.clash.y0.pl/viewtopic.php?t=36&p=368,20191210154055,20191210154055,1,text/html,DFSILC5CYSZVGFLKPFVX6EQMBRX72FKR,12910,https://web.archive.org/web/20191210154055id_/http://forum.clash.y0.pl/viewtopic.php?t=36&p=368
http://forum.clash.y0.pl/viewtopic.php?p=370,http://forum.clash.y0.pl/viewtopic.php?p=370&sid=4c8ca3d75f376556719aa936bf07d9e5,20240614065635,20240614065635,1,text/html,RGQUVUFIJHSSVRNWL5FRDF7NDP3XKZYM,12128,https://web.archive.org/web/20240614065635id_/http://forum.clash.y0.pl/viewtopic.php?p=370&sid=4c8ca3d75f376556719aa936bf07d9e5
http://forum.clash.y0.pl/viewtopic.php?p=371,http://forum.clash.y0.pl/viewtopic.php?p=371&sid=4c8ca3d75f376556719aa936bf07d9e5,20240614062701,20240614062701,1,text/html,GO3YS64ANKTXQTLLF6VC5YEYMEVCPB6H,12127,https://web.archive.org/web/20240614062701id_/http://forum.clash.y0.pl/viewtopic.php?p=371&sid=4c8ca3d75f376556719aa936bf07d9e5
http://forum.clash.y0.pl/viewtopic.php?p=372,http://forum.clash.y0.pl/viewtopic.php?p=372&sid=69de98cabd3cca6bc50382c3b8eb4bbd,20240614064010,20240614064010,1,text/html,R4243RZ4Y5SPWP6SMJYNGFBHS57JZBK3,12127,https://web.archive.org/web/20240614064010id_/http://forum.clash.y0.pl/viewtopic.php?p=372&sid=69de98cabd3cca6bc50382c3b8eb4bbd
http://forum.clash.y0.pl/viewtopic.php?p=373,http://forum.clash.y0.pl/viewtopic.php?p=373&sid=69de98cabd3cca6bc50382c3b8eb4bbd,20240614060320,20240614060320,1,text/html,B44B2H66RHV5KDK4VVAMYFS446ZGFYIO,12122,https://web.archive.org/web/20240614060320id_/http://forum.clash.y0.pl/viewtopic.php?p=373&sid=69de98cabd3cca6bc50382c3b8eb4bbd
http://forum.clash.y0.pl/viewtopic.php?p=374,http://forum.clash.y0.pl/viewtopic.php?p=374&sid=69de98cabd3cca6bc50382c3b8eb4bbd,20240620084221,20240620084221,1,text/html,OXFGGNGROQD4LJNMVCZH7JHO6JAXFUCU,12129,https://web.archive.org/web/20240620084221id_/http://forum.clash.y0.pl/viewtopic.php?p=374&sid=69de98cabd3cca6bc50382c3b8eb4bbd
http://forum.clash.y0.pl/viewtopic.php?p=376,http://forum.clash.y0.pl/viewtopic.php?p=376&sid=e9a4f5d6993bd842fad3ec5db249deee,20240527191037,20240527191037,1,text/html,4JU3BKM7ANKUC7JFKVRVUTF5TU4ZE4A5,11585,https://web.archive.org/web/20240527191037id_/http://forum.clash.y0.pl/viewtopic.php?p=376&sid=e9a4f5d6993bd842fad3ec5db249deee
http://forum.clash.y0.pl/viewtopic.php?p=378,http://forum.clash.y0.pl/viewtopic.php?p=378&sid=4c8ca3d75f376556719aa936bf07d9e5,20240614080423,20240614080423,1,text/html,EUK5H7QYUWNSBVHPR2E2EMNWJUNVTCU4,12129,https://web.archive.org/web/20240614080423id_/http://forum.clash.y0.pl/viewtopic.php?p=378&sid=4c8ca3d75f376556719aa936bf07d9e5
http://forum.clash.y0.pl/viewtopic.php?p=386,http://forum.clash.y0.pl/viewtopic.php?p=386&sid=69de98cabd3cca6bc50382c3b8eb4bbd,20240620094724,20240620094724,1,text/html,5QVWNRPFSLOTAKKTIKO2CP3WRHH5ODXR,12124,https://web.archive.org/web/20240620094724id_/http://forum.clash.y0.pl/viewtopic.php?p=386&sid=69de98cabd3cca6bc50382c3b8eb4bbd
http://forum.clash.y0.pl/viewtopic.php?p=387,http://forum.clash.y0.pl/viewtopic.php?p=387&sid=69de98cabd3cca6bc50382c3b8eb4bbd,20240614055615,20240614055615,1,text/html,BZ5HFH2TIZBCJ4PUJKF6LHLLJH3IWEM5,12126,https://web.archive.org/web/20240614055615id_/http://forum.clash.y0.pl/viewtopic.php?p=387&sid=69de98cabd3cca6bc50382c3b8eb4bbd
http://forum.clash.y0.pl/viewtopic.php?p=389,http://forum.clash.y0.pl/viewtopic.php?p=389&sid=69de98cabd3cca6bc50382c3b8eb4bbd,20240614080530,20240614080530,1,text/html,LAE6ZDHOJDT56DSHJNQKYQP2H2R2WVAV,12128,https://web.archive.org/web/20240614080530id_/http://forum.clash.y0.pl/viewtopic.php?p=389&sid=69de98cabd3cca6bc50382c3b8eb4bbd
http://forum.clash.y0.pl/viewtopic.php?p=397,http://forum.clash.y0.pl/viewtopic.php?p=397&sid=b7533a12ca45c4a09adfd8e311b43733,20210514162636,20210514162636,1,text/html,4GX7S4L6UTTSGKJRZRH56U7G3XLCRZH4,10286,https://web.archive.org/web/20210514162636id_/http://forum.clash.y0.pl/viewtopic.php?p=397&sid=b7533a12ca45c4a09adfd8e311b43733
http://forum.clash.y0.pl/viewtopic.php?p=398,http://forum.clash.y0.pl/viewtopic.php?p=398&sid=b7533a12ca45c4a09adfd8e311b43733,20210514154156,20210514154156,1,text/html,JD62BM46UFA6C6CIUTWBH4CNVTAF763S,10290,https://web.archive.org/web/20210514154156id_/http://forum.clash.y0.pl/viewtopic.php?p=398&sid=b7533a12ca45c4a09adfd8e311b43733
http://forum.clash.y0.pl/viewtopic.php?p=399,http://forum.clash.y0.pl/viewtopic.php?p=399&sid=b7533a12ca45c4a09adfd8e311b43733,20210514172314,20210514172314,1,text/html,I7LFPYLVL7U6NVIL4YW57I2RVI6BW3QR,10293,https://web.archive.org/web/20210514172314id_/http://forum.clash.y0.pl/viewtopic.php?p=399&sid=b7533a12ca45c4a09adfd8e311b43733
http://forum.clash.y0.pl/viewtopic.php?p=400,http://forum.clash.y0.pl/viewtopic.php?p=400&sid=b7533a12ca45c4a09adfd8e311b43733,20210514173640,20210514173640,1,text/html,OJX7AA2F6NG2L42LIAW4BIQ4INUK4QYQ,10292,https://web.archive.org/web/20210514173640id_/http://forum.clash.y0.pl/viewtopic.php?p=400&sid=b7533a12ca45c4a09adfd8e311b43733
http://forum.clash.y0.pl/viewtopic.php?p=401,http://forum.clash.y0.pl/viewtopic.php?p=401&sid=b7533a12ca45c4a09adfd8e311b43733,20210514170958,20210514170958,1,text/html,66ZCNXQ7QQHUMT5NRPINUXP7MGBZFGVM,10304,https://web.archive.org/web/20210514170958id_/http://forum.clash.y0.pl/viewtopic.php?p=401&sid=b7533a12ca45c4a09adfd8e311b43733
http://forum.clash.y0.pl/viewtopic.php?p=402,http://forum.clash.y0.pl/viewtopic.php?p=402&sid=b7533a12ca45c4a09adfd8e311b43733,20210514164844,20210514164844,1,text/html,CJ63Y355HTKLI2K3MHZWWDSFQO4N3G34,10294,https://web.archive.org/web/20210514164844id_/http://forum.clash.y0.pl/viewtopic.php?p=402&sid=b7533a12ca45c4a09adfd8e311b43733
http://forum.clash.y0.pl/viewtopic.php?p=403,http://forum.clash.y0.pl/viewtopic.php?p=403&sid=b7533a12ca45c4a09adfd8e311b43733,20210514161646,20210514161646,1,text/html,NAP6Z7OATZWVXNNIMJH7IP4NSIKWCKRD,10288,https://web.archive.org/web/20210514161646id_/http://forum.clash.y0.pl/viewtopic.php?p=403&sid=b7533a12ca45c4a09adfd8e311b43733
http://forum.clash.y0.pl/viewtopic.php?p=406,http://forum.clash.y0.pl/viewtopic.php?p=406&sid=76cbc0bf46a9b004d2dbbc61b46a0ffc,20240422122735,20240422122735,1,text/html,7QNQ5MJOQLFICK4GYQZNI26T4OLLLN7L,7383,https://web.archive.org/web/20240422122735id_/http://forum.clash.y0.pl/viewtopic.php?p=406&sid=76cbc0bf46a9b004d2dbbc61b46a0ffc
http://forum.clash.y0.pl/viewtopic.php?p=407,http://forum.clash.y0.pl/viewtopic.php?p=407&sid=b7533a12ca45c4a09adfd8e311b43733,20210514162241,20210514162241,1,text/html,MRMWPDMCCSON7X5RJUQTBGYLWJBNFS7E,10290,https://web.archive.org/web/20210514162241id_/http://forum.clash.y0.pl/viewtopic.php?p=407&sid=b7533a12ca45c4a09adfd8e311b43733
http://forum.clash.y0.pl/viewtopic.php?p=410,http://forum.clash.y0.pl/viewtopic.php?p=410&sid=b7533a12ca45c4a09adfd8e311b43733,20210514172424,20210514172424,1,text/html,BVOI6S243T7ICYM2IYM5ZFPQDTR42ZCY,10294,https://web.archive.org/web/20210514172424id_/http://forum.clash.y0.pl/viewtopic.php?p=410&sid=b7533a12ca45c4a09adfd8e311b43733
http://forum.clash.y0.pl/viewtopic.php?p=411,http://forum.clash.y0.pl/viewtopic.php?p=411&sid=b7533a12ca45c4a09adfd8e311b43733,20210514170229,20210514170229,1,text/html,CPOE52DN3322J7GR5XF5WQYXKTQVEFS6,10289,https://web.archive.org/web/20210514170229id_/http://forum.clash.y0.pl/viewtopic.php?p=411&sid=b7533a12ca45c4a09adfd8e311b43733
http://forum.clash.y0.pl/viewtopic.php?p=419,http://forum.clash.y0.pl/viewtopic.php?p=419&sid=a94a6aeaa21ccf81e5f3b00d779469d5,20240615144939,20240615144939,1,text/html,5LHBB4PWBVABVTLRRPWIJKVVFURSDL72,10655,https://web.archive.org/web/20240615144939id_/http://forum.clash.y0.pl/viewtopic.php?p=419&sid=a94a6aeaa21ccf81e5f3b00d779469d5
http://forum.clash.y0.pl/viewtopic.php?p=421&t=37,http://forum.clash.y0.pl/viewtopic.php?t=37&p=421,20191210164304,20191210164304,1,text/html,WLYJG32UDY6UZZGOKBPZLKLRPHZBMJBY,7317,https://web.archive.org/web/20191210164304id_/http://forum.clash.y0.pl/viewtopic.php?t=37&p=421
http://forum.clash.y0.pl/viewtopic.php?p=433,http://forum.clash.y0.pl/viewtopic.php?p=433&sid=a94a6aeaa21ccf81e5f3b00d779469d5,20240615125804,20240615125804,1,text/html,IQZUVPXOEJXZBEKUX35DSS6YHCIKABBQ,12076,https://web.archive.org/web/20240615125804id_/http://forum.clash.y0.pl/viewtopic.php?p=433&sid=a94a6aeaa21ccf81e5f3b00d779469d5
http://forum.clash.y0.pl/viewtopic.php?p=451,http://forum.clash.y0.pl/viewtopic.php?p=451,20201030074715,20201030074715,1,text/html,HG3YV2BUWASE6C3M53NJJXHCXE224IJX,11851,https://web.archive.org/web/20201030074715id_/http://forum.clash.y0.pl/viewtopic.php?p=451
http://forum.clash.y0.pl/viewtopic.php?p=453,http://forum.clash.y0.pl/viewtopic.php?p=453,20201030070035,20201030070035,1,text/html,Z7XOU4GPEDSPCLVBDVJPL3G2KKSROYGG,11866,https://web.archive.org/web/20201030070035id_/http://forum.clash.y0.pl/viewtopic.php?p=453
http://forum.clash.y0.pl/viewtopic.php?p=456,http://forum.clash.y0.pl/viewtopic.php?p=456,20191212004433,20191212004433,1,text/html,6TUTBXLO2KQD7ZZMRQB7E5FSUZHY4LCX,22244,https://web.archive.org/web/20191212004433id_/http://forum.clash.y0.pl/viewtopic.php?p=456
http://forum.clash.y0.pl/viewtopic.php?p=457,http://forum.clash.y0.pl/viewtopic.php?p=457,20191212002501,20191212002501,1,text/html,CW4NH737MRREM5BUYZSTI4GXLALXPVRI,22244,https://web.archive.org/web/20191212002501id_/http://forum.clash.y0.pl/viewtopic.php?p=457
http://forum.clash.y0.pl/viewtopic.php?p=465,http://forum.clash.y0.pl/viewtopic.php?p=465&sid=761a5e1b050f16e72b599d40fac2af02,20240521034918,20240521034918,1,text/html,KJTY47LSEPSA4IYKMCCWW7GOCB3GQAHK,11603,https://web.archive.org/web/20240521034918id_/http://forum.clash.y0.pl/viewtopic.php?p=465&sid=761a5e1b050f16e72b599d40fac2af02
http://forum.clash.y0.pl/viewtopic.php?p=466,http://forum.clash.y0.pl/viewtopic.php?p=466&sid=761a5e1b050f16e72b599d40fac2af02,20240521031818,20240521031818,1,text/html,3WXBYEW4WVTGFKOJEB4EZMJEDOYI5FQS,11675,https://web.archive.org/web/20240521031818id_/http://forum.clash.y0.pl/viewtopic.php?p=466&sid=761a5e1b050f16e72b599d40fac2af02
http://forum.clash.y0.pl/viewtopic.php?p=467,http://forum.clash.y0.pl/viewtopic.php?p=467&sid=761a5e1b050f16e72b599d40fac2af02,20240521044738,20240521044738,1,text/html,4YYX73NDI34M6HGMHB75ZVA6YBOHQFMZ,11610,https://web.archive.org/web/20240521044738id_/http://forum.clash.y0.pl/viewtopic.php?p=467&sid=761a5e1b050f16e72b599d40fac2af02
http://forum.clash.y0.pl/viewtopic.php?p=472,http://forum.clash.y0.pl/viewtopic.php?p=472,20191212002434,20191212002434,1,text/html,EAHO7BKOWALUMFP2N3TIAPVPPZYNF2ZQ,22246,https://web.archive.org/web/20191212002434id_/http://forum.clash.y0.pl/viewtopic.php?p=472
http://forum.clash.y0.pl/viewtopic.php?p=473,http://forum.clash.y0.pl/viewtopic.php?p=473,20191212015551,20191212015551,1,text/html,G7H2HYNUKYPNHCSABSVWH2XLR7GCG3JJ,10416,https://web.archive.org/web/20191212015551id_/http://forum.clash.y0.pl/viewtopic.php?p=473
http://forum.clash.y0.pl/viewtopic.php?p=474,http://forum.clash.y0.pl/viewtopic.php?p=474,20191212012225,20191212012225,1,text/html,QNSIAHF6ASCIYIG22VCZYC3I5VPG3OKW,22242,https://web.archive.org/web/20191212012225id_/http://forum.clash.y0.pl/viewtopic.php?p=474
http://forum.clash.y0.pl/viewtopic.php?p=476&t=38,http://forum.clash.y0.pl/viewtopic.php?t=38&p=476,20191210164540,20191210164540,1,text/html,SIZMERVJMGFLPS5WX3JUR4ISQEMS6CKF,10348,https://web.archive.org/web/20191210164540id_/http://forum.clash.y0.pl/viewtopic.php?t=38&p=476
http://forum.clash.y0.pl/viewtopic.php?p=477&t=39,http://forum.clash.y0.pl/viewtopic.php?t=39&p=477,20191210162747,20191210162747,1,text/html,5XFQETV2KGFZ2AIJFKSTG6ACJNHQXQY3,10363,https://web.archive.org/web/20191210162747id_/http://forum.clash.y0.pl/viewtopic.php?t=39&p=477
http://forum.clash.y0.pl/viewtopic.php?p=479,http://forum.clash.y0.pl/viewtopic.php?p=479,20191212005509,20191212005509,1,text/html,DETI7PDQLTQ5SPXMNEI2F7ZVPRXKPLQD,22243,https://web.archive.org/web/20191212005509id_/http://forum.clash.y0.pl/viewtopic.php?p=479
http://forum.clash.y0.pl/viewtopic.php?p=480,http://forum.clash.y0.pl/viewtopic.php?p=480,20191212010111,20191212010111,1,text/html,JSDGYAO6TOQUD3EK2CNEVSL3QR7T22NE,22239,https://web.archive.org/web/20191212010111id_/http://forum.clash.y0.pl/viewtopic.php?p=480
http://forum.clash.y0.pl/viewtopic.php?p=485,http://forum.clash.y0.pl/viewtopic.php?p=485,20191212003434,20191212003434,1,text/html,L6GLK4BJUFLUKTNSD5DRSUFMQ2OGXZ45,10413,https://web.archive.org/web/20191212003434id_/http://forum.clash.y0.pl/viewtopic.php?p=485
http://forum.clash.y0.pl/viewtopic.php?p=492,http://forum.clash.y0.pl/viewtopic.php?p=492&sid=761a5e1b050f16e72b599d40fac2af02,20240521042919,20240521042919,1,text/html,Y3C2ND6COO7XRNHSFO3INTK234GIS4HX,11603,https://web.archive.org/web/20240521042919id_/http://forum.clash.y0.pl/viewtopic.php?p=492&sid=761a5e1b050f16e72b599d40fac2af02
http://forum.clash.y0.pl/viewtopic.php?p=494,http://forum.clash.y0.pl/viewtopic.php?p=494,20191212005301,20240527194948,2,text/html,W6GYKBNBHCBFPBYBTZQR2HOKWWZ7SHWP,12037,https://web.archive.org/web/20191212005301id_/http://forum.clash.y0.pl/viewtopic.php?p=494
http://forum.clash.y0.pl/viewtopic.php?p=495,http://forum.clash.y0.pl/viewtopic.php?p=495&sid=e9a4f5d6993bd842fad3ec5db249deee,20240527191643,20240527191643,1,text/html,BOJTUIHWQT2LXZM6QVFCUAMDCYBSOHRQ,11582,https://web.archive.org/web/20240527191643id_/http://forum.clash.y0.pl/viewtopic.php?p=495&sid=e9a4f5d6993bd842fad3ec5db249deee
http://forum.clash.y0.pl/viewtopic.php?p=496,http://forum.clash.y0.pl/viewtopic.php?p=496,20191212002050,20240527185253,2,text/html,IN3DTKLHO4OWPPRWCFEWVHKA6XIGLA6O,12041,https://web.archive.org/web/20191212002050id_/http://forum.clash.y0.pl/viewtopic.php?p=496
http://forum.clash.y0.pl/viewtopic.php?p=497,http://forum.clash.y0.pl/viewtopic.php?p=497,20191212013250,20191212013250,1,text/html,4M7GIVY4HDWILX63QJZNLWLLCEM5V6LZ,11509,https://web.archive.org/web/20191212013250id_/http://forum.clash.y0.pl/viewtopic.php?p=497
http://forum.clash.y0.pl/viewtopic.php?p=498,http://forum.clash.y0.pl/viewtopic.php?p=498,20191212005910,20191212005910,1,text/html,WLRWFSPBFCU73MKVJTSFDITXZ44ELV7N,12360,https://web.archive.org/web/20191212005910id_/http://forum.clash.y0.pl/viewtopic.php?p=498
http://forum.clash.y0.pl/viewtopic.php?p=499,http://forum.clash.y0.pl/viewtopic.php?p=499,20191212002717,20191212002717,1,text/html,SMFFPPZBO7I7C5ZC4FY5MIL642SFTG24,11511,https://web.archive.org/web/20191212002717id_/http://forum.clash.y0.pl/viewtopic.php?p=499
http://forum.clash.y0.pl/viewtopic.php?p=500,http://forum.clash.y0.pl/viewtopic.php?p=500,20191212004222,20191212004222,1,text/html,2I3L5LYHRBW6ZS26ZWCYUCKTF7PX2EG7,11511,https://web.archive.org/web/20191212004222id_/http://forum.clash.y0.pl/viewtopic.php?p=500
http://forum.clash.y0.pl/viewtopic.php?p=501,http://forum.clash.y0.pl/viewtopic.php?p=501,20191212002429,20240615145555,2,text/html,36GVJDLLKRGEC47PW3VILFY5UWVMXWVG,11510,https://web.archive.org/web/20191212002429id_/http://forum.clash.y0.pl/viewtopic.php?p=501
http://forum.clash.y0.pl/viewtopic.php?p=502,http://forum.clash.y0.pl/viewtopic.php?p=502&sid=a94a6aeaa21ccf81e5f3b00d779469d5,20240615142608,20240615142608,1,text/html,KXNAQMMGBCPPFV3MX4HQCUVEUCMRP7OE,11744,https://web.archive.org/web/20240615142608id_/http://forum.clash.y0.pl/viewtopic.php?p=502&sid=a94a6aeaa21ccf81e5f3b00d779469d5
http://forum.clash.y0.pl/viewtopic.php?p=503,http://forum.clash.y0.pl/viewtopic.php?p=503,20191212012215,20191212012215,1,text/html,AKZC3UMOWDEOOK2EKGX2BBYVI4JATRUZ,11506,https://web.archive.org/web/20191212012215id_/http://forum.clash.y0.pl/viewtopic.php?p=503
http://forum.clash.y0.pl/viewtopic.php?p=504,http://forum.clash.y0.pl/viewtopic.php?p=504,20191212004827,20191212004827,1,text/html,XSIFRAGSM5ZNOYIR72UWEVLUYI77UBUP,11510,https://web.archive.org/web/20191212004827id_/http://forum.clash.y0.pl/viewtopic.php?p=504
http://forum.clash.y0.pl/viewtopic.php?p=505,http://forum.clash.y0.pl/viewtopic.php?p=505,20191212002538,20191212002538,1,text/html,P24UO7SHZJCYCVECCDC3HM67GEVGXBBI,11507,https://web.archive.org/web/20191212002538id_/http://forum.clash.y0.pl/viewtopic.php?p=505
http://forum.clash.y0.pl/viewtopic.php?p=507,http://forum.clash.y0.pl/viewtopic.php?p=507,20191212012835,20240615140910,2,text/html,S72B7L72R5QYYXG57JXEJF7V3LTFR2AR,11516,https://web.archive.org/web/20191212012835id_/http://forum.clash.y0.pl/viewtopic.php?p=507
http://forum.clash.y0.pl/viewtopic.php?p=508,http://forum.clash.y0.pl/viewtopic.php?p=508,20191212005459,20191212005459,1,text/html,6NSXIDSM7URFYQ4VDNFUSKMSWZHEYUJR,11512,https://web.archive.org/web/20191212005459id_/http://forum.clash.y0.pl/viewtopic.php?p=508
http://forum.clash.y0.pl/viewtopic.php?p=508&t=19,http://forum.clash.y0.pl/viewtopic.php?t=19&p=508,20200814020625,20200814020625,1,text/html,KH6ILUL6C7K43HY2BJZCOI45IM63AEUN,11112,https://web.archive.org/web/20200814020625id_/http://forum.clash.y0.pl/viewtopic.php?t=19&p=508
http://forum.clash.y0.pl/viewtopic.php?p=509,http://forum.clash.y0.pl/viewtopic.php?p=509,20191212002655,20191212002655,1,text/html,TSN2L4KCP4CCE2NM7LAEFXQR3CNEOE7H,11509,https://web.archive.org/web/20191212002655id_/http://forum.clash.y0.pl/viewtopic.php?p=509
http://forum.clash.y0.pl/viewtopic.php?p=509&t=19,http://forum.clash.y0.pl/viewtopic.php?t=19&p=509,20200814020538,20200814020538,1,text/html,S7UIIXL4OTIHPQPV2CVQNBOKYKOXK4QF,11124,https://web.archive.org/web/20200814020538id_/http://forum.clash.y0.pl/viewtopic.php?t=19&p=509
http://forum.clash.y0.pl/viewtopic.php?p=510,http://forum.clash.y0.pl/viewtopic.php?p=510,20191212002759,20191212002759,1,text/html,PEEXXRJJZVZJ64MLXZUZ47X56XNHT5P2,22237,https://web.archive.org/web/20191212002759id_/http://forum.clash.y0.pl/viewtopic.php?p=510
http://forum.clash.y0.pl/viewtopic.php?p=511,http://forum.clash.y0.pl/viewtopic.php?p=511,20201030065349,20201030065349,1,text/html,TUUZRRDWGJHY3T623MZYLUH5LPFKTA2U,12689,https://web.archive.org/web/20201030065349id_/http://forum.clash.y0.pl/viewtopic.php?p=511
http://forum.clash.y0.pl/viewtopic.php?p=514,http://forum.clash.y0.pl/viewtopic.php?p=514,20201030071440,20201030071440,1,text/html,CHNSN7PAAJAJGIVGFRRQNTNJ46QX2N2W,12686,https://web.archive.org/web/20201030071440id_/http://forum.clash.y0.pl/viewtopic.php?p=514
http://forum.clash.y0.pl/viewtopic.php?p=516,http://forum.clash.y0.pl/viewtopic.php?p=516,20201030081639,20201030081639,1,text/html,3LVGOZAVIRAQTHQQHHHKRFEEGUNZUFLC,12689,https://web.archive.org/web/20201030081639id_/http://forum.clash.y0.pl/viewtopic.php?p=516
http://forum.clash.y0.pl/viewtopic.php?p=521,http://forum.clash.y0.pl/viewtopic.php?p=521,20191212001912,20191212001912,1,text/html,TQV7DCYBLU5XFUSPDQPKW4NNZMPUHPPJ,22233,https://web.archive.org/web/20191212001912id_/http://forum.clash.y0.pl/viewtopic.php?p=521
http://forum.clash.y0.pl/viewtopic.php?p=523,http://forum.clash.y0.pl/viewtopic.php?p=523,20201030073108,20201030073108,1,text/html,2DH3Z7PM5XONSNMKHHHWKOEJ5CR5R6D5,12678,https://web.archive.org/web/20201030073108id_/http://forum.clash.y0.pl/viewtopic.php?p=523
http://forum.clash.y0.pl/viewtopic.php?p=524,http://forum.clash.y0.pl/viewtopic.php?p=524,20201030070559,20201030070559,1,text/html,AE7BA27PXONXCGZDFU5F23EB7RPTVGBT,12688,https://web.archive.org/web/20201030070559id_/http://forum.clash.y0.pl/viewtopic.php?p=524
http://forum.clash.y0.pl/viewtopic.php?p=526,http://forum.clash.y0.pl/viewtopic.php?p=526,20201030080434,20201030080434,1,text/html,G3I7WMRGZFGOYKDQS5FYRECKUQKR5PWD,12688,https://web.archive.org/web/20201030080434id_/http://forum.clash.y0.pl/viewtopic.php?p=526
http://forum.clash.y0.pl/viewtopic.php?p=528,http://forum.clash.y0.pl/viewtopic.php?p=528,20201030071036,20201030071036,1,text/html,5AD7HZ3ZLN5A3MVQSO2F4TT6CHM36F6N,12678,https://web.archive.org/web/20201030071036id_/http://forum.clash.y0.pl/viewtopic.php?p=528
http://forum.clash.y0.pl/viewtopic.php?p=529,http://forum.clash.y0.pl/viewtopic.php?p=529,20201030065157,20240615144238,2,text/html,LKZM3CVJCDEJYUDFE2SLX5PJUCOKJWEH,12689,https://web.archive.org/web/20201030065157id_/http://forum.clash.y0.pl/viewtopic.php?p=529
http://forum.clash.y0.pl/viewtopic.php?p=530,http://forum.clash.y0.pl/viewtopic.php?p=530,20201030065536,20201030065536,1,text/html,I5EHXGJM2ZFS5WG4ECKVP4WZQ5E5N5LM,12679,https://web.archive.org/web/20201030065536id_/http://forum.clash.y0.pl/viewtopic.php?p=530
http://forum.clash.y0.pl/viewtopic.php?p=531,http://forum.clash.y0.pl/viewtopic.php?p=531,20201030081446,20201030081446,1,text/html,RGTSU3PAFSU5HLNGZSP6PRJCGDZHZWBA,12681,https://web.archive.org/web/20201030081446id_/http://forum.clash.y0.pl/viewtopic.php?p=531
http://forum.clash.y0.pl/viewtopic.php?p=542,http://forum.clash.y0.pl/viewtopic.php?p=542,20191212005651,20210924234315,2,text/html,BGAZ3CTPJ6MB4NAH6QNTOI53WVNXEIP6,11921,https://web.archive.org/web/20191212005651id_/http://forum.clash.y0.pl/viewtopic.php?p=542
http://forum.clash.y0.pl/viewtopic.php?p=544,http://forum.clash.y0.pl/viewtopic.php?p=544,20191212002128,20210925005225,2,text/html,UVJVUJS7J76SUJJJRUVQKPACVHCUIR4G,9003,https://web.archive.org/web/20191212002128id_/http://forum.clash.y0.pl/viewtopic.php?p=544
http://forum.clash.y0.pl/viewtopic.php?p=545,http://forum.clash.y0.pl/viewtopic.php?p=545,20191212013703,20210925002228,2,text/html,JAGYQ2H7JZTJZDFYXUSMHWL7OZRPRP7C,9004,https://web.archive.org/web/20191212013703id_/http://forum.clash.y0.pl/viewtopic.php?p=545
http://forum.clash.y0.pl/viewtopic.php?p=546,http://forum.clash.y0.pl/viewtopic.php?p=546,20191212010323,20210924234903,2,text/html,WK3BQ67MO2Z4IFM37H7TZP6DX4TD32FX,9004,https://web.archive.org/web/20191212010323id_/http://forum.clash.y0.pl/viewtopic.php?p=546
http://forum.clash.y0.pl/viewtopic.php?p=547,http://forum.clash.y0.pl/viewtopic.php?p=547,20191212003012,20210924232400,2,text/html,YB6G5TXAUHV33T2YNSJLCO62FSEQIF3B,8998,https://web.archive.org/web/20191212003012id_/http://forum.clash.y0.pl/viewtopic.php?p=547
http://forum.clash.y0.pl/viewtopic.php?p=595&t=10,http://forum.clash.y0.pl/viewtopic.php?t=10&p=595,20191210155352,20191210155352,1,text/html,5D4PRVZODWSOC5SML4W6HUSCKF2KAW5P,10903,https://web.archive.org/web/20191210155352id_/http://forum.clash.y0.pl/viewtopic.php?t=10&p=595
http://forum.clash.y0.pl/viewtopic.php?p=614,http://forum.clash.y0.pl/viewtopic.php?p=614,20200930094103,20210924233012,2,text/html,QUMIPJI34SEBIIOAAEB755JGXVYEU77D,8618,https://web.archive.org/web/20200930094103id_/http://forum.clash.y0.pl/viewtopic.php?p=614
http://forum.clash.y0.pl/viewtopic.php?p=614&t=29,http://forum.clash.y0.pl/viewtopic.php?t=29&p=614,20191212002155,20191212002155,1,text/html,XKOMOBAYNDG35SIFS6FUEJXT3BB42J4W,9001,https://web.archive.org/web/20191212002155id_/http://forum.clash.y0.pl/viewtopic.php?t=29&p=614
http://forum.clash.y0.pl/viewtopic.php?p=626&t=38,http://forum.clash.y0.pl/viewtopic.php?t=38&p=626,20191210161033,20191210161033,1,text/html,XQ32TQS6HRIL6AQZKXNIUTDMSL4M2GA2,10341,https://web.archive.org/web/20191210161033id_/http://forum.clash.y0.pl/viewtopic.php?t=38&p=626
http://forum.clash.y0.pl/viewtopic.php?p=627&t=19,http://forum.clash.y0.pl/viewtopic.php?t=19&p=627,20200814015816,20200814015816,1,text/html,QZU4THYMHTBDCQQCRURIT3OT6C76PTC6,9699,https://web.archive.org/web/20200814015816id_/http://forum.clash.y0.pl/viewtopic.php?t=19&p=627
http://forum.clash.y0.pl/viewtopic.php?p=630&t=16,http://forum.clash.y0.pl/viewtopic.php?t=16&p=630,20191212013748,20191212013748,1,text/html,HWDIDZ6MAYZE6W5CEBJ475OSJQXPUEMW,9893,https://web.archive.org/web/20191212013748id_/http://forum.clash.y0.pl/viewtopic.php?t=16&p=630
http://forum.clash.y0.pl/viewtopic.php?p=631&t=19,http://forum.clash.y0.pl/viewtopic.php?t=19&p=631,20200814021707,20200814021707,1,text/html,3MVLQB5UPEGWMEHOOOERWCB4CQSBI7FV,9704,https://web.archive.org/web/20200814021707id_/http://forum.clash.y0.pl/viewtopic.php?t=19&p=631
http://forum.clash.y0.pl/viewtopic.php?p=632&t=16,http://forum.clash.y0.pl/viewtopic.php?t=16&p=632,20191212013718,20191212013718,1,text/html,PBCOZZK4GGTROWHD6PMCIT7SP7H4VR7O,9898,https://web.archive.org/web/20191212013718id_/http://forum.clash.y0.pl/viewtopic.php?t=16&p=632
http://forum.clash.y0.pl/viewtopic.php?p=633&t=39,http://forum.clash.y0.pl/viewtopic.php?t=39&p=633,20191212010054,20191212010054,1,text/html,FBTYA3A66PXAKWUPCFDFMH4R2AAPGI3K,10357,https://web.archive.org/web/20191212010054id_/http://forum.clash.y0.pl/viewtopic.php?t=39&p=633
http://forum.clash.y0.pl/viewtopic.php?p=634,http://forum.clash.y0.pl/viewtopic.php?p=634,20201030070157,20201030070157,1,text/html,ZOIPFMOWZDEJYXXXSK43DV67N4PAKWZ6,11857,https://web.archive.org/web/20201030070157id_/http://forum.clash.y0.pl/viewtopic.php?p=634
http://forum.clash.y0.pl/viewtopic.php?p=634&t=9,http://forum.clash.y0.pl/viewtopic.php?t=9&p=634,20191212002424,20191212002424,1,text/html,IVZF7XOLFTJFD3CMECD4CZLYJLD33T7L,12221,https://web.archive.org/web/20191212002424id_/http://forum.clash.y0.pl/viewtopic.php?t=9&p=634
http://forum.clash.y0.pl/viewtopic.php?p=635&t=31,http://forum.clash.y0.pl/viewtopic.php?t=31&p=635,20191212003737,20191212003737,1,text/html,W47TDLXQ2V7RUYR7LVDC7ETX73CEG5PV,9555,https://web.archive.org/web/20191212003737id_/http://forum.clash.y0.pl/viewtopic.php?t=31&p=635
http://forum.clash.y0.pl/viewtopic.php?p=636&t=27,http://forum.clash.y0.pl/viewtopic.php?t=27&p=636,20191212012535,20191212012535,1,text/html,7SJ6JR6GA2X3OUUW5HTJR725TQRLGYLE,11946,https://web.archive.org/web/20191212012535id_/http://forum.clash.y0.pl/viewtopic.php?t=27&p=636
http://forum.clash.y0.pl/viewtopic.php?p=637&t=22,http://forum.clash.y0.pl/viewtopic.php?t=22&p=637,20191212002609,20191212002609,1,text/html,UJMEH4R6QZJQPAJS3JI3TKLNNAFCCI2K,10418,https://web.archive.org/web/20191212002609id_/http://forum.clash.y0.pl/viewtopic.php?t=22&p=637
http://forum.clash.y0.pl/viewtopic.php?p=638&t=22,http://forum.clash.y0.pl/viewtopic.php?t=22&p=638,20191210154117,20191210154117,1,text/html,XN7LHCLAKVSDO4FWAICQZ3SSSLC4DTVX,8183,https://web.archive.org/web/20191210154117id_/http://forum.clash.y0.pl/viewtopic.php?t=22&p=638
http://forum.clash.y0.pl/viewtopic.php?p=639&t=22,http://forum.clash.y0.pl/viewtopic.php?t=22&p=639,20191210154111,20191210154111,1,text/html,TSE2XPF6EZSFPPYVQZ37ECL5ZD6C6ZEB,8180,https://web.archive.org/web/20191210154111id_/http://forum.clash.y0.pl/viewtopic.php?t=22&p=639
http://forum.clash.y0.pl/viewtopic.php?p=640&t=22,http://forum.clash.y0.pl/viewtopic.php?t=22&p=640,20191210162024,20191210162024,1,text/html,Y7Q6SRWFSBT55MG5UC275XF3QGXQV2WL,8184,https://web.archive.org/web/20191210162024id_/http://forum.clash.y0.pl/viewtopic.php?t=22&p=640
http://forum.clash.y0.pl/viewtopic.php?p=641&t=39,http://forum.clash.y0.pl/viewtopic.php?t=39&p=641,20191210170945,20191210170945,1,text/html,LPZEOGQBTM7ZEXKHPDYSXFLZWOFDY4BM,10363,https://web.archive.org/web/20191210170945id_/http://forum.clash.y0.pl/viewtopic.php?t=39&p=641
http://forum.clash.y0.pl/viewtopic.php?p=642&t=22,http://forum.clash.y0.pl/viewtopic.php?t=22&p=642,20191210161951,20191210161951,1,text/html,FB7TKNFK6DIZJ5VI456VK5YA6WUUQFV6,8192,https://web.archive.org/web/20191210161951id_/http://forum.clash.y0.pl/viewtopic.php?t=22&p=642
http://forum.clash.y0.pl/viewtopic.php?p=643,http://forum.clash.y0.pl/viewtopic.php?p=643&sid=c20b76a3e3e2da6fb08623b37092bcad,20240624061710,20240624061710,1,text/html,VDOUOIXM52EHPYBZCZ2NUSRRHDBCNUQG,12961,https://web.archive.org/web/20240624061710id_/http://forum.clash.y0.pl/viewtopic.php?p=643&sid=c20b76a3e3e2da6fb08623b37092bcad
http://forum.clash.y0.pl/viewtopic.php?p=643&t=111,http://forum.clash.y0.pl/viewtopic.php?t=111&p=643,20191210155051,20191210155051,1,text/html,74PD72CH657OT4E2WEVAPNXNZ5LKXO6N,13341,https://web.archive.org/web/20191210155051id_/http://forum.clash.y0.pl/viewtopic.php?t=111&p=643
http://forum.clash.y0.pl/viewtopic.php?p=644,http://forum.clash.y0.pl/viewtopic.php?p=644&sid=c20b76a3e3e2da6fb08623b37092bcad,20240624075854,20240624075854,1,text/html,XJOP2CZOATU4QUXGHOIIXVL4WX3PS4QG,12969,https://web.archive.org/web/20240624075854id_/http://forum.clash.y0.pl/viewtopic.php?p=644&sid=c20b76a3e3e2da6fb08623b37092bcad
http://forum.clash.y0.pl/viewtopic.php?p=645,http://forum.clash.y0.pl/viewtopic.php?p=645&sid=c20b76a3e3e2da6fb08623b37092bcad,20240624072942,20240624072942,1,text/html,WBAPTECSK4AK3TTDVZC4CY2T4GLD3O2X,12958,https://web.archive.org/web/20240624072942id_/http://forum.clash.y0.pl/viewtopic.php?p=645&sid=c20b76a3e3e2da6fb08623b37092bcad
http://forum.clash.y0.pl/viewtopic.php?p=646&t=19,http://forum.clash.y0.pl/viewtopic.php?t=19&p=646,20200814024326,20200814024326,1,text/html,FIWZKCJJ57FI7SWF23LKSYI2S5NFY5XC,9705,https://web.archive.org/web/20200814024326id_/http://forum.clash.y0.pl/viewtopic.php?t=19&p=646
http://forum.clash.y0.pl/viewtopic.php?p=647&t=19,http://forum.clash.y0.pl/viewtopic.php?t=19&p=647,20200814024306,20200814024306,1,text/html,INEDFULYCTLYE2ZKFJITRSKNR7SF5IQ5,9704,https://web.archive.org/web/20200814024306id_/http://forum.clash.y0.pl/viewtopic.php?t=19&p=647
http://forum.clash.y0.pl/viewtopic.php?p=648&t=19,http://forum.clash.y0.pl/viewtopic.php?t=19&p=648,20200814024246,20200814024246,1,text/html,U34E3HU36WURDVTZPNYQQNJZGDNIJRCC,9703,https://web.archive.org/web/20200814024246id_/http://forum.clash.y0.pl/viewtopic.php?t=19&p=648
http://forum.clash.y0.pl/viewtopic.php?p=649&t=19,http://forum.clash.y0.pl/viewtopic.php?t=19&p=649,20200814024226,20200814024226,1,text/html,VAAUZVJGK4LMMHVH337GJEVLT4WVG7HF,9699,https://web.archive.org/web/20200814024226id_/http://forum.clash.y0.pl/viewtopic.php?t=19&p=649
http://forum.clash.y0.pl/viewtopic.php?p=650&t=19,http://forum.clash.y0.pl/viewtopic.php?t=19&p=650,20200814031330,20200814031330,1,text/html,F52TGO2EP75HF5EMKPJCZ5BC3GELIZ4Q,9698,https://web.archive.org/web/20200814031330id_/http://forum.clash.y0.pl/viewtopic.php?t=19&p=650
http://forum.clash.y0.pl/viewtopic.php?p=651&t=19,http://forum.clash.y0.pl/viewtopic.php?t=19&p=651,20200814031306,20200814031306,1,text/html,52EZAQTULCM7J3AESBARDXS3SICI5HY3,9700,https://web.archive.org/web/20200814031306id_/http://forum.clash.y0.pl/viewtopic.php?t=19&p=651
http://forum.clash.y0.pl/viewtopic.php?p=652&t=19,http://forum.clash.y0.pl/viewtopic.php?t=19&p=652,20200814031243,20200814031243,1,text/html,CHWAUFGS7DHC4AK5HFEEM4HMREI2EBNF,9704,https://web.archive.org/web/20200814031243id_/http://forum.clash.y0.pl/viewtopic.php?t=19&p=652
http://forum.clash.y0.pl/viewtopic.php?p=653&t=19,http://forum.clash.y0.pl/viewtopic.php?t=19&p=653,20200814031222,20200814031222,1,text/html,4SIMF3XP2N4WGLGL5VQ5Z5EE36IKC4XP,9699,https://web.archive.org/web/20200814031222id_/http://forum.clash.y0.pl/viewtopic.php?t=19&p=653
http://forum.clash.y0.pl/viewtopic.php?p=657&t=19,http://forum.clash.y0.pl/viewtopic.php?t=19&p=657,20200814031113,20200814031113,1,text/html,AX23OM7FNDHQZYFWBQ7YDHNYOLEPMY4V,7120,https://web.archive.org/web/20200814031113id_/http://forum.clash.y0.pl/viewtopic.php?t=19&p=657
http://forum.clash.y0.pl/viewtopic.php?p=658&t=8,http://forum.clash.y0.pl/viewtopic.php?t=8&p=658,20191210154032,20191210154032,1,text/html,MUWFGIAK6TUER3XZ274HWF5GLVQH4FLI,15361,https://web.archive.org/web/20191210154032id_/http://forum.clash.y0.pl/viewtopic.php?t=8&p=658
http://forum.clash.y0.pl/viewtopic.php?p=659&t=8,http://forum.clash.y0.pl/viewtopic.php?t=8&p=659,20191210154100,20191210154100,1,text/html,5OCKF3NS2BXY5NJFGA3R6BVLDGLNS4S6,15365,https://web.archive.org/web/20191210154100id_/http://forum.clash.y0.pl/viewtopic.php?t=8&p=659
http://forum.clash.y0.pl/viewtopic.php?p=660&t=4,http://forum.clash.y0.pl/viewtopic.php?t=4&p=660,20191212005410,20191212005410,1,text/html,G6KVBF2FSXFPPIDS7PNKZOILFGVW4BW5,12842,https://web.archive.org/web/20191212005410id_/http://forum.clash.y0.pl/viewtopic.php?t=4&p=660
http://forum.clash.y0.pl/viewtopic.php?p=661&t=2,http://forum.clash.y0.pl/viewtopic.php?t=2&p=661,20191210003021,20191210003021,1,text/html,XVNIQ43TRMN6O3RDMRL2QJ4AOZCD3XML,12372,https://web.archive.org/web/20191210003021id_/http://forum.clash.y0.pl/viewtopic.php?t=2&p=661
http://forum.clash.y0.pl/viewtopic.php?p=662&t=5,http://forum.clash.y0.pl/viewtopic.php?t=5&p=662,20191212001956,20191212001956,1,text/html,JSK7WC23MZ2UUZ57MFZSGRLDGVTV6KSY,13319,https://web.archive.org/web/20191212001956id_/http://forum.clash.y0.pl/viewtopic.php?t=5&p=662
http://forum.clash.y0.pl/viewtopic.php?p=663&t=10,http://forum.clash.y0.pl/viewtopic.php?t=10&p=663,20191212002331,20191212002331,1,text/html,7QPLB7ZKJPIWN2OA2WZ62LPTKCA4M2AM,10897,https://web.archive.org/web/20191212002331id_/http://forum.clash.y0.pl/viewtopic.php?t=10&p=663
http://forum.clash.y0.pl/viewtopic.php?p=665&t=19,http://forum.clash.y0.pl/viewtopic.php?t=19&p=665,20200814014837,20200814014837,1,text/html,EQEMOJXMS6NE7APVVRC7IIHPV66NSSJN,7125,https://web.archive.org/web/20200814014837id_/http://forum.clash.y0.pl/viewtopic.php?t=19&p=665
http://forum.clash.y0.pl/viewtopic.php?p=666,http://forum.clash.y0.pl/viewtopic.php?p=666&sid=76cbc0bf46a9b004d2dbbc61b46a0ffc,20240422133205,20240422133205,1,text/html,FYA4ZQWNE2M6PSELVSQVC34D65FQBMAD,7166,https://web.archive.org/web/20240422133205id_/http://forum.clash.y0.pl/viewtopic.php?p=666&sid=76cbc0bf46a9b004d2dbbc61b46a0ffc
http://forum.clash.y0.pl/viewtopic.php?p=666&t=19,http://forum.clash.y0.pl/viewtopic.php?t=19&p=666,20200814014731,20200814014731,1,text/html,PZAKJHTOLUUTSML7UV64VT37RK7VUFHQ,7126,https://web.archive.org/web/20200814014731id_/http://forum.clash.y0.pl/viewtopic.php?t=19&p=666
http://forum.clash.y0.pl/viewtopic.php?p=667&t=4,http://forum.clash.y0.pl/viewtopic.php?t=4&p=667,20191210154048,20191210154048,1,text/html,Y7DNWUCJVEXUTV5JBVQMMMWZ44AFCTLI,12845,https://web.archive.org/web/20191210154048id_/http://forum.clash.y0.pl/viewtopic.php?t=4&p=667
http://forum.clash.y0.pl/viewtopic.php?p=668&t=2,http://forum.clash.y0.pl/viewtopic.php?t=2&p=668,20191212002624,20191212002624,1,text/html,YV2FESU2MTIWC3NFGVX7I2PPH4HBG3GB,12371,https://web.archive.org/web/20191212002624id_/http://forum.clash.y0.pl/viewtopic.php?t=2&p=668
http://forum.clash.y0.pl/viewtopic.php?p=669&t=10,http://forum.clash.y0.pl/viewtopic.php?t=10&p=669,20191209231816,20191209231816,1,text/html,IB4KAMFQ5JWUGWRM4DW6CKGYISXNUIT2,10906,https://web.archive.org/web/20191209231816id_/http://forum.clash.y0.pl/viewtopic.php?t=10&p=669
http://forum.clash.y0.pl/viewtopic.php?p=673&t=4,http://forum.clash.y0.pl/viewtopic.php?t=4&p=673,20191212011314,20191212011314,1,text/html,JQ4NBOK35L2VCL2QLLHFA2AJCR2LU5XQ,6621,https://web.archive.org/web/20191212011314id_/http://forum.clash.y0.pl/viewtopic.php?t=4&p=673
http://forum.clash.y0.pl/viewtopic.php?p=674&t=10,http://forum.clash.y0.pl/viewtopic.php?t=10&p=674,20191210155525,20191210155525,1,text/html,SVNRLXHSNIACBNTIZGLHIZ5GFPRKXGBY,10899,https://web.archive.org/web/20191210155525id_/http://forum.clash.y0.pl/viewtopic.php?t=10&p=674
http://forum.clash.y0.pl/viewtopic.php?p=675,http://forum.clash.y0.pl/viewtopic.php?p=675&sid=58e13061ee0c15c58aa0955630b877d7,20240619005702,20240619005702,1,text/html,V2CY4A6H5Z5KXNYMD3SKFSZY5N2VG66I,9073,https://web.archive.org/web/20240619005702id_/http://forum.clash.y0.pl/viewtopic.php?p=675&sid=58e13061ee0c15c58aa0955630b877d7
http://forum.clash.y0.pl/viewtopic.php?p=676,http://forum.clash.y0.pl/viewtopic.php?p=676&sid=761a5e1b050f16e72b599d40fac2af02,20240521030205,20240521030205,1,text/html,XVFXY3BUWUSKQCUNXR4K4NKX4WLFC6V5,11678,https://web.archive.org/web/20240521030205id_/http://forum.clash.y0.pl/viewtopic.php?p=676&sid=761a5e1b050f16e72b599d40fac2af02
http://forum.clash.y0.pl/viewtopic.php?p=678,http://forum.clash.y0.pl/viewtopic.php?p=678&sid=8988bfff0df5526858a134d3099d5c02,20210514164130,20210514164130,1,text/html,PWDKESOORNVXRRZI6AQGHH5YSQPLFXIL,9405,https://web.archive.org/web/20210514164130id_/http://forum.clash.y0.pl/viewtopic.php?p=678&sid=8988bfff0df5526858a134d3099d5c02
http://forum.clash.y0.pl/viewtopic.php?p=679&t=114,http://forum.clash.y0.pl/viewtopic.php?t=114&p=679,20191210154149,20191210154149,1,text/html,EFQWQJPBVPO2KYAXELYQA3YW55X46RCS,7378,https://web.archive.org/web/20191210154149id_/http://forum.clash.y0.pl/viewtopic.php?t=114&p=679
http://forum.clash.y0.pl/viewtopic.php?p=680,http://forum.clash.y0.pl/viewtopic.php?p=680&sid=58e13061ee0c15c58aa0955630b877d7,20240619011206,20240619011206,1,text/html,OOAL5LNDLIZ3RX7TEMI3PM2OSEYUHHUF,6686,https://web.archive.org/web/20240619011206id_/http://forum.clash.y0.pl/viewtopic.php?p=680&sid=58e13061ee0c15c58aa0955630b877d7
http://forum.clash.y0.pl/viewtopic.php?p=683,http://forum.clash.y0.pl/viewtopic.php?p=683&sid=8988bfff0df5526858a134d3099d5c02,20210514165152,20210514165152,1,text/html,2SIXMFGJ3DBBS2YGZEGWH25S2RSKNL3R,9198,https://web.archive.org/web/20210514165152id_/http://forum.clash.y0.pl/viewtopic.php?p=683&sid=8988bfff0df5526858a134d3099d5c02
http://forum.clash.y0.pl/viewtopic.php?p=684,http://forum.clash.y0.pl/viewtopic.php?p=684&sid=76cbc0bf46a9b004d2dbbc61b46a0ffc,20240422115039,20240422115039,1,text/html,U2IFNPWYF64BOWGSEQEKAPKXNWD45OGE,6987,https://web.archive.org/web/20240422115039id_/http://forum.clash.y0.pl/viewtopic.php?p=684&sid=76cbc0bf46a9b004d2dbbc61b46a0ffc
http://forum.clash.y0.pl/viewtopic.php?p=685,http://forum.clash.y0.pl/viewtopic.php?p=685&sid=6c65241fb6541e4eaee3a8c44883cd84,20240303100302,20240303100302,1,text/html,3WN63DON4EOENM35RNX6G2EL7JBSDL2X,7426,https://web.archive.org/web/20240303100302id_/http://forum.clash.y0.pl/viewtopic.php?p=685&sid=6c65241fb6541e4eaee3a8c44883cd84
http://forum.clash.y0.pl/viewtopic.php?p=685&t=117,http://forum.clash.y0.pl/viewtopic.php?t=117&p=685,20191210170534,20191210170534,1,text/html,OH2RPDV52XNQOGH5YXII2XUMASLGRB3U,7776,https://web.archive.org/web/20191210170534id_/http://forum.clash.y0.pl/viewtopic.php?t=117&p=685
http://forum.clash.y0.pl/viewtopic.php?p=687,http://forum.clash.y0.pl/viewtopic.php?p=687&sid=6c65241fb6541e4eaee3a8c44883cd84,20240303084933,20240303084933,1,text/html,BLZSNCJJNMQACS7HFQVVABTYUZMOW2A2,7427,https://web.archive.org/web/20240303084933id_/http://forum.clash.y0.pl/viewtopic.php?p=687&sid=6c65241fb6541e4eaee3a8c44883cd84
http://forum.clash.y0.pl/viewtopic.php?p=691,http://forum.clash.y0.pl/viewtopic.php?p=691,20201030070930,20201030070930,1,text/html,MNRMAWOTPFVCPMSLAFZIFBW7MTPE5QIX,11861,https://web.archive.org/web/20201030070930id_/http://forum.clash.y0.pl/viewtopic.php?p=691
http://forum.clash.y0.pl/viewtopic.php?p=692,http://forum.clash.y0.pl/viewtopic.php?p=692,20201030064959,20201030064959,1,text/html,VRXFOXLPHYLHOAD7GO5TMWEEHV5IYZMZ,11854,https://web.archive.org/web/20201030064959id_/http://forum.clash.y0.pl/viewtopic.php?p=692
http://forum.clash.y0.pl/viewtopic.php?p=693,http://forum.clash.y0.pl/viewtopic.php?p=693,20201030080629,20201030080629,1,text/html,F5H77DTYQSWZNSH3DVKI5N37NZQYWUJT,11851,https://web.archive.org/web/20201030080629id_/http://forum.clash.y0.pl/viewtopic.php?p=693
http://forum.clash.y0.pl/viewtopic.php?p=694,http://forum.clash.y0.pl/viewtopic.php?p=694&sid=6c65241fb6541e4eaee3a8c44883cd84,20240303102201,20240303102201,1,text/html,TLA3IBXY4WWEBIBHUMQKTUSC4GFBUFCR,7431,https://web.archive.org/web/20240303102201id_/http://forum.clash.y0.pl/viewtopic.php?p=694&sid=6c65241fb6541e4eaee3a8c44883cd84
http://forum.clash.y0.pl/viewtopic.php?p=696,http://forum.clash.y0.pl/viewtopic.php?p=696&sid=6c65241fb6541e4eaee3a8c44883cd84,20240303091316,20240303091316,1,text/html,LEK64I5RV53B43IAO4YJCQXXCAFPTKZP,7428,https://web.archive.org/web/20240303091316id_/http://forum.clash.y0.pl/viewtopic.php?p=696&sid=6c65241fb6541e4eaee3a8c44883cd84
http://forum.clash.y0.pl/viewtopic.php?p=697,http://forum.clash.y0.pl/viewtopic.php?p=697,20201030081136,20240612161509,2,text/html,BA7KNGD6Z77SV5X6544GAFDCN7VODIO4,11861,https://web.archive.org/web/20201030081136id_/http://forum.clash.y0.pl/viewtopic.php?p=697
http://forum.clash.y0.pl/viewtopic.php?p=698,http://forum.clash.y0.pl/viewtopic.php?p=698,20201030074355,20201030074355,1,text/html,HO6T7DSA3L5LFFLXCY334ODJPHVU6XB2,11860,https://web.archive.org/web/20201030074355id_/http://forum.clash.y0.pl/viewtopic.php?p=698
http://forum.clash.y0.pl/viewtopic.php?p=699,http://forum.clash.y0.pl/viewtopic.php?p=699,20201030071537,20201030071537,1,text/html,PQSJA3AIOU6A5ANXNHBL2GJ7QJYCWCVB,11867,https://web.archive.org/web/20201030071537id_/http://forum.clash.y0.pl/viewtopic.php?p=699
http://forum.clash.y0.pl/viewtopic.php?p=700,http://forum.clash.y0.pl/viewtopic.php?p=700,20200930095115,20210925000302,2,text/html,OIUEIEDNSC2PONWF22TVVB2YHPFWJAXZ,11860,https://web.archive.org/web/20200930095115id_/http://forum.clash.y0.pl/viewtopic.php?p=700
http://forum.clash.y0.pl/viewtopic.php?p=701,http://forum.clash.y0.pl/viewtopic.php?p=701,20200930091715,20210924233240,2,text/html,L2OONT5PNGZSVJCQGXHQFI5OIOKGZTRW,10137,https://web.archive.org/web/20200930091715id_/http://forum.clash.y0.pl/viewtopic.php?p=701
http://forum.clash.y0.pl/viewtopic.php?p=702,http://forum.clash.y0.pl/viewtopic.php?p=702,20200930081754,20210925011124,2,text/html,LDYXFSGZ3A3XUQXZO4KNVLSCQOM6OWOE,10134,https://web.archive.org/web/20200930081754id_/http://forum.clash.y0.pl/viewtopic.php?p=702
http://forum.clash.y0.pl/viewtopic.php?p=703,http://forum.clash.y0.pl/viewtopic.php?p=703,20200930101938,20210925004111,2,text/html,KX3LAWA7ORW2RFYX5B3GTCVXXRQ6N752,10142,https://web.archive.org/web/20200930101938id_/http://forum.clash.y0.pl/viewtopic.php?p=703
http://forum.clash.y0.pl/viewtopic.php?p=704,http://forum.clash.y0.pl/viewtopic.php?p=704,20200930095401,20210925000932,2,text/html,5LLS3ARJ22D4JAQPBQ5J5LXP7Y23DESR,10138,https://web.archive.org/web/20200930095401id_/http://forum.clash.y0.pl/viewtopic.php?p=704
http://forum.clash.y0.pl/viewtopic.php?p=705,http://forum.clash.y0.pl/viewtopic.php?p=705&sid=c20b76a3e3e2da6fb08623b37092bcad,20240624061113,20240624061113,1,text/html,4NPO3EYTE66P657KOWED4QPEZQQZH3NR,12952,https://web.archive.org/web/20240624061113id_/http://forum.clash.y0.pl/viewtopic.php?p=705&sid=c20b76a3e3e2da6fb08623b37092bcad
http://forum.clash.y0.pl/viewtopic.php?p=706,http://forum.clash.y0.pl/viewtopic.php?p=706&sid=c20b76a3e3e2da6fb08623b37092bcad,20240624075509,20240624075509,1,text/html,GCIMP6QBNLAMF5OTLJ5XHNP6CJNZTPN2,12964,https://web.archive.org/web/20240624075509id_/http://forum.clash.y0.pl/viewtopic.php?p=706&sid=c20b76a3e3e2da6fb08623b37092bcad
http://forum.clash.y0.pl/viewtopic.php?p=709,http://forum.clash.y0.pl/viewtopic.php?p=709,20200930093303,20210924232257,2,text/html,JX634RSKGZR3LVWEPEXJP3KGS52AIQ6P,8620,https://web.archive.org/web/20200930093303id_/http://forum.clash.y0.pl/viewtopic.php?p=709
http://forum.clash.y0.pl/viewtopic.php?p=710,http://forum.clash.y0.pl/viewtopic.php?p=710&sid=c20b76a3e3e2da6fb08623b37092bcad,20240624062506,20240624062506,1,text/html,HM4QZ56FYLQQCQLP3K4XP3V3TACW3JCQ,12965,https://web.archive.org/web/20240624062506id_/http://forum.clash.y0.pl/viewtopic.php?p=710&sid=c20b76a3e3e2da6fb08623b37092bcad
http://forum.clash.y0.pl/viewtopic.php?p=711,http://forum.clash.y0.pl/viewtopic.php?p=711&sid=c20b76a3e3e2da6fb08623b37092bcad,20240624054535,20240624054535,1,text/html,EXBCCHWVLJ3D42JQ3JL7ML64LLOJQNHG,12961,https://web.archive.org/web/20240624054535id_/http://forum.clash.y0.pl/viewtopic.php?p=711&sid=c20b76a3e3e2da6fb08623b37092bcad
http://forum.clash.y0.pl/viewtopic.php?p=712,http://forum.clash.y0.pl/viewtopic.php?p=712&sid=58e13061ee0c15c58aa0955630b877d7,20240619015721,20240619015721,1,text/html,YYKUYL6UUMDVFD7BIMO42HU4DSIWBB6E,8277,https://web.archive.org/web/20240619015721id_/http://forum.clash.y0.pl/viewtopic.php?p=712&sid=58e13061ee0c15c58aa0955630b877d7
http://forum.clash.y0.pl/viewtopic.php?p=713,http://forum.clash.y0.pl/viewtopic.php?p=713&sid=58e13061ee0c15c58aa0955630b877d7,20240612155101,20240612155101,1,text/html,DXTP3VK4P5MZTNKKQ6VLKL5FBNQNLAIN,12893,https://web.archive.org/web/20240612155101id_/http://forum.clash.y0.pl/viewtopic.php?p=713&sid=58e13061ee0c15c58aa0955630b877d7
http://forum.clash.y0.pl/viewtopic.php?p=714,http://forum.clash.y0.pl/viewtopic.php?p=714&sid=c20b76a3e3e2da6fb08623b37092bcad,20240624062945,20240624062945,1,text/html,JUF4ZEDZYHKVQMS4VQC7SK5VYQRMQTXV,12961,https://web.archive.org/web/20240624062945id_/http://forum.clash.y0.pl/viewtopic.php?p=714&sid=c20b76a3e3e2da6fb08623b37092bcad
http://forum.clash.y0.pl/viewtopic.php?start=10&t=10,http://forum.clash.y0.pl/viewtopic.php?t=10&sid=d3f4d1684b52a51534d529d3d8a923c2&start=10,20240908154038,20240908154038,1,text/html,VTKHVPWDOR4ARZUJY3AP3IJZF6KX7GPM,12561,https://web.archive.org/web/20240908154038id_/http://forum.clash.y0.pl/viewtopic.php?t=10&sid=d3f4d1684b52a51534d529d3d8a923c2&start=10
http://forum.clash.y0.pl/viewtopic.php?start=10&t=111,http://forum.clash.y0.pl/viewtopic.php?t=111&sid=76cbc0bf46a9b004d2dbbc61b46a0ffc&start=10,20240422123600,20240422123600,1,text/html,RVDODIGG7BG2EAYTGKWMEQQNQTMKYHQX,14538,https://web.archive.org/web/20240422123600id_/http://forum.clash.y0.pl/viewtopic.php?t=111&sid=76cbc0bf46a9b004d2dbbc61b46a0ffc&start=10
http://forum.clash.y0.pl/viewtopic.php?start=10&t=19,http://forum.clash.y0.pl/viewtopic.php?t=19&sid=76cbc0bf46a9b004d2dbbc61b46a0ffc&start=10,20240422114521,20240527192048,2,text/html,LY6MBN7KCWGDUJRVMBRVACDKGTCTNTAT,11589,https://web.archive.org/web/20240422114521id_/http://forum.clash.y0.pl/viewtopic.php?t=19&sid=76cbc0bf46a9b004d2dbbc61b46a0ffc&start=10
http://forum.clash.y0.pl/viewtopic.php?start=10&t=19&view=print,http://forum.clash.y0.pl/viewtopic.php?t=19&start=10&sid=e9a4f5d6993bd842fad3ec5db249deee&view=print,20240527194831,20240527194831,1,text/html,H55GU3IPCKCYZEKREWL4NSSU32JBZCBC,5744,https://web.archive.org/web/20240527194831id_/http://forum.clash.y0.pl/viewtopic.php?t=19&start=10&sid=e9a4f5d6993bd842fad3ec5db249deee&view=print
http://forum.clash.y0.pl/viewtopic.php?start=10&t=23,http://forum.clash.y0.pl/viewtopic.php?t=23&sid=76cbc0bf46a9b004d2dbbc61b46a0ffc&start=10,20240422132003,20240422132003,1,text/html,RYCAZ4XCRITMYP73H3RAEDNZX4DSL6L6,10727,https://web.archive.org/web/20240422132003id_/http://forum.clash.y0.pl/viewtopic.php?t=23&sid=76cbc0bf46a9b004d2dbbc61b46a0ffc&start=10
http://forum.clash.y0.pl/viewtopic.php?start=10&t=29,http://forum.clash.y0.pl/viewtopic.php?t=29&start=10,20201030075935,20201030075935,1,text/html,6WCYXFGABJNQQJ5WOUPX3WYPFVDMYMEY,12688,https://web.archive.org/web/20201030075935id_/http://forum.clash.y0.pl/viewtopic.php?t=29&start=10
http://forum.clash.y0.pl/viewtopic.php?start=10&t=3,http://forum.clash.y0.pl/viewtopic.php?t=3&sid=76cbc0bf46a9b004d2dbbc61b46a0ffc&start=10,20240422134732,20240422134732,1,text/html,4XNVDZTMQKOSTTIYMGAENL3INDFIFXQW,14590,https://web.archive.org/web/20240422134732id_/http://forum.clash.y0.pl/viewtopic.php?t=3&sid=76cbc0bf46a9b004d2dbbc61b46a0ffc&start=10
http://forum.clash.y0.pl/viewtopic.php?start=10&t=36,http://forum.clash.y0.pl/viewtopic.php?t=36&sid=76cbc0bf46a9b004d2dbbc61b46a0ffc&start=10,20240422123731,20240422123731,1,text/html,LF6WOSORSFHHUPZS33MZB3WDFAUDXYBZ,10953,https://web.archive.org/web/20240422123731id_/http://forum.clash.y0.pl/viewtopic.php?t=36&sid=76cbc0bf46a9b004d2dbbc61b46a0ffc&start=10
http://forum.clash.y0.pl/viewtopic.php?start=10&t=7,http://forum.clash.y0.pl/viewtopic.php?t=7&start=10,20210514160803,20210514160803,1,text/html,SCVGY4KCHJCSXHHPPSTX7JPQ57DHXQEK,11648,https://web.archive.org/web/20210514160803id_/http://forum.clash.y0.pl/viewtopic.php?t=7&start=10
http://forum.clash.y0.pl/viewtopic.php?start=10&t=748,http://forum.clash.y0.pl/viewtopic.php?t=748&sid=76cbc0bf46a9b004d2dbbc61b46a0ffc&start=10,20240422130630,20240422130630,1,text/html,PC4E4LTM57ZM4A75YYHIHD7B5FJGOESV,11542,https://web.archive.org/web/20240422130630id_/http://forum.clash.y0.pl/viewtopic.php?t=748&sid=76cbc0bf46a9b004d2dbbc61b46a0ffc&start=10
http://forum.clash.y0.pl/viewtopic.php?start=10&t=749,http://forum.clash.y0.pl/viewtopic.php?t=749&sid=76cbc0bf46a9b004d2dbbc61b46a0ffc&start=10,20240422122901,20240422122901,1,text/html,P5VYD4HGZ727ELMA36C5KNJFWJRG73RD,11862,https://web.archive.org/web/20240422122901id_/http://forum.clash.y0.pl/viewtopic.php?t=749&sid=76cbc0bf46a9b004d2dbbc61b46a0ffc&start=10
http://forum.clash.y0.pl/viewtopic.php?start=10&t=753,http://forum.clash.y0.pl/viewtopic.php?t=753&sid=126c9991e96ea479a6b2185133120d61&start=10,20240624061239,20240624061239,1,text/html,7UTNBBIRX7LYYL3O4SNQBSO6ATBN2CQK,22292,https://web.archive.org/web/20240624061239id_/http://forum.clash.y0.pl/viewtopic.php?t=753&sid=126c9991e96ea479a6b2185133120d61&start=10
http://forum.clash.y0.pl/viewtopic.php?start=10&t=762,http://forum.clash.y0.pl/viewtopic.php?t=762&sid=76cbc0bf46a9b004d2dbbc61b46a0ffc&start=10,20240422133948,20240521033517,2,text/html,YYJDEJVCSWAP6KQUQ7JCB5QWFNVFU5CV,6624,https://web.archive.org/web/20240422133948id_/http://forum.clash.y0.pl/viewtopic.php?t=762&sid=76cbc0bf46a9b004d2dbbc61b46a0ffc&start=10
http://forum.clash.y0.pl/viewtopic.php?start=10&t=762&view=print,http://forum.clash.y0.pl/viewtopic.php?t=762&start=10&sid=500e00cb5d19104148e07f5f33cc23f8&view=print,20240521040347,20240521040347,1,text/html,XQDIWY4GJ5GSLJMUMQF5HVW7IKOAX27J,2634,https://web.archive.org/web/20240521040347id_/http://forum.clash.y0.pl/viewtopic.php?t=762&start=10&sid=500e00cb5d19104148e07f5f33cc23f8&view=print
http://forum.clash.y0.pl/viewtopic.php?start=20&t=10,http://forum.clash.y0.pl/viewtopic.php?t=10&start=20,20240716163919,20240908162151,2,text/html,4VN6FPH4OU236ZFSQTAROTNUCYQPIVH5,12452,https://web.archive.org/web/20240716163919id_/http://forum.clash.y0.pl/viewtopic.php?t=10&start=20
http://forum.clash.y0.pl/viewtopic.php?start=20&t=10&view=print,http://forum.clash.y0.pl/viewtopic.php?t=10&start=20&sid=d3f4d1684b52a51534d529d3d8a923c2&view=print,20240908162611,20240908162611,1,text/html,YLE57C65OX26M6XQNI5J6AGUCG4JSTCN,7082,https://web.archive.org/web/20240908162611id_/http://forum.clash.y0.pl/viewtopic.php?t=10&start=20&sid=d3f4d1684b52a51534d529d3d8a923c2&view=print
http://forum.clash.y0.pl/viewtopic.php?start=20&t=111,http://forum.clash.y0.pl/viewtopic.php?t=111&sid=76cbc0bf46a9b004d2dbbc61b46a0ffc&start=20,20240422122405,20240422122405,1,text/html,SDNZMY4ENYZ73TOOI6SXCG67JDS55UD7,13192,https://web.archive.org/web/20240422122405id_/http://forum.clash.y0.pl/viewtopic.php?t=111&sid=76cbc0bf46a9b004d2dbbc61b46a0ffc&start=20
http://forum.clash.y0.pl/viewtopic.php?start=20&t=19,http://forum.clash.y0.pl/viewtopic.php?t=19&start=20,20191212001906,20191212001906,1,text/html,GUVAQTHVKPLYRLO5HCJRUUXEGLCMTVVR,11511,https://web.archive.org/web/20191212001906id_/http://forum.clash.y0.pl/viewtopic.php?t=19&start=20
http://forum.clash.y0.pl/viewtopic.php?start=20&t=23,http://forum.clash.y0.pl/viewtopic.php?t=23&start=20,20210514170651,20240527184846,2,text/html,OEE3S5TZF22D7FL776Z5RJ3FFRHKQAQN,10267,https://web.archive.org/web/20210514170651id_/http://forum.clash.y0.pl/viewtopic.php?t=23&start=20
http://forum.clash.y0.pl/viewtopic.php?start=20&t=23&view=print,http://forum.clash.y0.pl/viewtopic.php?t=23&start=20&sid=caf9c22cd24168fe8f4a5808c07dd88f&view=print,20240527191156,20240527191156,1,text/html,T3S5CR6GJOLEFBZKDP2GWKFRJ7HRRECF,4373,https://web.archive.org/web/20240527191156id_/http://forum.clash.y0.pl/viewtopic.php?t=23&start=20&sid=caf9c22cd24168fe8f4a5808c07dd88f&view=print
http://forum.clash.y0.pl/viewtopic.php?start=20&t=3,http://forum.clash.y0.pl/viewtopic.php?t=3&sid=76cbc0bf46a9b004d2dbbc61b46a0ffc&start=20,20240422122447,20240422122447,1,text/html,FFVRPPY6KG5KCN5RQTOG3BAA2RQZRV5D,27852,https://web.archive.org/web/20240422122447id_/http://forum.clash.y0.pl/viewtopic.php?t=3&sid=76cbc0bf46a9b004d2dbbc61b46a0ffc&start=20
http://forum.clash.y0.pl/viewtopic.php?start=20&t=36,http://forum.clash.y0.pl/viewtopic.php?t=36&sid=76cbc0bf46a9b004d2dbbc61b46a0ffc&start=20,20240422133532,20240521045144,2,text/html,7PRITKOKTRTPXT7W5YJXPGURWFHSTDWA,11677,https://web.archive.org/web/20240422133532id_/http://forum.clash.y0.pl/viewtopic.php?t=36&sid=76cbc0bf46a9b004d2dbbc61b46a0ffc&start=20
http://forum.clash.y0.pl/viewtopic.php?start=20&t=36&view=print,http://forum.clash.y0.pl/viewtopic.php?t=36&start=20&sid=761a5e1b050f16e72b599d40fac2af02&view=print,20240521032144,20240521032144,1,text/html,VF2TZBAWSNTLW4T75X7HP4EQ3SYKUDC3,6268,https://web.archive.org/web/20240521032144id_/http://forum.clash.y0.pl/viewtopic.php?t=36&start=20&sid=761a5e1b050f16e72b599d40fac2af02&view=print
http://forum.clash.y0.pl/viewtopic.php?start=20&t=7,http://forum.clash.y0.pl/viewtopic.php?t=7&sid=76cbc0bf46a9b004d2dbbc61b46a0ffc&start=20,20240422124311,20240422124311,1,text/html,DOAIMTPKIPPQBCTGTT4W54S4Q2JNNCG5,11392,https://web.archive.org/web/20240422124311id_/http://forum.clash.y0.pl/viewtopic.php?t=7&sid=76cbc0bf46a9b004d2dbbc61b46a0ffc&start=20
http://forum.clash.y0.pl/viewtopic.php?start=20&t=748,http://forum.clash.y0.pl/viewtopic.php?t=748&sid=76cbc0bf46a9b004d2dbbc61b46a0ffc&start=20,20240422125341,20240422125341,1,text/html,FVQJHNPTX4TIZTVVA76PBJG2KKWESFBX,10866,https://web.archive.org/web/20240422125341id_/http://forum.clash.y0.pl/viewtopic.php?t=748&sid=76cbc0bf46a9b004d2dbbc61b46a0ffc&start=20
http://forum.clash.y0.pl/viewtopic.php?start=20&t=749,http://forum.clash.y0.pl/viewtopic.php?t=749&sid=76cbc0bf46a9b004d2dbbc61b46a0ffc&start=20,20240422121600,20240422121600,1,text/html,6XEJG4KIPOALTKA2H33LTU73XRB6UW3U,10349,https://web.archive.org/web/20240422121600id_/http://forum.clash.y0.pl/viewtopic.php?t=749&sid=76cbc0bf46a9b004d2dbbc61b46a0ffc&start=20
http://forum.clash.y0.pl/viewtopic.php?start=20&t=753,http://forum.clash.y0.pl/viewtopic.php?t=753&start=20,20200930092927,20200930092927,1,text/html,75ULNHZNN26TPMRMG3IKZFETPUYGEJYX,36614,https://web.archive.org/web/20200930092927id_/http://forum.clash.y0.pl/viewtopic.php?t=753&start=20
http://forum.clash.y0.pl/viewtopic.php?start=30&t=111,http://forum.clash.y0.pl/viewtopic.php?t=111&sid=76cbc0bf46a9b004d2dbbc61b46a0ffc&start=30,20240422121207,20240527181604,2,text/html,HFMDW2EN7ZPI2ZLJL4PFDA6T6XK6G7VC,10541,https://web.archive.org/web/20240422121207id_/http://forum.clash.y0.pl/viewtopic.php?t=111&sid=76cbc0bf46a9b004d2dbbc61b46a0ffc&start=30
http://forum.clash.y0.pl/viewtopic.php?start=30&t=111&view=print,http://forum.clash.y0.pl/viewtopic.php?t=111&start=30&sid=799407f88ae273e9b7bab554894ee2c1&view=print,20240527184701,20240527184701,1,text/html,WZXP2FTWBVZSAL27YFTRDPNHSHYWR5UU,4737,https://web.archive.org/web/20240527184701id_/http://forum.clash.y0.pl/viewtopic.php?t=111&start=30&sid=799407f88ae273e9b7bab554894ee2c1&view=print
http://forum.clash.y0.pl/viewtopic.php?start=30&t=19,http://forum.clash.y0.pl/viewtopic.php?t=19&sid=76cbc0bf46a9b004d2dbbc61b46a0ffc&start=30,20240422133743,20240422133743,1,text/html,67TVMZNVJLC6WRUZRU43OOHKCINI6N4E,9792,https://web.archive.org/web/20240422133743id_/http://forum.clash.y0.pl/viewtopic.php?t=19&sid=76cbc0bf46a9b004d2dbbc61b46a0ffc&start=30
http://forum.clash.y0.pl/viewtopic.php?start=30&t=23,http://forum.clash.y0.pl/viewtopic.php?t=23&sid=76cbc0bf46a9b004d2dbbc61b46a0ffc&start=30,20240422124820,20240422124820,1,text/html,BFTCMTXBSSO2YPRGNQAKHGR3FNIEW6UL,9413,https://web.archive.org/web/20240422124820id_/http://forum.clash.y0.pl/viewtopic.php?t=23&sid=76cbc0bf46a9b004d2dbbc61b46a0ffc&start=30
http://forum.clash.y0.pl/viewtopic.php?start=30&t=29,http://forum.clash.y0.pl/viewtopic.php?t=29&start=30,20200930092009,20200930092009,1,text/html,PDVIJ7GE66TRO26TJ7BXM3HZG5JT6MHD,8627,https://web.archive.org/web/20200930092009id_/http://forum.clash.y0.pl/viewtopic.php?t=29&start=30
http://forum.clash.y0.pl/viewtopic.php?start=30&t=3,http://forum.clash.y0.pl/viewtopic.php?t=3&sid=76cbc0bf46a9b004d2dbbc61b46a0ffc&start=30,20240422132807,20240422132807,1,text/html,M73OWK6EXR26HHZCBB4GZPTTKCZQNAAF,9376,https://web.archive.org/web/20240422132807id_/http://forum.clash.y0.pl/viewtopic.php?t=3&sid=76cbc0bf46a9b004d2dbbc61b46a0ffc&start=30
http://forum.clash.y0.pl/viewtopic.php?start=30&t=7,http://forum.clash.y0.pl/viewtopic.php?t=7&sid=76cbc0bf46a9b004d2dbbc61b46a0ffc&start=30,20240422134545,20240422134545,1,text/html,7PXT6D3INO3MRJXXT5CSXUBUDGVV5IUW,10696,https://web.archive.org/web/20240422134545id_/http://forum.clash.y0.pl/viewtopic.php?t=7&sid=76cbc0bf46a9b004d2dbbc61b46a0ffc&start=30
http://forum.clash.y0.pl/viewtopic.php?start=30&t=748,http://forum.clash.y0.pl/viewtopic.php?t=748&sid=76cbc0bf46a9b004d2dbbc61b46a0ffc&start=30,20240422123906,20240615140803,2,text/html,ZAABHGAIRMG6N7YESE6LZRC64M7P7EJM,7078,https://web.archive.org/web/20240422123906id_/http://forum.clash.y0.pl/viewtopic.php?t=748&sid=76cbc0bf46a9b004d2dbbc61b46a0ffc&start=30
http://forum.clash.y0.pl/viewtopic.php?start=30&t=748&view=print,http://forum.clash.y0.pl/viewtopic.php?t=748&start=30&sid=2194288e81900e63b91b50be22b80a84&view=print,20240615144440,20240615144440,1,text/html,EQDC4PKS63MVVZGNIMV3GH5MOBWFBROG,2319,https://web.archive.org/web/20240615144440id_/http://forum.clash.y0.pl/viewtopic.php?t=748&start=30&sid=2194288e81900e63b91b50be22b80a84&view=print
http://forum.clash.y0.pl/viewtopic.php?start=30&t=753,http://forum.clash.y0.pl/viewtopic.php?t=753&sid=76cbc0bf46a9b004d2dbbc61b46a0ffc&start=30,20240422125304,20240422125304,1,text/html,GOXNFGFNL7UMO2ISSUMH2SLVU4PKHTPV,12876,https://web.archive.org/web/20240422125304id_/http://forum.clash.y0.pl/viewtopic.php?t=753&sid=76cbc0bf46a9b004d2dbbc61b46a0ffc&start=30
http://forum.clash.y0.pl/viewtopic.php?start=40&t=19,http://forum.clash.y0.pl/viewtopic.php?t=19&sid=76cbc0bf46a9b004d2dbbc61b46a0ffc&start=40,20240422121022,20240422121022,1,text/html,7XHR23GMZ7TXEOAUIFKCROIFY24NMXUE,7169,https://web.archive.org/web/20240422121022id_/http://forum.clash.y0.pl/viewtopic.php?t=19&sid=76cbc0bf46a9b004d2dbbc61b46a0ffc&start=40
http://forum.clash.y0.pl/viewtopic.php?start=40&t=23,http://forum.clash.y0.pl/viewtopic.php?t=23&start=40,20210514161258,20210514161258,1,text/html,ZNGY6GNOV6JPMZD73XJSUICTPAHPI2LL,9176,https://web.archive.org/web/20210514161258id_/http://forum.clash.y0.pl/viewtopic.php?t=23&start=40
http://forum.clash.y0.pl/viewtopic.php?start=40&t=753,http://forum.clash.y0.pl/viewtopic.php?t=753&sid=76cbc0bf46a9b004d2dbbc61b46a0ffc&start=40,20240422123820,20240422123820,1,text/html,26WNW6ANSNDE62DN6UM2IH5PWKQCD4VW,14536,https://web.archive.org/web/20240422123820id_/http://forum.clash.y0.pl/viewtopic.php?t=753&sid=76cbc0bf46a9b004d2dbbc61b46a0ffc&start=40
http://forum.clash.y0.pl/viewtopic.php?start=50&t=753,http://forum.clash.y0.pl/viewtopic.php?t=753&sid=76cbc0bf46a9b004d2dbbc61b46a0ffc&start=50,20240422122612,20240519164805,2,text/html,AQCPJQI7YSZV7PMISXU3U5SPMXSX3KPG,18096,https://web.archive.org/web/20240422122612id_/http://forum.clash.y0.pl/viewtopic.php?t=753&sid=76cbc0bf46a9b004d2dbbc61b46a0ffc&start=50
http://forum.clash.y0.pl/viewtopic.php?start=50&t=753&view=print,http://forum.clash.y0.pl/viewtopic.php?t=753&start=50&sid=e023a287118c5eda9d4366727597a8af&view=print,20240519172310,20240519172310,1,text/html,P44EOCQD7I5RJFPARPCULCG4N5HMYJZM,11377,https://web.archive.org/web/20240519172310id_/http://forum.clash.y0.pl/viewtopic.php?t=753&start=50&sid=e023a287118c5eda9d4366727597a8af&view=print
http://forum.clash.y0.pl/viewtopic.php?start=60&t=753,http://forum.clash.y0.pl/viewtopic.php?t=753&sid=76cbc0bf46a9b004d2dbbc61b46a0ffc&start=60,20240422121255,20240622232934,2,text/html,DHR6BUGKSDF3W4G64VIOP4QERAXATIZB,11433,https://web.archive.org/web/20240422121255id_/http://forum.clash.y0.pl/viewtopic.php?t=753&sid=76cbc0bf46a9b004d2dbbc61b46a0ffc&start=60
http://forum.clash.y0.pl/viewtopic.php?start=60&t=753&view=print,http://forum.clash.y0.pl/viewtopic.php?t=753&start=60&sid=a2d00e3d56cad43a44dc4e161f61b132&view=print,20240622213448,20240622213448,1,text/html,VRJRNK2BN5H4B6GQCLAQY2EBOSUCB235,5390,https://web.archive.org/web/20240622213448id_/http://forum.clash.y0.pl/viewtopic.php?t=753&start=60&sid=a2d00e3d56cad43a44dc4e161f61b132&view=print
http://forum.clash.y0.pl/viewtopic.php?start=70&t=8,http://forum.clash.y0.pl/viewtopic.php?t=8&start=70,20191212013816,20191212013816,1,text/html,6B4B74ZELDL3A2HD3ENZ3FLSRVJJIFBW,22244,https://web.archive.org/web/20191212013816id_/http://forum.clash.y0.pl/viewtopic.php?t=8&start=70
http://forum.clash.y0.pl/viewtopic.php?start=80&t=9,http://forum.clash.y0.pl/viewtopic.php?t=9&start=80,20201030080608,20201030080608,1,text/html,PJ3PSB2V4TW3PABUDMUTDR3VK5OTCPZ6,11864,https://web.archive.org/web/20201030080608id_/http://forum.clash.y0.pl/viewtopic.php?t=9&start=80
http://forum.clash.y0.pl/viewtopic.php?start=90&t=9,http://forum.clash.y0.pl/viewtopic.php?t=9&start=90,20200930101519,20200930101519,1,text/html,MLYDWJ2NTWQWGSVKJMJOI5AFOJ2FJQTC,10151,https://web.archive.org/web/20200930101519id_/http://forum.clash.y0.pl/viewtopic.php?t=9&start=90
http://forum.clash.y0.pl/viewtopic.php?t=10,http://forum.clash.y0.pl/viewtopic.php?t=10&sid=85f13b86c50af75cb93e0fcafcee35da,20240908160144,20241014111143,2,text/html,64N7DWPVKBRPN4EG7L7LM2DN2Z7ORJVR,12137,https://web.archive.org/web/20240908160144id_/http://forum.clash.y0.pl/viewtopic.php?t=10&sid=85f13b86c50af75cb93e0fcafcee35da
http://forum.clash.y0.pl/viewtopic.php?t=111,http://forum.clash.y0.pl/viewtopic.php?t=111&sid=76cbc0bf46a9b004d2dbbc61b46a0ffc,20240422132209,20240624063641,2,text/html,GYBP6ZPIJNZ3R3MBSKVIZ5E3ARYBZJWL,13248,https://web.archive.org/web/20240422132209id_/http://forum.clash.y0.pl/viewtopic.php?t=111&sid=76cbc0bf46a9b004d2dbbc61b46a0ffc
http://forum.clash.y0.pl/viewtopic.php?t=111&view=print,http://forum.clash.y0.pl/viewtopic.php?t=111&sid=c20b76a3e3e2da6fb08623b37092bcad&view=print,20240624063903,20240624063903,1,text/html,JJKDXEU4POWRWVSQLA5SZEBUCIZOQLTN,7203,https://web.archive.org/web/20240624063903id_/http://forum.clash.y0.pl/viewtopic.php?t=111&sid=c20b76a3e3e2da6fb08623b37092bcad&view=print
http://forum.clash.y0.pl/viewtopic.php?t=114,http://forum.clash.y0.pl/viewtopic.php?t=114&sid=76cbc0bf46a9b004d2dbbc61b46a0ffc,20240422140322,20241014120619,2,text/html,QZK3EXD32NJWJ3GC2LQGF43IOWYG2A6L,6984,https://web.archive.org/web/20240422140322id_/http://forum.clash.y0.pl/viewtopic.php?t=114&sid=76cbc0bf46a9b004d2dbbc61b46a0ffc
http://forum.clash.y0.pl/viewtopic.php?t=117,http://forum.clash.y0.pl/viewtopic.php?t=117&sid=6c65241fb6541e4eaee3a8c44883cd84,20240303084044,20240303102608,2,text/html,X7RD36YUGUBZVWMA4KWYIIZBKDSRH2R3,7426,https://web.archive.org/web/20240303084044id_/http://forum.clash.y0.pl/viewtopic.php?t=117&sid=6c65241fb6541e4eaee3a8c44883cd84
http://forum.clash.y0.pl/viewtopic.php?t=117&view=print,http://forum.clash.y0.pl/viewtopic.php?t=117&sid=6c65241fb6541e4eaee3a8c44883cd84&view=print,20240303090908,20240303090908,1,text/html,GPU5WKZQBU66TKAIZ3HVBBXEWYFTT4YK,3109,https://web.archive.org/web/20240303090908id_/http://forum.clash.y0.pl/viewtopic.php?t=117&sid=6c65241fb6541e4eaee3a8c44883cd84&view=print
http://forum.clash.y0.pl/viewtopic.php?t=18,http://forum.clash.y0.pl/viewtopic.php?t=18&sid=76cbc0bf46a9b004d2dbbc61b46a0ffc,20240422113925,20241014113150,2,text/html,2EPBLFI7Z54RQ37NSWIQTAL6O3D67Z2P,10116,https://web.archive.org/web/20240422113925id_/http://forum.clash.y0.pl/viewtopic.php?t=18&sid=76cbc0bf46a9b004d2dbbc61b46a0ffc
http://forum.clash.y0.pl/viewtopic.php?t=19,http://forum.clash.y0.pl/viewtopic.php?t=19&sid=76cbc0bf46a9b004d2dbbc61b46a0ffc,20240422135243,20240620084754,2,text/html,ERBOFM53JZBZPETGAJ2NEJP6BWKSDU7E,10482,https://web.archive.org/web/20240422135243id_/http://forum.clash.y0.pl/viewtopic.php?t=19&sid=76cbc0bf46a9b004d2dbbc61b46a0ffc
http://forum.clash.y0.pl/viewtopic.php?t=20,http://forum.clash.y0.pl/viewtopic.php?t=20&sid=76cbc0bf46a9b004d2dbbc61b46a0ffc,20240422134806,20241014111503,2,text/html,46UUNZX3RN6OTNI5PYLMZMCVPFKP3PBM,6904,https://web.archive.org/web/20240422134806id_/http://forum.clash.y0.pl/viewtopic.php?t=20&sid=76cbc0bf46a9b004d2dbbc61b46a0ffc
http://forum.clash.y0.pl/viewtopic.php?t=23,http://forum.clash.y0.pl/viewtopic.php?t=23&sid=76cbc0bf46a9b004d2dbbc61b46a0ffc,20240422130358,20240422130358,1,text/html,BGQDZ4KJVAL6KFJFPUFTIZ7CFZRLIL4N,10136,https://web.archive.org/web/20240422130358id_/http://forum.clash.y0.pl/viewtopic.php?t=23&sid=76cbc0bf46a9b004d2dbbc61b46a0ffc
http://forum.clash.y0.pl/viewtopic.php?t=24,http://forum.clash.y0.pl/viewtopic.php?t=24&sid=76cbc0bf46a9b004d2dbbc61b46a0ffc,20240422125010,20241014123934,2,text/html,37VI65TBUF2XGHWSSMOBBJWOIKT4ZHMJ,7502,https://web.archive.org/web/20240422125010id_/http://forum.clash.y0.pl/viewtopic.php?t=24&sid=76cbc0bf46a9b004d2dbbc61b46a0ffc
http://forum.clash.y0.pl/viewtopic.php?t=29,http://forum.clash.y0.pl/viewtopic.php?t=29,20191212003444,20240615140300,2,text/html,6ZUDC3V6EWQVD2RJDCECC4IAPZQLGNIL,12352,https://web.archive.org/web/20191212003444id_/http://forum.clash.y0.pl/viewtopic.php?t=29
http://forum.clash.y0.pl/viewtopic.php?t=3,http://forum.clash.y0.pl/viewtopic.php?t=3&sid=76cbc0bf46a9b004d2dbbc61b46a0ffc,20240422134154,20240422134154,1,text/html,BZE6RKUAMHAZUDYBBZHONFDQWIFKAHHQ,15949,https://web.archive.org/web/20240422134154id_/http://forum.clash.y0.pl/viewtopic.php?t=3&sid=76cbc0bf46a9b004d2dbbc61b46a0ffc
http://forum.clash.y0.pl/viewtopic.php?t=34,http://forum.clash.y0.pl/viewtopic.php?t=34&sid=a94a6aeaa21ccf81e5f3b00d779469d5,20240615125525,20240615125525,1,text/html,XBEACRNAKDKYTBGEJEHUBONQWYI72H7Z,14107,https://web.archive.org/web/20240615125525id_/http://forum.clash.y0.pl/viewtopic.php?t=34&sid=a94a6aeaa21ccf81e5f3b00d779469d5
http://forum.clash.y0.pl/viewtopic.php?t=35,http://forum.clash.y0.pl/viewtopic.php?t=35&sid=76cbc0bf46a9b004d2dbbc61b46a0ffc,20240422123403,20241014123037,2,text/html,I2LLYA2DR2TWOPG3AYUADPHJNADSALRH,7384,https://web.archive.org/web/20240422123403id_/http://forum.clash.y0.pl/viewtopic.php?t=35&sid=76cbc0bf46a9b004d2dbbc61b46a0ffc
http://forum.clash.y0.pl/viewtopic.php?t=36,http://forum.clash.y0.pl/viewtopic.php?t=36&sid=76cbc0bf46a9b004d2dbbc61b46a0ffc,20240422122028,20240422122028,1,text/html,AXLG76LVUKKWCNVB4AL4ASLLZAOHFVDK,12398,https://web.archive.org/web/20240422122028id_/http://forum.clash.y0.pl/viewtopic.php?t=36&sid=76cbc0bf46a9b004d2dbbc61b46a0ffc
http://forum.clash.y0.pl/viewtopic.php?t=36&view=print,http://forum.clash.y0.pl/viewtopic.php?t=36&sid=4c8ca3d75f376556719aa936bf07d9e5&view=print,20240614062452,20240614062452,1,text/html,3LGU5QRXG4ATA2DPYW2ACEA5YN3J5NXR,6266,https://web.archive.org/web/20240614062452id_/http://forum.clash.y0.pl/viewtopic.php?t=36&sid=4c8ca3d75f376556719aa936bf07d9e5&view=print
http://forum.clash.y0.pl/viewtopic.php?t=5,http://forum.clash.y0.pl/viewtopic.php?t=5&sid=58e13061ee0c15c58aa0955630b877d7,20240612144647,20240612144647,1,text/html,NN5TDQMS2BO2VSUVPFZIG5DCORXMWA37,12958,https://web.archive.org/web/20240612144647id_/http://forum.clash.y0.pl/viewtopic.php?t=5&sid=58e13061ee0c15c58aa0955630b877d7
http://forum.clash.y0.pl/viewtopic.php?t=7,http://forum.clash.y0.pl/viewtopic.php?t=7&sid=76cbc0bf46a9b004d2dbbc61b46a0ffc,20240422135853,20240422135853,1,text/html,2F5CXHKKU2QEXMR7YM7QZQBWHMMRLX56,9647,https://web.archive.org/web/20240422135853id_/http://forum.clash.y0.pl/viewtopic.php?t=7&sid=76cbc0bf46a9b004d2dbbc61b46a0ffc
http://forum.clash.y0.pl/viewtopic.php?t=748,http://forum.clash.y0.pl/viewtopic.php?t=748&sid=76cbc0bf46a9b004d2dbbc61b46a0ffc,20240422135022,20240623143422,2,text/html,HQQJHFSYGYQHFVDNCKPA7S4MR2QSRMTK,13417,https://web.archive.org/web/20240422135022id_/http://forum.clash.y0.pl/viewtopic.php?t=748&sid=76cbc0bf46a9b004d2dbbc61b46a0ffc
http://forum.clash.y0.pl/viewtopic.php?t=749,http://forum.clash.y0.pl/viewtopic.php?t=749&sid=76cbc0bf46a9b004d2dbbc61b46a0ffc,20240422131638,20240422131638,1,text/html,IPQ5G7CBCY2O3B5LAO4O2L2IIRU24QKK,12310,https://web.archive.org/web/20240422131638id_/http://forum.clash.y0.pl/viewtopic.php?t=749&sid=76cbc0bf46a9b004d2dbbc61b46a0ffc
http://forum.clash.y0.pl/viewtopic.php?t=749&view=print,http://forum.clash.y0.pl/viewtopic.php?t=749&sid=d02d4cf7b1ff50dd75555b1edc556ce9&view=print,20240614055851,20240614055851,1,text/html,HKJXONFGYIUHML6EINXQLANAIHKUOXZL,6302,https://web.archive.org/web/20240614055851id_/http://forum.clash.y0.pl/viewtopic.php?t=749&sid=d02d4cf7b1ff50dd75555b1edc556ce9&view=print
http://forum.clash.y0.pl/viewtopic.php?t=753,http://forum.clash.y0.pl/viewtopic.php?t=753&sid=76cbc0bf46a9b004d2dbbc61b46a0ffc,20240422140227,20240422140227,1,text/html,YGW4LWPXMXFISNMNZE5USXO6B2TRUDGQ,16927,https://web.archive.org/web/20240422140227id_/http://forum.clash.y0.pl/viewtopic.php?t=753&sid=76cbc0bf46a9b004d2dbbc61b46a0ffc
http://forum.clash.y0.pl/viewtopic.php?t=753&view=print,http://forum.clash.y0.pl/viewtopic.php?t=753&sid=126c9991e96ea479a6b2185133120d61&view=print,20240624072101,20240624072101,1,text/html,SW2JL2QLUEXTGHDQ4O6EZ7TGM2AEUC3K,10368,https://web.archive.org/web/20240624072101id_/http://forum.clash.y0.pl/viewtopic.php?t=753&sid=126c9991e96ea479a6b2185133120d61&view=print
http://forum.clash.y0.pl/viewtopic.php?t=758,http://forum.clash.y0.pl/viewtopic.php?t=758&sid=bda0433e02a40db3eddf5d2572ced247,20240615132625,20240615132625,1,text/html,Q2GJUULS2HIPSG53HOJKIT4NDHA3AXHA,7435,https://web.archive.org/web/20240615132625id_/http://forum.clash.y0.pl/viewtopic.php?t=758&sid=bda0433e02a40db3eddf5d2572ced247
http://forum.clash.y0.pl/viewtopic.php?t=759,http://forum.clash.y0.pl/viewtopic.php?t=759&sid=bda0433e02a40db3eddf5d2572ced247,20240615150732,20240615150732,1,text/html,722B27BTNHY56MKZNSNZGYX44GBYKUMW,7730,https://web.archive.org/web/20240615150732id_/http://forum.clash.y0.pl/viewtopic.php?t=759&sid=bda0433e02a40db3eddf5d2572ced247
http://forum.clash.y0.pl/viewtopic.php?t=762,http://forum.clash.y0.pl/viewtopic.php?t=762&sid=76cbc0bf46a9b004d2dbbc61b46a0ffc,20240422120209,20240422120209,1,text/html,YXXBYPEA76Z2MAIM7ILQ5NRPGQV2C4YH,14139,https://web.archive.org/web/20240422120209id_/http://forum.clash.y0.pl/viewtopic.php?t=762&sid=76cbc0bf46a9b004d2dbbc61b46a0ffc
http://forum.clash.y0.pl/viewtopic.php?t=762&view=print,http://forum.clash.y0.pl/viewtopic.php?t=762&sid=afea8e0f1c381e3aebf4d5bdb3c25994&view=print,20240618151629,20240618151629,1,text/html,XFXMGENQKHJQ6PHASGANVZ37QGWJTCBB,8246,https://web.archive.org/web/20240618151629id_/http://forum.clash.y0.pl/viewtopic.php?t=762&sid=afea8e0f1c381e3aebf4d5bdb3c25994&view=print
http://forum.clash.y0.pl/viewtopic.php?t=763,http://forum.clash.y0.pl/viewtopic.php?t=763&sid=39ae0a1a4e951dbe6ce35af3df5145b3,20240615142542,20240615142542,1,text/html,3WR333E75RNZ6DIK7YKCPGLS5HLGNOJS,7158,https://web.archive.org/web/20240615142542id_/http://forum.clash.y0.pl/viewtopic.php?t=763&sid=39ae0a1a4e951dbe6ce35af3df5145b3
http://forum.clash.y0.pl/viewtopic.php?t=764,http://forum.clash.y0.pl/viewtopic.php?t=764&sid=76cbc0bf46a9b004d2dbbc61b46a0ffc,20240422131419,20240521034953,2,text/html,D3Z2R4I4X676DIPCVFYFAMQTIUYEL2TZ,9173,https://web.archive.org/web/20240422131419id_/http://forum.clash.y0.pl/viewtopic.php?t=764&sid=76cbc0bf46a9b004d2dbbc61b46a0ffc
http://forum.clash.y0.pl/viewtopic.php?t=764&view=print,http://forum.clash.y0.pl/viewtopic.php?t=764&sid=e69d19879901a14aa77f5c456987c177&view=print,20240521040652,20240521040652,1,text/html,P36KYUWKX36SHEPYL5VQFIW4ZA33U5MB,4064,https://web.archive.org/web/20240521040652id_/http://forum.clash.y0.pl/viewtopic.php?t=764&sid=e69d19879901a14aa77f5c456987c177&view=print
http://forum.clash.y0.pl/viewtopic.php?t=765,http://forum.clash.y0.pl/viewtopic.php?t=765&sid=fd009a5c3c323343290ddebeae00332d,20240612161434,20240612161434,1,text/html,HMVYD4LHP6YK7WW5Y5QRBYX2HOMKAN77,7866,https://web.archive.org/web/20240612161434id_/http://forum.clash.y0.pl/viewtopic.php?t=765&sid=fd009a5c3c323343290ddebeae00332d
http://forum.clash.y0.pl/viewtopic.php?t=767,http://forum.clash.y0.pl/viewtopic.php?t=767&sid=fd009a5c3c323343290ddebeae00332d,20240619003544,20240619003544,1,text/html,LP7M35X64JT375FP6AEN6SGJJENVOB7P,17121,https://web.archive.org/web/20240619003544id_/http://forum.clash.y0.pl/viewtopic.php?t=767&sid=fd009a5c3c323343290ddebeae00332d
http://forum.clash.y0.pl/viewtopic.php?t=769,http://forum.clash.y0.pl/viewtopic.php?t=769&sid=d3c7be464be003b5051e19613c15e813,20250708051330,20250708051330,1,text/html,QR4C5VOGCB4T64RGHTNQT4HRQ2GSZZBV,4344,https://web.archive.org/web/20250708051330id_/http://forum.clash.y0.pl/viewtopic.php?t=769&sid=d3c7be464be003b5051e19613c15e813
http://forum.clash.y0.pl/viewtopic.php?t=9,http://forum.clash.y0.pl/viewtopic.php?t=9&sid=a94a6aeaa21ccf81e5f3b00d779469d5,20240615143747,20240615143747,1,text/html,NBB72AROZTOCN2WT27CPXSRT5LVOIMUW,10958,https://web.archive.org/web/20240615143747id_/http://forum.clash.y0.pl/viewtopic.php?t=9&sid=a94a6aeaa21ccf81e5f3b00d779469d5
